PuzzleId,FEN,Moves,Rating,Themes
cIxQo,4r2k/1Q4pp/p3P3/5p2/P1B2b2/1P2pP2/3r2Rq/6RK w - - 0 37,g2h2 d2h2,613,master mate mateIn1 middlegame oneMove operaMate
410ih,r4rk1/2R3Rp/p3p3/q3Pn2/1p4Q1/8/PP3PPP/5K2 b - - 0 23,f5g7 g4g7,634,endgame mate mateIn1 oneMove
u5IDv,5rk1/ppq2p2/2pr1n1p/2b1pN2/4P3/1PP3QP/1P3PP1/R3R1K1 b - - 1 22,g8h7 g3g7,634,mate mateIn1 middlegame oneMove
9lpqz,2k5/1pp3R1/p5p1/2N3P1/1P3n2/r2p4/5K2/8 b - - 1 36,d3d2 g7g8,637,endgame master mate mateIn1 oneMove
wE67H,6k1/5p2/p3p3/3pP3/8/4q2r/5bP1/3Q1R1K w - - 0 36,g2h3 e3h3,640,endgame mate mateIn1 oneMove
BC30g,r2Q2k1/ppp3pp/2b1p2q/8/2P3PP/2N1n3/PP6/K2R1R2 b - - 2 23,a8d8 d1d8 c6e8 d8e8,647,kingsideAttack mate mateIn2 middlegame short
1Cc3N,r4rk1/1pq2ppp/p1n1b3/3pN3/P2Q2n1/2N5/1PP2PPP/R3RBK1 w - - 4 17,e5c6 c7h2,648,kingsideAttack mate mateIn1 middlegame oneMove
46rlA,5k2/p4pp1/1p1q3p/1Pn5/P1pb1P2/5QP1/2Pr3P/N3R2K b - - 2 31,d6d7 f3a8 d7c8 a8c8,654,mate mateIn2 middlegame short
wIsYY,1k4r1/p1p5/Pp1p1N2/1r5p/8/7P/5PP1/R5K1 b - - 1 28,g8f8 f6d7 b8c8 d7f8,655,advantage endgame fork short
pqu7C,6k1/p1p2pp1/8/4n2p/P3B1b1/2rP2P1/5P1P/1R4K1 b - - 2 23,e5d3 b1b8 g4c8 b8c8,657,endgame mate mateIn2 pillsburysMate short
cXlzb,r3k1r1/pp2bp1p/2p1pp2/1P6/P4qb1/3P1BP1/2P2P1P/R2Q1RK1 w q - 1 17,g3f4 g4f3,665,discoveredAttack discoveredCheck kingsideAttack mate mateIn1 middlegame oneMove pillsburysMate
EvzPi,4r1k1/pbp5/3b1B2/6p1/1P2P3/P1Q2P1q/2P4P/R3R2K w - - 0 26,e1g1 h3h2,667,mate mateIn1 middlegame oneMove
34gd6,r4rk1/pppqb1p1/2bp1n1p/5pN1/3Q3P/1P2P3/PBP1NPP1/2KR3R b - - 0 13,f6g4 d4g7,668,kingsideAttack mate mateIn1 middlegame oneMove
u3kRw,3r3k/4Q3/p6p/8/1p2P3/1B6/PPP2r2/1Kq5 w - - 0 42,b1c1 f2f1,671,endgame master mate mateIn1 oneMove
obKyC,2r1kb1r/2q2pp1/p1p1p1p1/3p2B1/3P2n1/2NQ3P/PPP1RP2/R5K1 w k - 0 17,h3g4 c7h2 g1f1 h2h1,672,kingsideAttack mate mateIn2 middlegame short
IOBU4,1R6/8/8/8/1P1K4/3PN1pk/1r6/2r5 b - - 3 61,c1b1 b8h8,675,anastasiaMate endgame mate mateIn1 oneMove
bhvfQ,8/7k/p5p1/6P1/1P4qP/P5R1/6K1/8 b - - 4 60,g4h4 g3h3 h4h3 g2h3,682,crushing endgame pin queenRookEndgame short
ajNbl,1k1r1b1r/pp2qQpp/2pN4/3bP3/BP1p4/8/P1P3PP/R4RK1 b - - 5 18,e7g5 f7b7,686,mate mateIn1 middlegame oneMove queensideAttack
Esgzs,r3k2r/ppq1b1p1/4p1p1/2npPp2/3B4/2P5/PPQN1PPP/4RRK1 w kq f6 0 18,e5f6 c7h2,688,kingsideAttack mate mateIn1 middlegame oneMove
Lu3rx,r1b2rk1/p2p2pp/2pQpp2/4P3/N7/5N1n/PPP3PP/R3R1qK w - - 8 18,f3g1 h3f2,693,mate mateIn1 middlegame oneMove smotheredMate
eh3NH,8/1N6/8/PKP5/4k3/5p2/8/4b3 w - - 0 54,a5a6 f3f2 b5c6 f2f1q,697,advancedPawn crushing endgame master promotion short
gceM8,5rk1/1p4pp/8/5r2/1PPP4/P3R3/3p2PP/3R2K1 w - - 1 37,e3e2 f5f1 d1f1 f8f1 g1f1 d2d1q,697,advancedPawn advantage attraction endgame long promotion rookEndgame
ezwac,5rk1/pQ4bp/4Nnp1/4n3/3q4/7P/P1R2PPK/8 b - - 0 28,d4b6 b7g7,698,mate mateIn1 middlegame oneMove
trKCE,r1b2r1k/p4pp1/2p1p3/1p1BP1N1/8/4P1P1/qPQ2P1P/2KR3R b - - 0 17,c6d5 c2h7,700,mate mateIn1 middlegame oneMove
vkebV,8/5Rpp/R2bB2k/5P2/7P/6PK/Pr4b1/8 w - - 1 37,h3g4 b2b4 e6c4 b4c4,703,endgame mate mateIn2 pillsburysMate short
woUY3,8/6pp/1n6/1BBnp3/p3k3/P5P1/5P1P/5K2 w - - 6 36,f1e2 d5c3 e2d2 c3b5,708,crushing endgame fork master short
jWYG0,r6k/2pR2pp/p3P2q/1p3p2/8/P5QP/1P4P1/7K b - - 0 34,h6e6 g3g7,711,endgame mate mateIn1 oneMove
5TQNN,r1b3k1/pp1pq1pQ/2p1p3/2PnPrN1/3Pp3/8/PP3PPP/3R1RK1 b - - 3 19,g8f8 h7h8,712,master mate mateIn1 middlegame oneMove
0Bv81,8/7p/5pk1/1pp3p1/8/7Q/1P3PPP/r2rN1K1 w - - 2 35,g2g4 d1e1 g1g2 e1g1,714,crushing endgame hangingPiece master short
oZ4o4,Q1bq4/4kppp/1p2p3/8/P7/4PN2/5PPP/2R3K1 w - - 2 23,c1c8 d8d1 f3e1 d1e1,715,endgame mate mateIn2 short
hStdG,8/1b1N1p2/6p1/4k2p/4P2P/5K2/6P1/8 b - - 1 42,e5e6 d7c5 e6f6 c5b7,716,crushing endgame fork short
cq8NX,3r1k1r/p3nppp/1p2b3/2pp2B1/N3B3/4P1P1/PP1R1P1P/R5K1 b - - 0 18,d5e4 d2d8,717,hangingPiece mate mateIn1 middlegame oneMove
lerfU,6k1/1Q3ppp/4b3/8/2r1pq2/P7/1PP3PP/1K1R4 b - - 1 24,c4c8 b7c8 e6c8 d1d8,717,backRankMate endgame mate mateIn2 sacrifice short
m3uK2,r5k1/ppp2rpp/3p4/1q6/4PB2/6P1/PPP1NbB1/RN1Q3K w - - 0 19,b1c3 b5h5 g2h3 h5h3,717,kingsideAttack mate mateIn2 middlegame short
0iDgX,4rrk1/p1p4R/2q2p2/1B1p2p1/2nP1P2/P1P1P1P1/2Q2P2/2K5 b - - 7 26,c6b5 c2g6,719,endgame mate mateIn1 oneMove
DVdoZ,8/ppp2k2/5p2/8/3P2p1/P1PN2n1/1P1B2Kp/8 w - - 0 32,g2h2 g3f1 h2g2 f1d2,720,advantage endgame fork master short
bMnCV,4b3/5k1p/4r1p1/3Qp3/8/1P4P1/P3PPKP/8 w - - 5 35,a2a4 e8c6 e2e4 c6d5,720,crushing endgame pin short
xoEPp,5q1k/4R1p1/pb2Q2p/1p6/2p2B2/6P1/PP3P1P/6K1 w - - 6 45,f4e5 f8f2 g1h1 f2f1,720,endgame mate mateIn2 short
ekR8l,4r2k/6pp/8/1P6/4q3/1Q6/5PPP/1R4K1 w - - 1 33,b5b6 e4e1 b1e1 e8e1,722,backRankMate endgame mate mateIn2 sacrifice short
WCfYK,3r2k1/p4ppp/5n2/P1p5/2P5/3R1QP1/5PKP/q7 b - - 1 22,d8d3 f3a8 d3d8 a8d8 f6e8 d8e8,723,endgame long mate mateIn3
C4J9j,2Q3k1/p3bppp/3pq3/3Nn3/4rB2/6PP/P4P1K/5R2 b - - 1 25,e6c8 d5e7 g8h8 e7c8,724,advantage fork hangingPiece master middlegame short
K7MJy,r5k1/p1q1pp1p/6p1/8/1Pp5/B1P1Qb2/P5rP/2R1R2K w - - 0 25,e3f3 c7h2,724,mate mateIn1 middlegame oneMove
P18sn,8/4q3/kpbp1p2/pNn1p1p1/P1P1P1Pp/2P2P1P/2B3K1/3Q4 b - - 1 40,e7e6 b5c7 a6b7 c7e6,724,crushing endgame fork short
k3FdL,bk6/6R1/BKp5/1p6/3r3p/P4P2/1Q1r2P1/8 b - - 10 36,d2b2 g7g8 d4d8 g8d8,724,endgame mate mateIn2 short
w4Kcs,5k2/5P2/8/p2K3B/1p6/2p5/1PP5/8 w - - 0 46,b2b3 a5a4 b3a4 b4b3 c2b3 c3c2 h5g6 c2c1q,724,advancedPawn bishopEndgame crushing endgame promotion sacrifice veryLong
mbrRy,3r3k/p5pp/5p2/3P2n1/8/2Q3P1/P4P1P/6K1 w - - 1 36,c3d2 g5f3 g1f1 f3d2,725,crushing endgame fork master short
lzuh4,1r3r1k/p3N2p/5pp1/q7/2b5/1B6/PQ3PPP/3RR1K1 w - - 6 23,d1d7 a5e1,726,hangingPiece master mate mateIn1 middlegame oneMove
aPtao,4r3/p5pp/k4p2/2p5/3pN3/1P1K1BP1/5P1P/8 b - - 0 32,a6b5 e4d6 b5b4 d6e8,727,crushing endgame fork short
oyXQx,8/5pk1/4p1p1/4P3/1ppQpP2/r1P3K1/6P1/8 w - - 0 39,d4c4 a3c3 c4c3 b4c3,727,crushing endgame fork queenRookEndgame short
zYrGM,8/p2k2p1/1p2p3/2R1Pn2/4KPP1/P7/P7/8 b - - 0 35,b6c5 g4f5 e6f5 e4f5,727,crushing endgame master masterVsMaster short
UHjW9,4rrk1/ppp2pp1/3n1q1p/3pR3/3P4/2PQ1N1b/PPB2PP1/R5K1 b - - 1 20,h3g4 d3h7,728,mate mateIn1 middlegame oneMove
vJmGA,8/8/6K1/p7/8/1Q6/1q4P1/1k6 w - - 4 60,b3d3 b2c2 d3c2 b1c2 g2g4 a5a4 g6f7 a4a3 g4g5 a3a2 g5g6 a2a1q,728,advancedPawn crushing defensiveMove endgame promotion queenEndgame quietMove veryLong
0TwIx,2r3k1/6pp/p3R3/8/2pB1P2/6P1/P2n3P/6K1 w - - 1 30,e6e7 d2f3 g1f1 f3d4,729,crushing endgame fork short
LTMPw,2rq1rk1/1b2nppp/p7/2Rp4/8/1PQ1P3/PB2BPPP/5RK1 b - - 2 18,c8c5 c3g7,730,kingsideAttack mate mateIn1 middlegame oneMove
RyiLL,1r4k1/2qR1ppp/p4b2/4p3/Q3P3/4BP2/Pr4PP/3R2K1 b - - 3 25,c7c3 d7d8 b8d8 d1d8 f6d8 a4e8,735,kingsideAttack long mate mateIn3 middlegame sacrifice
c8pOa,r2qkbnr/ppp2ppp/3p4/3Nn3/2BPPQ2/6P1/PPP4P/R1B2RK1 b kq - 0 11,e5c4 f4f7,735,attackingF2F7 mate mateIn1 oneMove opening
8JnT5,8/8/6R1/8/2k1p2P/4Bb2/1r3K2/8 w - - 3 52,f2g3 b2g2 g3f4 g2g6,736,crushing endgame short skewer
PIf9b,5n2/8/2b1pk2/2Np3p/3P1KpP/4B3/5PP1/8 w - - 2 42,g2g3 f8g6,738,endgame mate mateIn1 oneMove
kKNWh,r4b1r/p3q1pk/4p2p/1pp1P3/3nNn2/N1PP4/PP3QPP/R4RK1 w - - 0 18,f2f4 d4e2 g1h1 e2f4,738,advantage fork middlegame short
ODVDu,Q7/5ppk/p6p/8/1q6/4P3/3r1PPP/3R2K1 w - - 2 31,d1d2 b4b1 d2d1 b1d1,739,backRankMate endgame mate mateIn2 short
CUzmC,2r3k1/p4p2/b1P2p1p/N3nP2/3N2P1/P6P/5K2/R7 w - - 3 33,a1c1 e5d3 f2g3 d3c1,740,advantage endgame fork short
GsK2x,8/8/8/2p2P2/1p4PR/1PkP4/2P2r1P/2K5 w - - 7 49,g4g5 f2f1,740,endgame mate mateIn1 oneMove rookEndgame
oA5sr,2kr3r/ppp2ppp/3b1n2/4q3/1P6/P3NB1P/2P1QPP1/R4RK1 w - - 3 17,e3c4 e5h2,740,mate mateIn1 middlegame oneMove
xmMY6,q1r2rk1/5p2/pR2p1pB/2Ppn3/P5P1/3Q4/5P1P/2R3K1 w - - 0 32,d3d4 e5f3 g1f1 f3d4,740,crushing fork middlegame short
4khik,r1bqkR2/p2pp3/n1p1P1p1/2p5/2P5/P1Q5/1P4PP/RN4K1 b - - 0 18,e8f8 c3h8,741,mate mateIn1 middlegame oneMove
0TCrY,8/p7/8/P2p1p1p/kPp1b2K/2P4P/8/3R4 w - - 3 39,h4h5 e4f3 h5h4 f3d1,742,crushing endgame fork short
EVXPc,r4rk1/pp3ppp/2p1p3/2P1n2q/1PR3n1/P2P1NP1/4PPBP/3Q1RK1 w - - 7 20,f3e5 h5h2,743,kingsideAttack mate mateIn1 middlegame oneMove
h80eg,r2qkb1r/pp1np1pp/2p2n2/3p2B1/3P2b1/2PB1N2/PP3PPP/RN1QK2R b KQkq - 3 8,h7h6 d3g6,743,doubleBishopMate mate mateIn1 oneMove opening
hEExJ,1k1r4/pp1n1ppp/5q2/Q1p5/8/P1R5/1PP3PP/1K6 b - - 3 27,f6a6 a5d8,743,endgame hangingPiece mate mateIn1 oneMove queensideAttack
lBMIy,2kr3r/pp1n1pp1/2p1p2p/8/P1B1PB2/2bP4/6PP/1R3R1K b - - 1 22,b7b6 c4a6,744,bodenMate mate mateIn1 middlegame oneMove
3xU8T,r1b2r1k/5ppp/p2Rpb2/1p5q/8/1B2B1Q1/PPP2PPP/3R2K1 w - - 5 20,e3d4 h5d1,746,backRankMate hangingPiece mate mateIn1 middlegame oneMove
YABM0,6k1/pp2r1Rq/4p2p/3pB1pQ/3Pp3/2P5/PP4PP/6K1 b - - 0 30,e7g7 h5e8,746,endgame mate mateIn1 oneMove
IF6dS,r5k1/1p5p/p1b2pp1/2Bqp3/7Q/2P5/PP3PPP/R3R1K1 w - - 3 19,e1e2 d5g2,747,kingsideAttack master masterVsMaster mate mateIn1 middlegame oneMove
GgeGQ,4r1k1/6pp/8/3N4/4p3/3nP2P/6P1/1R4K1 b - - 1 39,e8c8 d5e7 g8f7 e7c8,748,crushing endgame fork master short
VfMnh,5k2/6R1/5Kp1/4P3/5r2/8/8/8 w - - 10 56,f6g6 f4g4 g6f5 g4g7,748,crushing deflection endgame rookEndgame short skewer
4K85X,1r2R2k/p5qp/5Q2/4R3/8/3r2P1/5PP1/6K1 b - - 3 35,b8e8 e5e8,749,endgame master masterVsMaster mate mateIn1 oneMove
BDgyq,rnb2rk1/5p2/pq2p2p/2pp4/1p4Q1/1P1PP3/PBP5/2KR1BN1 b - - 1 18,g8h7 g4g7,749,mate mateIn1 middlegame oneMove
C2fnC,r3r1k1/ppp2ppp/5B2/b2q4/2p1N1Q1/P7/1P3PPP/R4RK1 b - - 2 17,e8e4 g4g7,749,kingsideAttack mate mateIn1 middlegame oneMove
LXFmn,7r/p1kb1R1p/Q1pp4/2q5/4P3/1P1P4/PKP3PP/8 w - - 1 24,f7d7 c7d7 a6b7 d7e6,749,advantage defensiveMove endgame hangingPiece short
eli6x,5Q2/5pk1/p4Np1/2q5/8/1P2b3/6PP/5R1K b - - 0 38,g7f8 f6d7 f8e7 d7c5,749,crushing endgame fork master short
0FxNY,3r1r1k/pp3pbQ/2n2N2/2P5/q2P4/P1B2P2/2b1P3/R3KBNR b KQ - 0 19,c2h7 h1h7,750,arabianMate kingsideAttack mate mateIn1 middlegame oneMove
Bkyz3,6r1/pp2q2k/3b3P/8/2pP4/2P5/PP1BN1Q1/5R1K w - - 5 33,g2f3 e7h4 f3h3 h4h3,750,mate mateIn2 middlegame short
G0JoV,3r2k1/3P4/p6q/1p3pp1/1P1R2pP/P4bB1/5P1K/4RB2 b - - 2 35,f5f4 e1e8 h6f8 e8f8,750,crushing master middlegame short
OqRRT,6k1/3b4/3P4/7p/nB2N3/P2BK3/7r/8 b - - 3 53,h5h4 e4f6 g8g7 f6d7,751,advantage endgame fork master short
SoIRx,6k1/p1p1r1p1/1p2pNQp/1B3p2/7P/5P2/P1p3PK/2q5 b - - 1 33,g8h8 g6h7,751,endgame mate mateIn1 oneMove
feC8w,rn2kbnr/ppp1qppp/8/4p3/2B1P3/5QP1/PPPP3P/RNB1K2R w KQkq - 1 8,e1g1 e7c5 g1h1 c5c4,751,advantage fork opening short
1gvRn,2kr4/1p2R1p1/p1p4p/3r1P2/1P3QP1/7P/Pq3PK1/R7 b - - 2 29,b2a1 f4c7,753,endgame mate mateIn1 oneMove
7UsXH,r1b2kQ1/ppp2p2/4pB2/3pP3/2nP4/3B1N2/qPP2PP1/2K4R b - - 0 20,f8g8 h1h8,753,master mate mateIn1 middlegame oneMove operaMate
nYzqF,r1bq1r1k/1pnp2p1/p3pNQp/8/8/3B1P2/PP3P1P/R1B2RK1 b - - 2 18,d8f6 g6h7,753,mate mateIn1 middlegame oneMove
YUxIu,1r4rk/6pp/2q2p2/p6R/7Q/b6P/5PP1/B2R2K1 b - - 9 32,h7h6 h5h6 g7h6 h4h6,754,mate mateIn2 middlegame sacrifice short
ph6Yc,rn2kb2/ppp3p1/3p1qN1/7p/4n1b1/8/PPPPBPPP/RNBQK2R w KQq - 2 9,g6f8 f6f2,755,attackingF2F7 mate mateIn1 middlegame oneMove
0FiLk,r4r1k/3n2pp/3N1p2/pp1bP1q1/2p5/2P4Q/4B1PP/R4RK1 w - - 0 24,h3d7 g5g2,756,kingsideAttack mate mateIn1 middlegame oneMove
GoBic,6k1/p3ppb1/3p1q2/7p/1P5P/Q7/2B3P1/1K1R4 w - - 1 36,a3b3 f6a1,756,endgame master mate mateIn1 oneMove
peU84,8/6k1/R2P2p1/1p6/4n2B/1P1r2p1/P5PK/8 w - - 0 44,h2h3 e4f2,756,endgame master mate mateIn1 oneMove
5RR6o,r2q1rk1/3bbppp/2n1p1n1/1p1pP1N1/pPpP1P2/P1P1B3/2QNB1PP/R4RK1 b - - 1 15,g6f4 c2h7,757,kingsideAttack mate mateIn1 middlegame oneMove
DKj7y,8/8/7k/5np1/2K5/5P2/8/3B4 w - - 3 52,c4d5 f5e3 d5d4 e3d1,757,crushing endgame fork short
3liZf,1n1r2k1/p1r2pp1/1p1qp2p/8/3b3P/3B4/3R1PP1/1Q1KN2R b - - 1 30,d4f6 d3h7 g8h8 d2d6,758,advantage discoveredAttack middlegame short
I1zuo,3r4/1p3kp1/8/4b3/4p1K1/P1PpBp1P/1P3P2/3R4 b - - 7 34,f7f6 e3g5 f6e6 g5d8,758,advantage endgame short skewer
3iGZq,r3k3/5pp1/p1N5/1p1PP3/2n1Q3/2N5/P1Kq4/7R w q - 4 32,c2b3 d2b2,759,master mate mateIn1 middlegame oneMove
7l9he,5rk1/6p1/p2q3p/3p4/P1p1p2Q/2P1P2P/1n4P1/1R3N1K w - - 0 31,b1b2 f8f1,759,endgame hangingPiece mate mateIn1 oneMove
TXK92,6k1/4Rb2/4p1p1/3pP1P1/p3r2P/P3B3/K7/8 w - - 5 46,e3d2 e4e2 e7b7 e2d2,759,crushing endgame pin short
TlSL4,r5k1/1b1nqpp1/4p2p/2r5/P7/3Q1N1P/2B2PP1/R4RK1 b - - 1 24,b7f3 d3h7 g8f8 h7h8,759,mate mateIn2 middlegame short
t8cSx,rnbqk2r/pppp2pp/4pb2/4N2Q/3Pp3/8/PPP2PPP/RN2KB1R b KQkq - 1 7,e8f8 h5f7,759,mate mateIn1 oneMove opening
nArJP,2r2r2/4n2p/8/p3P3/1p5k/5B2/4NK2/2B2R2 b - - 11 38,e7g6 f1h1,760,mate mateIn1 middlegame oneMove pillsburysMate
udr4Z,q1r3Qk/p5pp/p6N/2b5/4b1P1/P6P/1PP2P2/R4RK1 b - - 8 26,c8g8 h6f7,760,mate mateIn1 middlegame oneMove smotheredMate
PNYk7,2rr2k1/1p2qppp/p3b3/6N1/1P5P/P5P1/2n2PB1/RQ3RK1 b - - 2 23,c2a1 b1h7 g8f8 h7h8,761,kingsideAttack mate mateIn2 middlegame short
g1IBa,r3r1k1/pp2q2p/3p1p1P/2PP2p1/6P1/Pn1BPQ2/1P6/2K1R2R w - - 1 22,c1b1 b3d2 b1a2 d2f3,762,crushing fork master middlegame short
J4yoS,5r1k/pb3rpp/8/2Q5/4q3/P4PP1/1Pp4P/2R2RK1 b - - 0 25,f7f3 c5f8 f3f8 f1f8,763,backRankMate mate mateIn2 middlegame short xRayAttack
Jh4lU,4r1k1/2p3pp/3p4/p2P4/2P1bN2/1PQ5/PR2Kpr1/8 b - - 0 36,f2f1q e2f1 g2b2 c3b2,763,advantage hangingPiece middlegame short
TrzQ6,1r4k1/p3P2p/6p1/2pN1p2/q1P2P2/5BP1/P6P/4R1K1 b - - 3 27,b8e8 d5f6 g8f7 f6e8,763,crushing endgame fork short
ewWPh,r2q1rk1/2p2p1B/4pn1B/4n1Q1/3P2P1/bp5N/1P3P1P/1K5R b - - 1 21,g8h7 g5g7,763,mate mateIn1 middlegame oneMove
lUCrn,r1b1kb1r/ppB1qppp/8/3p4/8/1P6/P1PPBPPP/RN1KR3 b kq - 1 10,e7c7 e2b5 e8d8 e1e8,763,discoveredCheck doubleCheck mate mateIn2 middlegame operaMate short
wNMts,2knR3/ppp2p1p/6p1/2qr4/5P2/2P3P1/PPQB2PK/8 w - - 2 22,e8e2 d5h5,763,endgame mate mateIn1 oneMove
A9LUI,r4rk1/pp3ppp/4b2q/3pB3/Q2P4/6R1/P4PPP/2R3K1 w - - 6 20,e5g7 h6c1 a4d1 c1d1,764,backRankMate hangingPiece mate mateIn2 middlegame short
Rb5WP,5k2/pp1Q4/1q3p2/3p3r/2pP4/2P5/P1PBNP2/K7 w - - 0 31,e2f4 h5h1 d2c1 h1c1,764,endgame mate mateIn2 short
VhPGE,6rk/p3brpQ/2pn1p2/4pP2/1q1pP3/1P4R1/P1P2NPP/2BR2K1 b - - 0 27,h8h7 g3h3,765,master mate mateIn1 middlegame oneMove
cRIZ4,6k1/6r1/4P3/3P2r1/2p1Q1P1/2P4p/7P/6K1 w - - 1 42,d5d6 g5g4 g1f2 g4e4,765,crushing endgame fork queenRookEndgame short
ct8Dn,2r4k/p3b1pp/1q2pr2/1Pp5/2Q1P3/P4N2/6PP/2R2R1K w - - 1 27,f3g5 f6f1 c1f1 e7g5,765,crushing discoveredAttack kingsideAttack middlegame short
ixPFa,4rn1k/4q1p1/3b1p1p/5P2/1Pp1n1Q1/p4N1P/P4PK1/B3R1R1 w - - 4 34,g2h1 e4f2 h1g2 f2g4,765,crushing fork master masterVsMaster middlegame short
se6fv,5r1k/1p1b1pp1/1q2p2p/p2pPN2/1b5P/2r1B1Q1/P4PP1/1R2R1K1 b - - 1 26,c3e3 g3g7,765,kingsideAttack mate mateIn1 middlegame oneMove
xavgD,2r4k/pp5p/6p1/8/2Ppn3/1P3N2/3K1PPP/1R6 w - - 0 27,d2e2 e4c3 e2d3 c3b1,765,crushing endgame fork short
I5ZME,6k1/1p1b3p/1P1p2pB/p7/3bNP2/3R3P/P5PK/2r5 b - - 2 30,d4b6 e4f6 g8f7 f6d7,766,crushing endgame fork short
Za22T,4Q3/ppk5/1q1r3p/6b1/4N3/2P2N2/P4PPP/3R2K1 w - - 8 33,d1d6 b6b1 d6d1 b1d1 f3e1 d1e1,766,endgame long mate mateIn3
2bMSI,r1b1kb1r/ppp2ppp/8/2p1P3/3q2n1/8/PPP1BPPP/RNBQK2R w KQkq - 0 8,b1d2 d4f2,767,attackingF2F7 mate mateIn1 oneMove opening
Bc8J9,r1b1nk2/1p3pp1/n1p4p/p3P2Q/2q5/1PN5/P1P3PP/R4R1K b - - 0 16,c4c3 h5f7,767,mate mateIn1 middlegame oneMove
QMIyO,3r1rk1/p1q1bppp/2n3b1/1pp2PB1/6n1/2P4P/PPBN3N/R3QRK1 w - - 0 18,g5e7 c7h2,767,kingsideAttack mate mateIn1 middlegame oneMove
H6rT8,8/4p2p/4p1kB/3bn1P1/3R3P/1pP5/8/2K5 w - - 0 34,d4f4 e5d3 c1d2 d3f4,768,crushing endgame fork short
MzYjZ,4Q3/5pk1/5r1p/8/5KP1/8/8/8 w - - 9 57,f4e5 f6e6 e8e6 f7e6,768,crushing endgame fork master queenRookEndgame short
26JYk,1r5k/5Qpq/3Pp2p/p7/Pp6/6R1/5P1K/8 b - - 0 33,h7f5 f7g7,769,endgame master mate mateIn1 oneMove
yokJ4,2krr3/pp3ppp/2p5/5P2/2n1N3/7P/PPP2K2/R3R3 b - - 4 24,c4d2 e4d6 d8d6 e1e8,769,advantage deflection discoveredAttack endgame master queensideAttack short
10UZi,r2r2k1/p1R2ppp/1p1qp3/8/8/P4Q2/1P3PPP/2R3K1 b - - 3 20,h7h6 f3f7 g8h8 f7g7,770,endgame mate mateIn2 short
81xKP,r2q1rk1/ppp2ppp/1b1p1n2/3Pn3/1PP1N1b1/P3PNP1/1B3PBP/R2Q1RK1 b - - 0 13,e5f3 g2f3 g4f3 d1f3,770,advantage middlegame short
8pPuR,7r/2qb4/4p1k1/1p3p2/p2Pp1p1/P1N1P2P/1P2QRP1/6K1 w - - 0 39,h3g4 c7h2 g1f1 h2h1,770,endgame mate mateIn2 short
9Bsuq,r2q1b1r/ppp1kBp1/2n2n1p/3p1P2/8/4Q3/PPP2PPP/RNB1K2R b KQ - 1 11,e7f7 e3e6,770,mate mateIn1 oneMove opening
mawqW,5r2/pp2R1kp/2q2pp1/5n2/1Q1p4/1BP4P/P4PP1/6K1 b - - 1 25,f5e7 b4e7 g7h6 e7f8,770,crushing deflection endgame short
u00eX,5B2/6rk/ppq1R1p1/4QpPp/2p3rP/2P1K3/PP3P2/8 b - - 11 43,g4e4 e5e4 c6e4 e6e4,770,crushing endgame short
7KFvz,8/pp3k2/3bR1p1/7p/4R2P/8/PP3PPK/3r4 w - - 3 30,h2h3 d1h1,771,endgame mate mateIn1 oneMove pillsburysMate
d89GS,4N3/8/1p6/p2pPb2/2kP2pb/P1B5/1P6/5K2 b - - 1 42,b6b5 e8d6 c4d3 d6f5,771,crushing endgame fork short
rDFex,8/4k2R/1rp1n1n1/p1Np1p2/P2P1Pp1/1PK1P1P1/8/8 b - - 1 45,e7d6 h7d7,771,endgame epauletteMate hookMate mate mateIn1 oneMove
xC2PV,2R5/1p2k1pp/p3nb2/3p1K2/N2p2P1/3Pp2P/1P2B3/8 w - - 8 38,c8b8 g7g6,771,endgame mate mateIn1 oneMove
5yQf9,r1bk2qr/pp2R3/4p2p/3pP1P1/B1nP4/P1P5/7P/R1B2QK1 b - - 0 25,d8e7 f1f6,772,mate mateIn1 middlegame oneMove
DBPK8,6k1/4Rppp/p7/1ppB2n1/8/2PN2P1/P2r1P1P/6K1 b - - 0 29,d2d3 e7e8,772,endgame mate mateIn1 oneMove
OBt6z,r3k2r/ppp2ppp/4b3/2bpP3/6nq/1BP2Q2/PP1P2PP/RNB2R1K w kq - 1 12,g2g3 h4h2,772,kingsideAttack mate mateIn1 middlegame oneMove
Q44cn,2r3k1/5p2/4bP2/3q4/6pp/P2B4/1PP1Q2P/1K3R2 w - - 4 39,e2d2 d5a2 b1c1 a2a1,772,endgame mate mateIn2 short
TljMz,3b1k2/8/1P1p2pp/N3pp2/8/3B1b1P/6P1/6K1 w - - 0 37,g2f3 d8b6 g1f1 b6a5,772,advantage endgame fork short
05VUp,5R2/p1p3rk/8/3P2qr/8/1P1Q4/P4KP1/8 b - - 6 42,h7h6 f8h8 g7h7 h8h7,773,endgame mate mateIn2 short
1dwHq,8/5r2/2k5/1R1p2P1/4nP2/P3P3/4K3/8 w - - 1 42,b5b1 e4c3 e2d3 c3b1,773,advantage endgame fork short
4BCsS,5rk1/6np/3Q2p1/p2P2q1/2P1b3/8/PP5P/4RR1K w - - 1 27,e1e4 f8f1,773,endgame hangingPiece mate mateIn1 oneMove
9dcCP,r7/8/5b2/pp1R1Pk1/p5p1/6N1/KPP5/8 b - - 7 38,b5b4 g3e4 g5f4 e4f6,773,advantage deflection endgame master short
eulE8,8/4kp2/3p1p1p/p7/8/3B3P/r4PP1/4K3 b - - 1 30,e7e6 d3c4 e6e7 c4a2,773,advantage endgame fork short
hfHMo,3r2k1/pp3pp1/7p/8/P7/1P6/3pRPPP/2rR2K1 w - - 2 30,e2d2 c1d1 d2d1 d8d1,773,backRankMate endgame mate mateIn2 rookEndgame short xRayAttack
ZE88W,1Q6/1P3ppk/4p1p1/8/3P4/P3PRPq/2R4P/1r4K1 w - - 1 42,g1f2 h3f1,774,endgame mate mateIn1 oneMove
jpJil,r7/p3qk2/3p2p1/2pP1bB1/3b4/6Pp/P2Q3P/3R3K w - - 0 31,g5e7 f5e4 d2g2 h3g2,774,advancedPawn endgame mate mateIn2 short
nATQd,r7/P5R1/5P2/K1k5/7p/P6P/6P1/8 w - - 1 47,f6f7 a8a7,774,endgame mate mateIn1 oneMove rookEndgame
7n0O0,3k4/8/1p6/1Pp5/4pR1p/2n4P/4K3/8 w - - 6 60,e2e3 c3d5 e3e4 d5f4,775,crushing endgame fork short
TEnND,3r3k/1qr3pp/p3Q1n1/3R4/8/2p2B2/P4PPP/2R3K1 b - - 0 29,d8d5 e6e8 g6f8 e8f8,775,mate mateIn2 middlegame short
UWTCH,6k1/1bbq2pp/4rp2/pp1p3N/2pP2Q1/P1P4R/1P3PPP/R5K1 w - - 0 25,h5f4 e6e1 a1e1 d7g4,776,advantage discoveredAttack kingsideAttack middlegame short
kre7U,r1b2rk1/pp4b1/1qn1p1Q1/3pP1Np/P7/2p5/1P1N1PPP/R3R1K1 b - - 1 16,c3d2 g6h7,776,mate mateIn1 middlegame oneMove
uf0RM,8/3P3p/6pP/8/8/1pk5/7r/1K6 w - - 0 44,d7d8q h2h1 d8d1 h1d1,776,endgame mate mateIn2 queenRookEndgame short
Wfvkl,r4r2/p1p1N2k/Pp1p3b/1P2n1p1/1BP1Pp1p/5P1q/2Q3R1/3B1R1K w - - 6 33,g2h2 h3f1,777,hangingPiece kingsideAttack mate mateIn1 middlegame oneMove
lFsyF,1r1rb2k/1R4p1/p1p4p/8/3PQPP1/2N4P/8/qB4K1 b - - 6 32,a1c3 e4h7,777,mate mateIn1 middlegame oneMove
r9lDv,1k1rr3/pp5p/3b2p1/5p2/3R4/4N3/1BB2PPP/2K5 b - - 1 30,d6e5 d4d8 e8d8 b2e5,777,crushing discoveredAttack master middlegame short
AMV14,3Q4/1p3rkp/p1b2rp1/5p2/2B1pq2/P3R2R/1P5P/7K w - - 8 35,c4f7 f4f1,778,mate mateIn1 middlegame oneMove
Ia7se,r6r/p3kp1p/3n2p1/2P5/4P1P1/P3Q2P/1b6/2KR1R2 w - - 0 24,c1b2 d6c4 b2c3 c4e3 f1f7 e7f7,778,advantage endgame fork long
p7TIa,2r5/pp6/3pbQ2/2b2p2/2kn4/5BP1/P6P/2BR2K1 w - - 1 33,d1d4 c5d4 f6d4 c4d4,778,advantage fork master middlegame short
R5Y8U,8/1p6/2k4r/6RP/6K1/8/8/8 b - - 0 52,b7b5 g5g6 h6g6 h5g6 b5b4 g6g7,779,advancedPawn crushing endgame long rookEndgame
cjj1s,8/2B5/8/8/6n1/7k/7P/4nNK1 w - - 30 70,c7b8 e1f3 g1h1 g4f2,779,endgame mate mateIn2 short
gcXPb,r2r2k1/5ppp/2p5/1p2P3/4q3/1Qp1PR2/P5PP/1R4K1 b - - 1 27,d8d2 b3f7 g8h8 f7f8 a8f8 f3f8,779,backRankMate endgame long mate mateIn3 sacrifice
iehzV,2b1r1k1/3p1Rp1/rp1q3p/4n3/3BP3/PpP3Q1/1P5P/2K2R2 b - - 9 30,e5f7 g3g7,779,kingsideAttack mate mateIn1 middlegame oneMove
jpoX1,5k2/1R3n1p/6p1/1B3p2/5P2/1K4PP/8/6r1 w - - 1 32,b5c4 g1b1 b3c2 b1b7,779,crushing endgame master short skewer
o2ji2,7k/5R1p/p4Np1/1p2p3/1P3r2/r3b3/4K1PP/3R4 b - - 3 38,f4f6 d1d8,779,endgame mate mateIn1 oneMove
1QjeT,rn3r1k/p4qb1/2p1p1Q1/1p2P1P1/3P1B2/2P3P1/P4PK1/7R b - - 1 25,h8g8 g6h7,780,mate mateIn1 middlegame oneMove
4uHmI,r2q1rk1/p3bppp/1p2p3/3b4/3Q4/P1B1PB2/1P3PPP/R4RK1 b - - 0 15,d5f3 d4g7,780,kingsideAttack mate mateIn1 middlegame oneMove
6DwUI,1rQ3k1/1p3ppp/3Npn2/8/1P6/P7/7q/1KR5 b - - 3 29,b8c8 c1c8 f6e8 c8e8,780,endgame mate mateIn2 short
KD6pY,5R1k/1p4pp/1p6/8/1Q6/P1P2r2/4q1PP/4R2K b - - 0 28,f3f8 b4f8,781,endgame mate mateIn1 oneMove
NAG5O,r4rk1/1b1p2pp/p7/1p1N4/2p1BP2/P7/1PP2KPP/3R4 b - - 0 23,b7d5 e4d5 g8h8 d5a8,781,advantage endgame fork short
cFfBf,6rk/6rR/3p1Q2/pp1P2P1/2p1P3/2P3PK/8/1q6 b - - 0 36,h8h7 f6h6,781,endgame mate mateIn1 oneMove
fwkHh,4n3/5kp1/8/6P1/3R1P2/4P1K1/1r6/8 b - - 0 44,e8c7 d4d7 f7g6 d7c7,781,crushing endgame fork master short
pdf76,2r3k1/4ppbp/1Q4p1/1P2p3/8/1qN1B3/5PPP/2R3K1 w - - 1 22,c3e2 c8c1 e2c1 b3d1,781,backRankMate mate mateIn2 middlegame short
ugKOP,r3r1k1/6p1/p4p2/2pqbP1p/3pN2P/P4Q2/1PP3P1/3R1R1K b - - 1 22,c5c4 e4f6 e5f6 f3d5,781,crushing discoveredAttack kingsideAttack middlegame short
JGJ0f,2k1r3/1p4R1/2p1nB2/p3P3/3P4/1P1K4/8/8 w - - 3 36,g7g2 e6f4 d3e4 f4g2,782,crushing endgame fork master short
MMmiC,r4r1k/pbp2p2/1pn1p3/3pP1NP/2PP1q1n/2P5/PRQ1BP2/4K1R1 b - - 11 22,c6e7 c2h7,782,mate mateIn1 middlegame oneMove
WOALu,q1r2bk1/2r2p1p/3p2pB/3bpN2/6R1/7Q/P4PPP/R5K1 w - - 0 27,h6f8 c7c1 a1c1 c8c1,782,mate mateIn2 middlegame short
XtKsZ,1b2r1k1/pp4p1/2pqp2p/5p2/2Pr4/7P/PPB1QPP1/3RR1K1 w - - 4 23,d1d4 d6h2 g1f1 h2h1,782,kingsideAttack mate mateIn2 middlegame short
iGPXJ,8/8/8/rR4p1/P1R2p2/5k2/r7/5K2 w - - 0 61,b5a5 a2a1 c4c1 a1c1,782,endgame mate mateIn2 rookEndgame short
oK2zX,r2q1rk1/pp3p2/2np3Q/4p1N1/4P1b1/P1N5/1PP1BP2/2KR3R b - - 0 18,d8g5 h6g5,782,hangingPiece kingsideAttack mate mateIn1 middlegame oneMove
6YDAz,2b5/1p6/p1p5/8/1P2NKp1/P6k/3P4/8 b - - 5 46,c8e6 e4g5 h3h4 g5e6,783,crushing endgame fork short
GiQGI,2k5/ppr5/8/3R1q1p/2P3rP/3P4/P4PP1/6RK w - - 0 34,d5f5 g4h4,783,endgame mate mateIn1 oneMove rookEndgame
JdCIi,4bBk1/2r5/p2p1Qp1/1p1Pp3/4P1P1/8/PP2r3/1K6 w - - 2 32,f8d6 e2e1,783,endgame master mate mateIn1 oneMove
NkqEo,2r2rk1/5B1p/2p3pQ/8/4R3/1pq2PP1/4RK1P/8 b - - 0 35,f8f7 e4e8 c8e8 e2e8 f7f8 e8f8,783,endgame killBoxMate long mate mateIn3
aziDS,8/P1RR3p/6pk/5p2/4bP2/r5P1/5K2/1r6 b - - 6 39,h6h5 d7h7 h5g4 h7h4,783,endgame master mate mateIn2 short
bwSoF,8/8/8/8/6R1/3kpp2/8/4K3 w - - 2 68,g4g3 f3f2 e1f1 d3d2 g3g5 e3e2 f1f2 e2e1q,783,advancedPawn crushing endgame exposedKing promotion rookEndgame veryLong
lSmlL,Q7/2pk1p2/1pr1p1q1/8/3P4/8/PPP2PPP/2KR3R w - - 3 26,d4d5 g6c2,783,endgame mate mateIn1 oneMove queensideAttack
xxGDL,8/8/4p2p/1p2K3/1P1B2kP/2P2N2/2r5/8 w - - 8 49,f3e1 c2e2 e5d6 e2e1,783,advantage endgame fork short
3ef1K,8/8/8/R1p2rkp/P1K5/8/8/8 w - - 0 46,a5c5 f5c5 c4c5 h5h4 a4a5 h4h3 a5a6 h3h2 a6a7 h2h1q,784,advancedPawn crushing endgame promotion quietMove rookEndgame veryLong
AMcnG,r1q2r2/pp2ppk1/2p2n1p/6N1/7R/1P1P2Pb/P1PQ1P1P/R5KB b - - 0 17,h6g5 d2g5,784,mate mateIn1 middlegame oneMove
CI4r1,r1k1q1r1/1pp1n2Q/p2pN3/8/4PP2/6P1/PPP4P/5RK1 b - - 0 24,e7c6 h7c7,784,mate mateIn1 middlegame oneMove queensideAttack
ElqgO,5Q2/p1p5/1p3pp1/1P1p2p1/P3r1nk/2P2K2/7b/8 b - - 5 37,f6f5 f8h8 g4h6 h8h6,784,endgame mate mateIn2 short
UArHL,2r2r2/pp1b3k/3q2np/2pPb3/2P1Bp2/1PN4P/P1Q2B2/3RR1K1 b - - 3 34,d7f5 e4f5 f8f5 c2f5,784,crushing master middlegame short
WWyV5,2k4r/1pp2ppp/p1p2n2/8/N1b4q/Q3B3/PPP2KPP/R2B4 w - - 3 20,f2g1 h4e1,784,mate mateIn1 middlegame oneMove
idP6Y,r3r1k1/p2bqppn/3Q3p/np6/8/P4N1P/BPP1NPP1/3RK2R w K - 1 19,d6d7 e7e2,784,mate mateIn1 middlegame oneMove
lhTqw,5rk1/6p1/p3P2p/3P1P2/1pqb2Q1/7R/P1P3R1/1K6 w - - 0 32,h3h4 c4f1 g4d1 f1d1,784,endgame mate mateIn2 short
yZKQb,6k1/pr1n1p1p/b1Q1p1pB/3p4/P2P4/5PbP/1q1N3r/RB4K1 b - - 1 28,h2d2 c6c8 d7f8 c8f8,784,kingsideAttack mate mateIn2 middlegame short
IV3yo,r4r2/pp1kb2R/2p1p1p1/q2pP3/4n3/1P2PN2/P1P1B1K1/RN1Q4 w - - 1 19,d1e1 a5e1 f3e1 f8f2,785,crushing middlegame short
heLZp,3r1r2/4k3/2Bpn3/1pp1p1pp/4N3/1PPP4/3K1P1P/R7 b - - 1 26,b5b4 a1a7 e6c7 a7c7,785,crushing endgame short
ibU1W,3r2k1/3q1pbp/p1r2np1/4p3/1Pb1N3/P3BPN1/3Q2PP/R2R2K1 b - - 3 22,f6e4 d2d7 d8d7 d1d7,785,advantage middlegame short
k3IhH,r4rk1/p1pn1p2/1p1p2p1/4pbP1/3P4/P1P2P2/2PKB2R/7R b - - 2 21,f8e8 h2h8 g8g7 h1h7,785,blindSwineMate kingsideAttack mate mateIn2 middlegame short
41VSh,5rk1/p1pq1pbp/2B3p1/4n3/8/2N3Pb/PP1PNP1P/R1BQ2KR w - - 1 15,c6d7 e5f3,786,mate mateIn1 middlegame oneMove
Ng5li,3r2k1/pp3p2/2p1pbpp/q3P3/5Q1P/7R/PPP2PP1/2K5 w - - 0 22,e5f6 a5e1,786,endgame mate mateIn1 oneMove
YyVmn,8/2R4p/P4pk1/6p1/3K4/2n3P1/7P/1r6 w - - 0 40,d4c3 b1c1 c3b4 c1c7,786,crushing endgame master rookEndgame short skewer
i0Fvi,r3kR2/p2R2p1/5pb1/1p3q2/2p5/2N4Q/PPP3PP/2K5 b - - 0 30,e8f8 h3h8,786,endgame mate mateIn1 oneMove
o8pTm,2kr4/ppp2pp1/2n2n2/4p2p/2N1P1bP/2P3P1/PP3BB1/R2rK1R1 w Q - 4 16,a1d1 d8d1,786,mate mateIn1 middlegame oneMove operaMate
pA9jp,r4rk1/4bppp/p2pp3/1p3bP1/4q3/2Q2N2/PB5P/R1R4K b - - 3 27,e7g5 c3g7,786,kingsideAttack mate mateIn1 middlegame oneMove
jQ3bf,6k1/2r2ppp/p1r5/4p3/6P1/2p3BP/PP2N3/2K4R w - - 0 25,e2c3 c6c3 b2c3 c7c3 c1d2 c3g3,787,advantage endgame fork long
08kPY,r2qnr1k/pp3N1P/5nR1/3p4/5P2/2pQ4/PP3P2/2K3R1 b - - 0 24,f8f7 g6g8 f6g8 h7g8q,788,advancedPawn mate mateIn2 middlegame promotion short
4hp8Q,3Q4/5pkp/2p1p1p1/R7/3P4/2PQ4/5PPP/3rqNK1 w - - 1 29,d3e3 e1f1,788,endgame mate mateIn1 oneMove
6FxSp,Q7/2pkp3/6p1/2Prq2r/5p2/4pP2/PP2R2P/1K1R4 w - - 0 31,a8d5 e5d5 d1d5 h5d5,788,advantage endgame master short
7KcCT,rnb2knr/ppQp1ppp/5q2/2P5/8/2N5/PPP2P1P/R1B1KB2 b Q - 0 10,f6c6 c7d8,788,mate mateIn1 oneMove opening
BH3We,R7/1p3p1k/2qB4/2P4n/2Pp1Pp1/3P2Pp/7P/3Qr1K1 w - - 4 40,d1e1 c6g2,788,endgame master mate mateIn1 oneMove
DRael,rn2r2k/3bq1p1/p2p2p1/2pP2N1/2p2P2/P1P1P3/1B3K2/R6Q b - - 1 27,h8g8 h1h7 g8f8 h7h8,788,kingsideAttack mate mateIn2 middlegame short
KhUPH,r1bq1r2/1p1nbp1k/p1p3pp/3p4/P2P3B/2N1PN2/1PQ2PPP/R4RK1 w - - 0 14,f1e1 e7h4 f3h4 d8h4,788,crushing middlegame short
ObiJx,r1bq1rk1/ppppnpp1/2n5/2b1P1NQ/3p4/8/PPP2PPP/RNB2RK1 b - - 3 9,f7f6 h5h7,788,mate mateIn1 oneMove opening
bfzKw,r3k2r/pp1n1p1p/2p1pp2/5P2/3Pb1B1/2P3qP/PP4P1/R1BQ1R1K w kq - 1 18,c1f4 g3g2,788,kingsideAttack mate mateIn1 middlegame oneMove
4OIg7,r1b2q1k/p5pp/1p3p2/2p5/3nP3/3P2Q1/P5PP/1R1B1RK1 w - - 0 23,d1b3 d4e2 g1h1 e2g3,789,crushing fork middlegame short
8YW36,r1rR2k1/pp3p1p/4N1p1/8/8/P1Q2P2/qPK3PP/7R b - - 2 25,c8d8 c3g7,789,endgame mate mateIn1 oneMove
ALvWv,1r3rk1/pb3ppp/2n1p3/1pp1P1B1/8/6P1/PPP2PBP/3R1RK1 w - - 1 16,g5e7 c6e7 g2b7 b8b7,789,crushing hangingPiece middlegame short
JeTSd,r7/nqQ5/4bpk1/1N2p1p1/2Pp4/3P4/3BPP2/2K4R b - - 0 40,b7c7 b5c7 a8c8 c7e6,789,crushing fork middlegame short
Kh4FT,3r2k1/p2n1pp1/1p3B1p/2p5/4q3/1P4Pb/P1P1N2P/1R2QRK1 w - - 1 22,f1f4 e4g2,789,mate mateIn1 middlegame oneMove
c6bPg,r1bq2k1/1p3ppp/2ppn3/8/2P2N2/4Q1PB/5P1P/4R1K1 b - - 5 22,e6f4 e3e8 d8e8 e1e8,789,backRankMate mate mateIn2 middlegame short
iC81S,6k1/1p3pp1/p6R/2p2q2/8/P5QP/KPR3P1/3r4 b - - 2 28,f5c2 g3b8 d1d8 b8d8,789,endgame mate mateIn2 short
9pwPa,5r2/pp1B2R1/8/3p4/3P1k2/2PK1p2/PP2r3/8 b - - 5 43,e2b2 g7g4,790,endgame mate mateIn1 oneMove operaMate
K4Hju,r4rk1/6pp/p1N5/pn3p2/8/P3P2P/1B3PP1/3R2K1 b - - 3 25,a8c8 c6e7 g8f7 e7c8,790,advantage endgame fork short
LSFht,8/p4k2/1p2p1p1/3nB2p/3P3P/1P3KP1/P3RP2/2r5 w - - 0 39,f3e4 d5c3 e4d3 c3e2,790,advantage endgame fork master short
Y57sv,r3r2k/pRq3p1/5p1p/2bBn2R/P6Q/6P1/P1P4P/7K b - - 1 29,c7d6 h5h6 g7h6 h4h6,790,kingsideAttack mate mateIn2 middlegame sacrifice short
d9Yu4,4rk2/8/pQ1p2rp/1p1q4/1P2p1P1/2P2p2/P2K1P1P/2RR4 w - - 0 35,d2c2 d5a2,790,endgame epauletteMate mate mateIn1 oneMove
uIBy0,8/2bk4/8/3KN3/1p3p2/5P2/P7/8 b - - 0 49,c7e5 d5e5 d7c6 e5f4,790,crushing endgame master masterVsMaster short
CGDfg,r1b2rk1/ppp2ppp/4q3/2b1P1B1/1n6/3B1N2/PPPQ2PP/1K1R3R w - - 11 13,a2a3 e6a2 b1c1 a2a1,791,mate mateIn2 middlegame queensideAttack short
SkWcg,5rk1/p4pp1/2p4p/3pP1q1/P1nP1n2/8/3N1PPP/1N1Q1RK1 w - - 1 22,d2c4 g5g2,791,kingsideAttack mate mateIn1 middlegame oneMove
WcYAL,6rk/5R1p/p1n1pP2/6P1/pP5q/P1p5/2P3R1/6K1 b - - 6 34,g8g5 f7f8 g5g8 g2g8,791,endgame mate mateIn2 short
mnzAW,r2k3r/pbp2ppp/3b4/1B2pq2/3P4/3P2Pn/PP3P1P/RNBQRK2 w - - 1 15,d4e5 f5f2,791,mate mateIn1 middlegame oneMove
r7WI9,1k1b4/8/4P3/3n4/2PPQ1q1/P4p1p/1P3P2/2R1RK2 w - - 0 39,c4d5 g4g2,791,endgame mate mateIn1 oneMove
wdyM3,r4rk1/pp1b1ppp/3b4/6Q1/P2P4/5NnP/1P1B1PP1/R4qKR w - - 11 21,a1f1 g3e2,791,mate mateIn1 middlegame oneMove
2KGmG,8/p3Rpkp/1p5N/5PPp/1P1P1K2/P5P1/b7/2r5 w - - 3 45,e7e8 c1f1 f4e3 f1e1,792,advantage endgame master short
4JhwU,6k1/2p1q3/1p1p2p1/pP1Pp1P1/1n2P3/1P2Q2B/1P1K4/8 b - - 0 27,e7f7 h3e6 g8g7 e6f7,792,crushing endgame master masterVsMaster pin short
4uvDW,8/4npBp/pp2k3/3p4/1P6/P3KN2/6P1/8 w - - 3 40,e3d4 e7f5 d4d3 f5g7,792,crushing endgame fork short
IBY1Z,6Q1/8/2p1kp2/1p2p3/8/6PP/P2q1P1K/8 b - - 2 46,e6d6 g8d8 d6c5 d8d2,792,crushing endgame master queenEndgame short skewer
w1Os7,3r2k1/3b1p2/Q3pqpp/8/3N4/4P1P1/Pr3PP1/1BRR2K1 w - - 0 24,c1c7 f6f2 g1h2 f2g2,792,kingsideAttack mate mateIn2 middlegame short
zG4si,5rk1/pp1q2pp/8/3pR2N/6Q1/4n3/P4rPP/R5K1 w - - 1 24,g4d7 f2f1 a1f1 f8f1,792,mate mateIn2 middlegame short
92eBK,1r2q2r/kRpbb1p1/p2p3p/Q2Pp3/2P1PpPP/R4P1N/PP4B1/2K5 b - - 0 26,b8b7 a5a6 a7b8 a6a8,793,mate mateIn2 middlegame short
B6Z4y,5r1k/5p2/p2q3p/2p2Q2/3p3R/3P3P/PrP2PP1/4R1K1 w - - 4 27,e1e4 b2b1 e4e1 b1e1,793,endgame mate mateIn2 short
Cmung,4r1k1/p7/6r1/2p3p1/5pR1/1P3B2/P4PP1/2R3K1 w - - 0 28,c1c5 e8e1 g1h2 g6h6 g4h4 h6h4,793,endgame long mate mateIn3
FUfzk,1k4rr/p7/4p3/1p1nP3/1B1p1PPp/P6K/1P5R/R7 w - - 0 35,a1d1 d5f4,793,endgame master mate mateIn1 oneMove
OX3Rp,8/2k5/p5b1/1pP5/3P2r1/4P3/P4PB1/2R3K1 w - - 1 46,g1f1 g6d3 f1e1 g4g2,793,advantage deflection endgame short
VZ1uE,5rk1/ppp2pp1/3b3p/3RpBq1/4P1Q1/2P5/PP3PPP/6K1 w - - 3 22,g4h3 g5c1 d5d1 c1d1,793,backRankMate endgame mate mateIn2 short
YqrOF,6rk/prpR4/p2bR3/8/5p1p/1P3P2/P1P2P1B/5K2 b - - 5 26,b7b5 e6h6,793,endgame mate mateIn1 oneMove
aqu8K,8/1r6/6p1/2k2Pp1/2p5/5K1P/8/4R3 b - - 0 64,c5b4 e1b1 b4a3 b1b7,793,crushing endgame master masterVsMaster rookEndgame short skewer
dMFs2,2k1rb2/1pp2p2/p3p1qp/2n1P1p1/2P3P1/P1N1B2P/1P2QP2/K2R4 w - - 0 21,e2d2 c5b3 a1a2 b3d2,793,crushing fork master middlegame short
ici3M,r2qrbk1/1p3pB1/2p1bPpQ/p3n2p/B2pP3/P6P/1PPN2P1/R4R1K b - - 3 21,f8g7 h6g7,793,kingsideAttack master mate mateIn1 middlegame oneMove
1O8O1,5r2/4Bpbk/6pp/3pP3/p1pP2B1/P5QR/2q2rPP/3R3K w - - 4 31,e7f8 c2d1 g4d1 f2f1,794,backRankMate mate mateIn2 middlegame sacrifice short
7cWP3,2r3k1/5ppp/4p3/q5P1/4PP1P/KPn5/2PQB3/3R3R w - - 1 31,a3b2 a5a2 b2c1 a2a1,794,mate mateIn2 middlegame short
8eMdQ,8/2Q2p2/p3pk2/2p4p/7P/8/PPb2q2/K1R5 w - - 3 35,b2b3 f2d4,794,endgame master mate mateIn1 oneMove
CcyYo,1n5k/p5pp/b7/3Q2p1/1pPP4/3KN2q/PP3r2/R1B5 b - - 6 30,f2f3 d5d8 f3f8 d8f8,794,fork mate mateIn2 middlegame short
DAzHx,3r1rk1/2p3p1/1p6/p2pP3/P2P1P2/1P3QPp/2q4P/1R3RK1 w - - 0 32,f3h5 c2g2,794,endgame mate mateIn1 oneMove
HYWVr,5r1k/pp4rp/3p3p/2nP4/1PQ2Pbq/2P3P1/P1B4P/4R1RK w - - 0 30,g3h4 g4f3 g1g2 f3g2,794,crushing kingsideAttack middlegame short
VDTFQ,2kr3r/ppp1R1p1/8/4Np1p/3P1b1q/2N5/PPQ3PP/5R1K w - - 2 27,f1f4 h4e1 f4f1 e1f1,794,kingsideAttack mate mateIn2 middlegame short
WpKdQ,1r3rk1/3R1ppp/p7/3B4/1P6/2n1P2P/5PP1/1R4K1 w - - 7 30,b1c1 c3e2 g1h2 e2c1,794,advantage endgame fork master short
hZK5p,2R1b1k1/1q3ppp/p3p3/3p4/4n3/6PP/PP3Q2/3R2K1 b - - 0 30,e4f2 c8e8,794,backRankMate endgame hangingPiece mate mateIn1 oneMove
us6jv,6k1/pp3ppp/4p3/1Q6/Pn6/1q3P2/2rr2PP/2R1R1K1 b - - 1 32,c2c1 b5e8,794,endgame mate mateIn1 oneMove
vOGYU,8/5pkp/2QP1qp1/2p5/2P2b2/5B2/5PP1/6K1 w - - 1 36,d6d7 f6a1 f3d1 a1d1,794,endgame mate mateIn2 short
0AV7Z,6k1/p5p1/5p2/4p3/Q3R3/2PP4/PKP2qr1/8 b - - 6 50,f2d2 a4e8 g8h7 e4h4,795,crushing endgame master short
EOq1e,r4rk1/2q2pp1/p1n5/1p4NQ/3P4/P1P1P3/5PPP/2R1K2n b - - 3 20,f7f6 h5h7,795,mate mateIn1 middlegame oneMove
FbR1c,5r1k/1N4pp/3p4/8/8/Q1P2P1P/PP2b1PK/3q4 b - - 1 29,f8f3 a3a8 f3f8 a8f8,795,endgame mate mateIn2 short
MgrM7,r1b3k1/2q2pp1/p3pn1p/1p2N3/8/2N5/PPQ2PPP/3R2K1 b - - 2 26,c7e5 d1d8 f6e8 d8e8,795,kingsideAttack mate mateIn2 middlegame short
m4BNd,8/4k1p1/3pBp1p/2nP4/4PP1P/4K3/5P2/8 b - - 0 48,c5e6 d5e6 e7e6 f4f5,795,attraction crushing endgame short
yoFut,r1b1k1nr/ppqp1Q1p/8/4p3/2BnP3/8/PPPP1bPP/R1BK2NR b kq - 0 9,e8d8 f7f8,795,mate mateIn1 oneMove opening
zAHfE,7k/6p1/2p2p1p/Q7/4P3/1q1P4/1P4PP/7K w - - 0 30,a5c3 b3d1 c3e1 d1e1,795,backRankMate endgame mate mateIn2 queenEndgame short
2Aglw,r3qr1k/pppnn2p/3p1p1B/8/4P1Q1/2N2R2/PPP3PP/R5K1 b - - 1 17,d7e5 g4g7,796,mate mateIn1 middlegame oneMove
TY0X6,2b2rk1/1R4p1/p5Qp/2ppPpN1/1n5P/2q5/P2N1PP1/6K1 b - - 1 24,c8b7 g6h7,796,mate mateIn1 middlegame oneMove
V33vn,r1Bq3r/ppk1bQpp/2n2n2/6N1/4p3/6P1/PP1PPP1P/R1B1K2R b KQ - 0 12,a8c8 g5e6 c7b8 e6d8,796,advantage fork middlegame short
hsrVt,2B5/8/8/5p2/8/4PKpk/8/8 w - - 2 62,c8f5 h3h2 f3e4 g3g2 e4f4 g2g1q,796,advancedPawn bishopEndgame crushing endgame long master promotion
ouwj8,2kr1bn1/pp3pp1/4p3/2P5/2p5/8/PP3PP1/RNB2KN1 w - - 0 18,c1e3 d8d1 f1e2 d1g1,796,advantage deflection middlegame short skewer
vzRwA,6k1/r1p2pp1/1q1p3p/3P4/P1Q5/7P/R4PP1/6K1 w - - 5 34,c4c3 b6b1 g1h2 b1a2,796,crushing endgame fork short
FzRKy,r4rk1/4q1p1/1p5p/4pN2/3pNnQ1/3P3P/2P3PK/5R2 b - - 1 28,e7e6 g4g7,797,mate mateIn1 middlegame oneMove
GkNHJ,r4rk1/pp2pp1p/3p2p1/6Bq/N5n1/1P6/P1NQP1B1/2R2RK1 w - - 0 24,c2d4 h5h2,797,mate mateIn1 middlegame oneMove
RgIbU,1R6/1p2Npkp/3pn1p1/6P1/4P2P/1P3PK1/1Pr5/8 b - - 0 26,c2b2 b8g8,797,endgame epauletteMate mate mateIn1 oneMove
XbH89,2r5/k4pr1/Pp6/4P3/8/2P2QNq/5P2/R5K1 b - - 2 33,c8h8 f3b7,797,endgame mate mateIn1 oneMove
rxqGv,r3kb1r/pp3pp1/2n1p1p1/3pN3/5q2/1P6/P2NQPPP/R4RK1 w kq - 0 15,e5c6 f4h2,797,kingsideAttack master mate mateIn1 middlegame oneMove
tTSmr,8/p2r3p/1p1q3k/6p1/P6P/4Q1P1/1P4BK/8 b - - 0 43,d7e7 e3g5,797,endgame master mate mateIn1 oneMove
xIvrS,2kr4/ppp1n2Q/4P1p1/2b5/5B2/6nN/PPP5/2K5 w - - 0 25,f4g3 c5e3 c1b1 d8d1,797,backRankMate endgame mate mateIn2 short
21I1m,2r1r1k1/1b3N1p/p4q1B/1p2np2/1n6/1B6/PP2Q1PP/R3R1K1 b - - 0 26,e5f7 e2e8 c8e8 e1e8,798,kingsideAttack mate mateIn2 middlegame pillsburysMate pin short
F41qz,r1bR4/pp4bk/4p2p/1Nq2pp1/2P1n3/5P2/PPQ1B1PP/3R2K1 w - - 1 24,g1f1 c5f2,798,mate mateIn1 middlegame oneMove
J42Xc,8/pB2p2k/4p3/4Pp2/1Pn3rP/8/P1P5/1K1R4 w - - 0 33,d1d7 g4g1 d7d1 g1d1,798,endgame master mate mateIn2 short
ZJsYw,Q1R2rk1/p5p1/4pq1p/3p1pN1/8/8/P4PPP/4R1K1 w - - 0 21,e1e6 f6a1 c8c1 a1c1 e6e1 c1e1,798,endgame fork long mate mateIn3
ol9hE,r5rk/1p1b4/p1p1p1qp/4Pp2/1P1P1Q1P/P1R3P1/5P1K/5R2 b - - 3 28,g6g4 f4h6,798,kingsideAttack master mate mateIn1 middlegame oneMove
xNadq,8/5Qpk/p4p1p/4pn2/1p4N1/7P/1Pq3P1/6K1 b - - 5 43,f5h4 g4f6 h7h8 f7f8,798,endgame mate mateIn2 pin short
1rOFB,1k6/pp5p/3p1P2/3P4/8/1qp5/6PP/5R1K b - - 0 30,c3c2 f6f7 b8c7 f7f8q,799,advancedPawn advantage endgame promotion queenRookEndgame short
3WTBo,6k1/p5p1/4r2p/3Q4/5p2/2B4q/PP2PR2/7K w - - 2 32,f2h2 h3f1,799,endgame master mate mateIn1 oneMove
XbxYt,8/1b3nkp/1p1p1np1/pNp3q1/P1P5/1PQB3P/5PP1/4R1K1 w - - 4 31,e1e7 g5g2,799,kingsideAttack mate mateIn1 middlegame oneMove
jP4jV,r1b1k1r1/1p1n1p2/2pp4/p3p1qp/P1QPPp1b/1BN2P1P/1PP3P1/3R1NRK b q - 9 20,h4f2 c4f7 e8d8 f7g8 g5g8 b3g8,799,attackingF2F7 crushing long middlegame
rgytA,r1r3k1/1p1q1pbp/1n2p1p1/1P6/p2PN3/B3P3/Q4PPP/2R2RK1 b - - 1 21,g7f8 e4f6 g8g7 f6d7,799,crushing fork middlegame short
RDIwG,8/3k4/p3p3/1pKpPp1p/1P3P2/P6P/6P1/8 w - - 0 41,c5b6 d5d4 b6c5 d4d3 c5d4 d3d2,801,advancedPawn crushing endgame long pawnEndgame quietMove
zsSh7,r1b2rk1/pp3pp1/2p1pq1p/8/8/1BnP1RQ1/PPP2PPP/R5K1 w - - 0 19,f3f6 c3e2 g1f1 e2g3 h2g3 g7f6,802,crushing fork long middlegame
06r2x,3rr1k1/pp3p2/5PB1/8/6nq/1PP3R1/2Q3PP/5RK1 w - - 1 29,g6f5 h4h2,807,mate mateIn1 middlegame oneMove
evMfr,r5nr/p4ppp/1pk1p3/2b5/2P2B2/5B2/PP3PPP/Rb1R2K1 b - - 1 18,b1e4 f3e4,809,hangingPiece mate mateIn1 middlegame oneMove
SwnCP,8/p2r2pp/1pR2nk1/8/P1KP4/B7/7P/8 b - - 8 43,d7d5 c6f6 g7f6 c4d5,814,crushing endgame master short
ljJ41,1r3r1k/2qb2p1/1p1p3p/3Bp3/2PnN2b/3P4/1R3PPP/R3QNK1 w - - 3 24,g2g3 d4f3 g1g2 f3e1,821,crushing fork middlegame short
lOOOB,r1b1qr1k/ppp3pp/3p4/4n1B1/4P1n1/2N5/PPB1Q1PP/R4RK1 b - - 0 16,e8g6 f1f8,822,backRankMate hangingPiece mate mateIn1 middlegame oneMove
70FRx,8/R6p/4p1pk/8/1r2PKP1/7P/8/8 b - - 0 48,b4b3 g4g5 h6h5 a7h7,825,deflection endgame mate mateIn2 rookEndgame short
PcHr1,8/1R3p2/4p3/3p2k1/3P2P1/3BPK2/r7/3n4 w - - 0 38,b7f7 a2f2 f3g3 f2f7,825,crushing endgame master short skewer
eMqpH,5k2/5B2/5qp1/5P1p/5P2/5R1K/2r2bQP/8 w - - 3 39,f7g6 f6h4,833,endgame mate mateIn1 oneMove
oWQAq,8/8/p3p3/3n1k1p/3P1P1P/5K2/8/3N4 b - - 12 56,d5f4 d1e3 f5g6 f3f4,834,crushing deflection endgame knightEndgame master masterVsMaster short
MOQKv,r7/3k2pp/2pbbp2/4p3/2N1P3/pPPK4/R4PPP/2B5 b - - 5 32,d6e7 c4b6 d7d8 b6a8,843,crushing endgame fork master short
KWACC,1k1rqb1Q/1pp2p1p/p7/3pp3/4P3/3P3P/PPP3P1/R1B2RK1 w - - 0 16,c1g5 f8c5 g1h1 e8h8,852,advantage discoveredAttack middlegame short
TgDfl,rn3rkR/ppq1ppP1/2p5/5b2/N2P4/5P2/PnPQ4/2K2B2 b - - 1 17,g8g7 d2h6,856,mate mateIn1 middlegame oneMove triangleMate
zNxks,8/ppp2pk1/6p1/2pPprP1/3n4/1P6/P1PK1P2/4Q3 w - - 1 28,c2c3 d4f3 d2d1 f3e1,857,crushing endgame fork short
uoQc0,r4rk1/ppp2ppp/3b4/3P4/1nP1n2q/4PP2/PB3P1P/RN1Q1RK1 w - - 1 16,f3e4 h4h2,858,kingsideAttack mate mateIn1 middlegame oneMove
dViZ0,8/7K/8/1p6/8/1k6/p3R1P1/8 w - - 0 52,e2a2 b3a2 g2g4 b5b4 g4g5 b4b3 g5g6 b3b2 h7h6 b2b1q,860,advancedPawn crushing endgame hangingPiece promotion quietMove veryLong
vBUGd,1k3q2/pp5p/2p5/2NpP3/2nP1P1b/8/PP5P/6BK b - - 1 28,b8c7 c5e6 c7d7 e6f8 d7e7 f8h7,862,advantage endgame fork long
ne3cr,8/p6p/1p5R/5kP1/3K4/1P3r2/P7/8 b - - 0 45,f3f2 h6f6 f5g5 f6f2,863,crushing endgame master rookEndgame short skewer
P8YSr,r5k1/p5pp/5p2/2N1p3/1Pb5/P1P1Q1P1/3R3P/2q3K1 w - - 3 31,g1f2 c1f1,864,endgame mate mateIn1 oneMove swallowstailMate
hJIlb,r2q1rk1/ppp2pp1/7p/3Pp3/P1P5/R2P1Q1P/1P3P1P/2n2RK1 w - - 0 17,f1c1 d8g5 f3g2 g5c1,865,crushing endgame fork short
cnSA3,r1N3k1/1p2rppp/pn3q2/8/4p3/2R1P3/PP3PPP/3Q1RK1 b - - 0 22,b6c8 d1d8 e7e8 d8e8,867,kingsideAttack mate mateIn2 middlegame short
NVNCL,6k1/5bpp/2Np4/3P1p2/QP6/2b3PP/5qBK/1R2r3 b - - 7 36,e1b1 a4a8 f7e8 a8e8,868,mate mateIn2 middlegame short
uT1sI,r1bq1rk1/1p2ppbp/p5p1/3Pn3/4P3/4BN1P/P1Q1BPP1/R4RK1 w - - 1 15,e3d4 e5f3 e2f3 g7d4,869,advantage discoveredAttack kingsideAttack middlegame short
fqDwd,1nk2N1r/pp2p1b1/2q2pp1/8/3p1P2/3PB1Pp/PPP4P/1R2QR1K w - - 0 24,h1g1 c6g2,870,mate mateIn1 middlegame oneMove
nJ5Eu,8/8/4p3/1p1pP3/1PpP1p2/2P2K1k/8/8 b - - 0 57,h3h2 f3f4 h2g1 f4g5 g1f2 g5f6,876,crushing endgame long pawnEndgame
ocZmA,4B3/1p4pk/1p5p/1PpQ1p1P/2P3q1/3PRpP1/5P1K/7r w - - 1 36,h2h1 g4h3 h1g1 h3g2,877,endgame mate mateIn2 short
HHwzJ,5Q1k/pp4r1/2p5/3pq3/1P2n3/P2R3P/2P2PP1/6K1 b - - 5 40,g7g8 f8h6,878,endgame mate mateIn1 oneMove
xNhLa,8/1p1b3R/p2k4/3p4/8/P1P4p/1P6/1K6 w - - 2 44,b1c2 d7f5 c2d2 f5h7,878,crushing endgame fork short
Ww3yR,5rk1/pp1b3p/2p1prp1/2Pp4/3P3P/4P1R1/PP4Q1/2K5 w - - 1 24,g2h3 f6f1 c1c2 f8f2 c2c3 f1c1,879,crushing endgame long
fKoFf,1k6/8/1P1K4/5p2/1B3Pp1/p5P1/1P5P/8 w - - 0 58,d6c5 a3b2 c5c6 b2b1q,881,advancedPawn bishopEndgame crushing endgame promotion short
JyxpZ,6k1/7p/2p3p1/p7/5q2/1P5P/P2r1PP1/Q1R3K1 w - - 0 30,a1c3 f4f2 g1h2 f2g2,882,endgame mate mateIn2 short
nhDh2,2k2bnr/B1p2ppp/2p1p3/7q/6b1/2N2N2/PPP1BPPP/3RK2R b K - 0 11,c6c5 e2a6,884,mate mateIn1 middlegame oneMove
Qd496,1r3r1k/p4ppp/3Npn1q/1pp1n3/3p3P/3P2Q1/PPP1BP2/1K1R2R1 b - - 1 20,e5g6 d6f7 f8f7 g3b8,885,advantage deflection discoveredAttack kingsideAttack master middlegame short
ZVIUJ,r3r1k1/1R3pp1/5n1p/2P5/4q3/pQ3R2/7N/5N1K b - - 1 32,a3a2 b3f7 g8h8 f7g7,887,mate mateIn2 middlegame short
8SK0x,r3kb1r/p1p2ppp/b1p5/3pP3/3N3q/8/PPPN1KPP/R1BQ3R w kq - 1 11,f2g1 h4d4,888,hangingPiece mate mateIn1 oneMove opening
yKSAy,r5k1/pppb1ppp/8/3N1P2/8/8/PPP3PP/4R2K b - - 0 20,d7f5 d5e7 g8f8 e7f5,890,advantage endgame fork short
2L58q,r4r2/1b1q1pkp/p2bpn2/3pB3/6Q1/1P1B2P1/P1P2P1P/R3R1K1 b - - 3 19,g7h8 e5f6,891,hangingPiece kingsideAttack mate mateIn1 middlegame oneMove
bqP7E,5k2/5ppb/3B4/3B1P1P/r1p2PK1/8/8/8 b - - 2 41,f8e8 d5c6 e8d8 c6a4,891,crushing endgame fork short
fvoAr,r6k/1p2rp2/p1p2R1p/2qPp3/4P2P/8/PP4RP/7K b - - 4 31,a8g8 f6h6,891,endgame mate mateIn1 oneMove queenRookEndgame
tY7QV,7k/6R1/5P1p/7P/6K1/6P1/7r/8 w - - 1 63,f6f7 h8g7 f7f8r g7f8,892,crushing endgame hangingPiece master rookEndgame short
5poYM,r2qr1k1/3n1pp1/p2b1n1p/1ppPN3/8/2N5/PPQ2PPP/R1B1R1K1 w - - 1 16,e5c6 e8e1,894,hangingPiece kingsideAttack mate mateIn1 oneMove opening
frYHD,8/pp5k/8/3N2p1/8/1B4P1/Pr4r1/4R1K1 w - - 0 37,g1f1 b2f2,894,blindSwineMate endgame mate mateIn1 oneMove
ySuyt,1k1r3r/pp1bqp1p/1bnN1p2/1B1Qp3/8/8/PPP1NPPP/R2R2K1 b - - 8 15,c6d4 d5b7,894,mate mateIn1 middlegame oneMove queensideAttack
4DpZh,r4k2/2pq1p1p/3p2p1/1P1P1p2/1P1Q4/8/5PPP/4R1K1 b - - 0 27,d7b5 d4h8,895,endgame mate mateIn1 oneMove
sf6pR,r3r3/5pk1/1p1p2p1/pP1bpNQ1/P7/2q4P/2P2PP1/2R3K1 b - - 1 37,g7h7 g5h6 h7g8 h6g7,896,mate mateIn2 middlegame short
tVZEq,1k1r2r1/5Q2/pq4p1/1p3n2/2p5/P4B2/1PP3P1/2K1R3 b - - 10 34,b6f2 f7b7,900,mate mateIn1 middlegame oneMove
LlM4F,3r4/p3k2p/3qb3/2p3p1/8/1P2N3/P1P1QPPP/6K1 b - - 3 27,h7h6 e3f5 e7f6 f5d6,901,crushing endgame pin short
sC2pi,8/pppk1p2/8/3Pp3/5p2/N2P1R2/PP3KBq/8 b - - 2 29,a7a6 f3h3 h2h3 g2h3,902,crushing endgame short trappedPiece
XpKxO,r2q1rk1/2p1bpp1/p2pb2p/3QP3/2p1P3/P1N1PN1P/1PP3P1/1K1R1R2 w - - 2 19,e5d6 e6d5 d6e7 d8e7,903,advantage middlegame short
lrVjD,rnb3kr/pp1q2pp/3p4/2bp2N1/3pP1P1/5Q2/PPP2PP1/R1B2RK1 b - - 0 12,d7g4 f3f7,903,mate mateIn1 oneMove opening
VtfBu,r1bqr1kR/1p3pP1/p1n1p3/1NbpP1p1/5P2/3Q4/PPP3P1/R3KB2 b Q - 2 18,g8g7 d3h7,904,mate mateIn1 middlegame oneMove
0nQpV,r2q1rk1/pbp4p/1p1ppP1Q/7p/3P4/2NB1P2/PPP5/R3K1N1 b Q - 0 17,d8f6 h6h7,906,kingsideAttack mate mateIn1 middlegame oneMove
Whhzm,r1b2rk1/1pq1bp1p/p5p1/3pn3/3N3P/2PBBP2/PPQ3P1/2KR3R w - - 1 16,e3f4 e5d3 d1d3 c7f4,907,crushing discoveredAttack middlegame queensideAttack short
ZW0hM,r1b2rk1/pp3p1p/2n3pB/7n/3NQ3/2q5/P1P2PPP/4RK1R b - - 5 17,f8d8 e4e8 d8e8 e1e8,909,kingsideAttack mate mateIn2 middlegame pillsburysMate sacrifice short
eFmRW,5k2/5r1p/p4n2/1p4Q1/1Pp4P/P4P2/5K2/8 w - - 3 50,h4h5 f6e4 f2e1 e4g5,909,crushing endgame master masterVsMaster pin short
pFoOO,r2n1r1k/pp4p1/2pB1n2/5bp1/2B1P3/6P1/PPP3P1/R3R1K1 b - - 1 18,f8e8 e4f5 e8e1 a1e1,909,advantage hangingPiece middlegame short
CXU7Q,2Rk4/1R4pp/2r1p3/1QqpPp2/2n2P2/2P5/PPK3PP/8 b - - 0 35,c6c8 b5d7,911,endgame master mate mateIn1 oneMove
RyXYx,4kr2/7Q/p3B3/1p6/5n2/2r2P2/P2K3P/8 b - - 2 30,c3f3 h7d7,912,endgame mate mateIn1 oneMove
V3OUt,rnb1k2r/ppp1np2/1b1p1q2/7p/2BPPR2/2P4p/PP4PN/RNBQ2K1 b kq - 0 13,f6g6 c4f7 g6f7 f4f7,912,advantage attackingF2F7 fork opening short
zc9zs,r2qk2r/pp3ppp/2n1bb2/2ppp3/7P/2NP2PN/PPP1PPB1/R2QK2R w KQkq - 0 9,g2d5 e6d5 c3d5 d8d5,912,advantage opening short
lu0JL,r4rk1/2p1bpp1/2n4p/pp2p3/4N3/PqB1PQP1/3P1P1P/RR4K1 b - - 1 18,b3d5 e4f6 e7f6 f3d5,913,crushing discoveredAttack middlegame short
gNXnJ,6k1/p4p2/2p2Pp1/R3B2p/Pr2bP1P/8/6PK/8 b - - 0 27,g8f8 e5d6 f8g8 d6b4,914,crushing endgame fork short
j1pww,5r1k/5Npp/p3B2q/1p1P2r1/7n/5PQP/P6K/1R3R2 b - - 3 30,f8f7 g3b8 f7f8 b8f8,915,mate mateIn2 middlegame short
CDypF,4R1k1/7p/p1bp2pQ/1p5r/3q4/P4P2/6PP/4RK2 b - - 5 28,c6e8 e1e8 g8f7 h6f8,916,endgame mate mateIn2 short
UPyYG,5rk1/1QP2ppp/p2q4/3p4/P2Nb3/2P3P1/5P1r/R4RK1 w - - 0 25,g1h2 d6h6 h2g1 h6h1,918,mate mateIn2 middlegame short
dDxAr,1r2k3/RP3pp1/2r1p2p/3p4/6PP/5PK1/8/1R6 b - - 0 34,c6c7 a7a8 c7b7 a8b8 b7b8 b1b8,919,crushing endgame long rookEndgame xRayAttack
aBt9E,3r2k1/pp1r1pb1/1q2b1pp/2p1p3/2P1P1n1/1PNNQ1P1/P2R1PBP/3R2K1 w - - 4 23,e3c5 b6c5 d3c5 d7d2 d1d2 d8d2,921,crushing long middlegame
sjgOu,r1b1kb1r/ppp1pppp/2nq1n2/8/3p1P2/2NP1N1P/PPP1P1P1/R1BQKB1R w KQkq - 0 6,c3b5 d6b4 c2c3 b4b5,922,advantage fork opening short
eiIS9,8/7p/8/kpp2pp1/4p3/P5PP/1r1N1RK1/8 b - - 3 36,e4e3 d2c4 b5c4 f2b2,923,crushing discoveredAttack endgame short
twGEw,r3r1k1/p2q1ppp/5n2/2ppP3/6b1/2PP1N2/PP4PP/R1BQ1RK1 b - - 0 16,e8e5 f3e5 g4d1 e5d7,923,crushing hangingPiece middlegame short
WRqOJ,1k3r2/1p6/p7/2Q1pr1p/3p3P/P1N3P1/8/6K1 w - - 0 40,c3d5 f5f1 g1h2 f8f2 h2h3 f1h1,925,endgame exposedKing long mate mateIn3
XEC1M,8/1p2R3/3p1k2/p2P4/5q2/8/P5P1/4R2K w - - 0 39,e7b7 f4h4 h1g1 h4e1,925,crushing endgame fork queenRookEndgame short
r9xk6,4r2k/1p2q1p1/p1p4p/2b1P3/4QB1P/P7/1PP3P1/3R1R1K w - - 1 29,b2b4 e7h4 f4h2 h4e4,925,advantage kingsideAttack middlegame short
wKhGV,4r3/p5pp/5p2/1kp5/8/Pn1P2B1/1P3PPP/2R2K2 w - - 0 29,c1c3 b3d2 f1g1 e8e1,925,backRankMate endgame mate mateIn2 short
R6GrC,5rk1/1p3ppp/p3p3/2N5/2n1Pq2/P1R4P/1PPrQ1P1/R5K1 w - - 5 27,e2c4 f4f2 g1h2 f2g2,926,kingsideAttack mate mateIn2 middlegame short
kasyg,r1b3k1/1p1n2pp/2p1pr2/p2PNp2/2P5/8/P3BPPP/2R1R1K1 w - - 1 22,d5c6 d7e5 c6b7 c8b7,926,advantage hangingPiece middlegame short
11bYt,rnq2rk1/ppp2pbp/3pbnp1/3Np3/2P1P3/3P2P1/PP2NPBP/R1BQ1RK1 b - - 2 9,b8d7 d5e7 g8h8 e7c8,927,crushing fork opening short
OXSQw,5r2/p4pk1/2Rq3p/1Q1B2p1/3pP3/5P1n/1P3PKP/8 b - - 4 28,d6d7 c6g6 g7g6 b5d7,927,crushing discoveredAttack endgame short
EbUYG,3q1rk1/6pp/p1rp1p2/1p2BP2/1p2P1Pb/1P5P/P2Q2K1/3R2R1 b - - 0 26,f6e5 d2d5 g8h8 d5c6,928,advantage fork middlegame short
Z0pNn,3r4/6B1/2R5/1k2pP2/4P3/P1P3R1/2K5/3r4 w - - 1 43,c6c7 d8d2 c2b3 d1b1,928,endgame epauletteMate mate mateIn2 short
vspZc,r1b1k2r/p4p2/4p1pp/3p4/1qn4P/2N1B1Q1/PPP2PP1/2KR3R w kq - 2 17,b2b3 b4a3 c1b1 a3b2,928,mate mateIn2 middlegame queensideAttack short
tLXrO,r6r/2pkb3/p5q1/2n1p2p/p1P3pP/N2P4/1PKBQ1P1/3R1R2 w - - 2 25,e2e5 g6d3 c2c1 c5b3,930,mate mateIn2 middlegame short
0ciNM,r2q1rk1/ppp2ppp/3p2b1/2bBp3/3nP1P1/P2P1N1P/1PP2P2/R1BQ1RK1 w - - 1 12,c1g5 d4f3 d1f3 d8g5,931,crushing kingsideAttack middlegame short
CRbCB,3r2k1/p4p1p/1pp2P2/4qB2/8/7P/PP4Q1/7K b - - 0 34,g8f8 g2g7 f8e8 g7g8,931,endgame mate mateIn2 short
JpS8y,r2k2r1/pbp4p/1p6/3p1Q2/3P2nq/3BPN2/PP3nPb/R1B1NR1K w - - 0 21,f1f2 g4f2,931,hangingPiece kingsideAttack mate mateIn1 middlegame oneMove
KilfL,r4rk1/pp4pp/1q1pp3/8/2p1P3/2NP2QP/PP4P1/R1B3K1 w - - 0 18,g1h1 f8f1 h1h2 b6g1,931,kingsideAttack mate mateIn2 middlegame short
Zhtup,8/6bk/4Q3/6pb/8/1P3r2/2K5/4B3 w - - 0 49,e6e4 h5g6 e4g6 h7g6,931,crushing defensiveMove endgame pin short
sz8TT,2r4k/pp3Qbp/2q3p1/5nB1/3r4/8/PP3PPP/4RRK1 b - - 0 27,d4d7 e1e8 c8e8 f7e8 g7f8 e8f8,933,kingsideAttack long mate mateIn3 middlegame
6ETce,3r3r/pk3ppp/2p2n2/2b1p3/8/4PP2/PPKBN1PP/2R4R w - - 3 16,c2b1 d8d2 c1c5 d2e2,934,crushing hangingPiece middlegame short
OOaNG,r1b4r/ppp2ppp/2nk1n2/1B6/8/P1P1B3/5PpP/3RR1K1 b - - 3 18,d6e7 e3c5,934,discoveredCheck doubleCheck mate mateIn1 middlegame morphysMate oneMove pillsburysMate
slBiS,2r1kb1r/p2b1ppp/1qn1pn2/1p2N3/2pPN3/4PQP1/1P3PBP/R1B1K2R b KQk - 7 12,f6e4 f3f7 e8d8 f7d7,934,attackingF2F7 mate mateIn2 middlegame short
ammEc,1r1k2nr/p4ppp/1pBbpq2/3N4/3P4/4QP2/PPP2P1P/R4RK1 b - - 0 14,e6d5 e3e8 d8c7 e8d7,935,mate mateIn2 middlegame short
2IGLh,6r1/R7/3p1k2/p1p4B/4KP2/6r1/PPP5/8 b - - 10 43,g8d8 a7f7 f6e6 f4f5,936,endgame mate mateIn2 short
3iEF1,r2k3r/1b2np2/p3p2p/bpp1n1p1/8/1BP2N2/PP1N1PPP/R1BR2K1 b - - 1 15,b7f3 d2f3 d8e8 f3e5,936,advantage discoveredAttack discoveredCheck middlegame short
tmyqz,5Q2/6R1/2p5/P2pP3/2p1pP2/3k4/r7/3K4 w - - 1 63,f8b4 a2a1 b4b1 a1b1,936,endgame master mate mateIn2 queenRookEndgame short
STACr,8/8/3np1kP/2P2q2/8/p7/6QK/8 b - - 1 73,g6f6 g2g7,937,dovetailMate endgame mate mateIn1 oneMove
lnuSO,3r4/2k2P2/4N3/2K5/5P2/8/7p/8 b - - 2 62,c7c8 e6d8 h2h1q f7f8q,938,advancedPawn crushing endgame master promotion short
v5heL,r2qkb1r/pp1npppp/2p2n2/8/2NP1B2/2N4P/PPb1QPP1/R3KB1R b KQkq - 3 12,c2f5 c4d6,938,mate mateIn1 oneMove opening pin smotheredMate
R2kxw,r2q1r2/ppp1n1pk/2np3p/3N4/4P1b1/1PQ2N2/PB3PPP/R4RK1 b - - 6 15,g4f3 c3g7,939,mate mateIn1 middlegame oneMove
UWwWk,3r2k1/ppp3pp/2n1b3/2b1p3/4P3/NPP3nP/P1Q1NqBK/R1B5 w - - 0 18,e2g3 f2g1,939,mate mateIn1 middlegame oneMove
V4R70,2r2rk1/pp3pp1/2q4p/4p3/2B3b1/P1Q1P3/1PR2PPP/5RK1 b - - 5 17,b7b5 c4f7 f8f7 c3c6 c8c6 c2c6,939,advantage discoveredAttack long master middlegame
S8Fgl,rn2kb1r/pp2pppp/2p1b3/3nP3/2B5/8/PPP2PPP/RNBK2NR w kq - 2 8,b1c3 d5c3 b2c3 e6c4,940,crushing discoveredAttack opening short
fuqKN,8/8/8/1r2kp2/2KR4/8/7P/8 w - - 0 50,c4b5 e5d4 h2h4 f5f4 h4h5 f4f3 h5h6 f3f2 h6h7 f2f1q,940,advancedPawn crushing endgame hangingPiece promotion quietMove veryLong
2U9Yz,3r2k1/p1R2pp1/1p5p/3q4/5Q2/P7/1P6/1K6 b - - 5 36,d5d6 f4f7 g8h8 f7g7,941,endgame mate mateIn2 short
TSdgN,8/6pp/2R2p2/5k1P/2K5/4P3/r4PP1/8 w - - 3 45,c6c7 a2c2 c4d3 c2c7,941,crushing endgame rookEndgame short skewer
2hCPI,r3k1r1/1bq1ppQp/p1np1np1/1ppN4/4P3/3P1NPP/PPP2PB1/R3K2R b KQq - 4 13,g8g7 d5c7 e8d7 c7a8,942,advantage fork hangingPiece middlegame short
TkB2n,7k/1p5p/p5p1/2p5/2P2p1b/1P3P1P/5PK1/R1B1r3 b - - 0 35,h8g7 c1b2 g7f7 a1e1,942,crushing discoveredAttack endgame short
wpGiO,3r2k1/5p1n/p1p1p1pP/q7/4PP2/1P2Q1N1/1PP3R1/2K5 w - - 1 33,c2c3 a5a1 c1c2 a1d1,942,endgame mate mateIn2 queensideAttack short
cLbpG,8/7k/2p3p1/1pQ5/3PqP2/P5PK/1P6/8 w - - 0 39,c5d6 e4h1 h3g4 h1h5,943,endgame mate mateIn2 queenEndgame short
KnMtt,6k1/ppp2pp1/2b2q1p/2b4r/4P3/2N2P2/PPP1N1PP/3Q1R1K w - - 1 18,e2g3 h5h2 h1h2 f6h4,944,attraction kingsideAttack mate mateIn2 middlegame sacrifice short
uKbAC,3r4/pk4p1/1p1Bp3/3nP3/4N1p1/P2K2P1/1PR2P1r/8 b - - 0 27,d5e7 c2c7 b7a8 c7e7,944,crushing endgame fork short
Hd9uD,1R6/6pk/5p1p/8/6N1/3r3K/7P/8 w - - 2 44,h3h4 g7g5 h4h5 d3h3,946,endgame mate mateIn2 short
6sE1c,rn5r/1bq1Bpbk/p4npp/3P4/2N5/1PN5/P1P2PPP/R2QR1K1 b - - 0 18,f6d5 c3d5 b7d5 d1d5,947,advantage middlegame short
Oa1ap,1k5r/1b1R4/1p1p1p1p/3Pp2P/4P3/1B3q2/PK6/2Q5 b - - 1 34,f3e4 c1c7 b8a7 c7b7,947,endgame mate mateIn2 short
sqojq,1r6/1nR1B3/4p2p/4k1p1/2P5/7P/6P1/6K1 b - - 1 40,b7a5 c7c5 e5d4 c5a5,947,crushing endgame fork master short
x7i48,NQ2n1k1/pp1q1ppp/8/8/3N4/3b4/P2P2PP/2R3K1 w - - 3 25,c1c8 d7d4 g1h1 d4a1 c8c1 a1c1,947,backRankMate hangingPiece long mate mateIn3 middlegame
4S6eg,r1bq2k1/pppp2pQ/1b2p3/4n1r1/6P1/2PB4/PP3P1P/RNB2RK1 b - - 0 14,g8f8 h7h8 f8f7 h8d8,948,crushing middlegame short skewer
MeDyO,r1bq1rk1/pp2bpp1/2p4p/3B2N1/3PN2P/4P3/PPQ2P2/2KR3R b - - 0 16,d8d5 e4f6 g7f6 c2h7,948,clearance kingsideAttack mate mateIn2 middlegame sacrifice short
xzqiO,r5k1/1pp3pp/p2q3r/4p3/1P1bPp2/P2P1P2/3BQ1PP/1R3R1K w - - 1 21,d2e1 h6h2 h1h2 d6h6 e1h4 h6h4,948,attraction kingsideAttack long mate mateIn3 middlegame sacrifice
q0g2z,6k1/5p1p/2p3p1/p7/2P5/6P1/PP2p1R1/4Qq1K w - - 1 37,g2g1 f1h3,949,endgame mate mateIn1 oneMove
xL6Ko,8/8/8/pr6/3kp3/R7/3K4/8 b - - 5 60,b5h5 a3a4 d4d5 a4a5,949,crushing endgame interference rookEndgame short
SsIbr,6k1/pp1r1pp1/2p3rp/6q1/3P4/1QPR2RP/P4PP1/6K1 b - - 10 26,g5c1 d3d1 c1d1 b3d1,950,crushing defensiveMove endgame short
gzhZ5,8/6N1/1p2k3/3p2pp/1P1P1nP1/4KP2/8/8 b - - 1 54,e6f6 g7h5 f4h5 g4h5,950,crushing endgame knightEndgame short
69H2x,8/8/p4k2/2P5/P4K2/2P1Np2/4qP2/8 b - - 1 57,e2f2 e3g4 f6e6 g4f2,951,crushing endgame fork master short
Bsbn3,rr4k1/pRnq2bp/3p1np1/2pPpb2/2P1N3/P2N2PP/3BQPBK/1R6 b - - 3 27,f6e4 b7b8 a8b8 b1b8,951,crushing master middlegame short
PTuR8,8/3P4/2R4p/6pk/2pr4/5P1P/5KP1/8 b - - 0 36,d4d7 g2g4 h5h4 c6h6,951,deflection endgame mate mateIn2 rookEndgame short
chmdF,8/p7/2P5/3B4/P5pk/5p2/3R3K/2r5 w - - 2 61,d5e6 g4g3,951,endgame mate mateIn1 oneMove
ps8lk,8/1p6/2p3R1/P3p3/8/1r2kN2/7P/6K1 b - - 0 33,e3f3 g6g3 f3e2 g3b3,951,crushing endgame master rookEndgame short skewer
vdyRz,4rk2/5r2/7R/R5P1/7n/KP6/P7/8 b - - 2 52,h4f5 h6h8 f8g7 h8e8,951,advantage deflection endgame master masterVsMaster short skewer
lycPg,r3kb1r/pp3ppp/1q2p1n1/3pP1B1/3P2P1/8/PPQ2P1P/R3KB1R b KQkq - 0 14,b6d4 f1b5,953,bodenMate mate mateIn1 middlegame oneMove
pSM2B,3R4/6pk/8/3p1KPp/3P3P/4P3/6b1/4r3 b - - 5 46,e1e3 g5g6 h7h6 d8h8,953,endgame mate mateIn2 short
yjUrY,8/2k5/3r4/3pK3/8/8/8/R7 b - - 4 63,c7d7 a1a7 d7c6 a7a6 c6c5 a6d6,953,crushing endgame exposedKing long rookEndgame
pWJLD,8/6R1/p2kp3/1p1n2Np/6nP/1P4P1/P4PK1/3r4 b - - 2 36,d1d2 g5e4 d6c6 e4d2,954,crushing endgame fork master short
uLufu,N4bnr/pp1k2pp/3p4/8/3pPpP1/3B1q2/PPP1K1bP/R2QB2R w - - 0 18,e2d2 f3e3,955,mate mateIn1 middlegame oneMove
uQzZQ,5rk1/1p3p2/p1p1b1Bp/4P2n/7q/P1P2P1P/1P1rN1QK/4R1R1 b - - 0 30,f7g6 g2g6 h5g7 g6g7,955,fork mate mateIn2 middlegame short
xpwKq,2r2rk1/ppb2ppp/3q4/2p5/3nNPQ1/7P/PP4PN/2R2RK1 b - - 2 17,d6d5 e4f6 g8h8 f6d5,955,advantage middlegame pin short
0oRXo,5k2/p1q5/2p5/2N3pp/1p1R1P2/1P5P/P1R1r1PK/8 b - - 0 33,e2c2 c5e6 f8g8 e6c7,956,advantage endgame fork short
6JdZh,r1bq3r/pp2bpkB/2n1N1p1/3pP3/7Q/2P1B3/P4PPP/R3R1K1 b - - 0 17,c8e6 h4h6,956,mate mateIn1 middlegame oneMove
9T4wU,2r1r1k1/pp4p1/2q3pp/3N4/3RP1P1/P1P4P/1P4B1/1K1R4 b - - 0 26,e8d8 d5e7 g8f8 e7c6,956,crushing fork middlegame short
WEx1o,8/8/6N1/6Pp/7P/4Kpk1/8/8 w - - 2 71,g6e5 f3f2 e3e2 g3g2 e5d3 f2f1q,956,advancedPawn crushing endgame knightEndgame long master promotion
wxlr4,3r4/5ppp/1k1bp3/Rp6/3P4/1P2BP2/P4P1P/6K1 w - - 3 23,b3b4 d6b4 a5b5 b6b5,956,crushing endgame master short trappedPiece
wBIcs,8/4kp1p/8/2N5/3n4/6R1/5rPP/1K6 b - - 0 39,e7d6 c5e4 d6e6 e4f2,958,advantage endgame fork short
2jDTS,5Qk1/p4ppp/2p2b2/2Nb4/8/8/q4PPP/3RR1K1 b - - 0 24,g8f8 c5d7 f8g8 e1e8,959,backRankMate endgame mate mateIn2 short
A3nIs,6k1/1p6/1P5p/2B3p1/P1n5/6P1/6K1/8 b - - 2 41,c4b2 a4a5 b2c4 a5a6,959,crushing endgame master quietMove short
ABJRy,3rr1k1/5p1p/p1R4p/4qp2/NP3b2/PQ5P/5PP1/1R4K1 w - - 12 31,a4c5 e5e1 b1e1 e8e1,959,kingsideAttack mate mateIn2 middlegame pillsburysMate sacrifice short
YNDMK,r5nr/pp3pk1/6p1/2pPp3/2P1P1bp/1P6/P1Bq2PP/RQ1N1R1K w - - 2 19,f1f2 d2e1 f2f1 e1f1,959,kingsideAttack master mate mateIn2 middlegame short
kBjS5,r1bq1b1r/ppppkBpp/2n5/4p3/4n3/1Q1P4/PPP2PPP/RNB1K1NR b KQ - 0 6,e4d6 c1g5,959,mate mateIn1 oneMove opening
pWq8h,8/5pp1/4p3/1n1k2p1/2RP4/2p2P1P/5KP1/8 w - - 0 42,c4c5 d5d4 c5b5 c3c2,959,advancedPawn crushing endgame master sacrifice short
qS6Fh,3r4/4k2p/1q3p2/1B1p1bp1/1Q1P1B2/4PPK1/1Pr3PP/7R b - - 1 24,e7f7 b5e8 d8e8 b4b6,959,advantage discoveredAttack middlegame short
NRYNI,7Q/5K2/3k4/p7/3P4/2P3P1/5q2/8 w - - 5 52,h8f6 f2f6 f7f6 a5a4 g3g4 a4a3 g4g5 a3a2 g5g6 a2a1q,960,advancedPawn crushing endgame promotion queenEndgame quietMove veryLong
OXTBU,r4r1k/pp1b1p2/4p2P/4q3/2P1B1P1/8/P1QBK3/R7 b - - 0 27,d7c6 d2c3 e5c3 c2c3,960,crushing middlegame pin short
my89f,r4r2/ppp1p1k1/1n1N1p2/5RB1/3n4/1BR5/P5PP/6K1 w - - 1 23,g5e3 d4e2 g1h1 e2c3,961,advantage fork master middlegame short
d0fub,5r1k/p1P3pp/2p5/8/2B2Bb1/4Q1Pq/PPP4P/RN2b2K w - - 1 21,e3e1 g4f3 h1g1 h3g2,962,kingsideAttack mate mateIn2 middlegame short
qiiLo,1r3rk1/2p2ppp/pb6/2pq4/3Nb3/1NP5/PP4PP/R1BQ2RK w - - 0 19,d4e2 e4g2 g1g2 d5d1,962,crushing deflection kingsideAttack middlegame short
vR85N,7r/1p2kppr/p1n1pnp1/3p4/3P4/1Q1BPPq1/PP1B1R1P/2R3K1 w - - 0 20,h2g3 h7h1 g1g2 h8h2,962,blindSwineMate kingsideAttack mate mateIn2 middlegame short
BFesh,8/p2k1p2/4p2p/1pp1P2P/3nBP2/3PK3/PP6/8 w - - 0 33,b2b4 d4c2 e3d2 c2b4,963,crushing endgame master short
Q6l4b,8/R4Bpk/2p4p/5P2/8/n2r4/6KP/3b4 b - - 0 34,a3b5 f7g6 h7h8 a7a8 d3d8 a8d8,963,endgame long mate mateIn3 pillsburysMate
cN7VM,r3r2k/5p1p/pq1b1p1B/2p1pN2/3pP1Q1/8/PPP3PP/R6K b - - 1 22,e8g8 h6g7 g8g7 g4g7,963,kingsideAttack mate mateIn2 middlegame short
qQSbK,r1b1kb1r/pp2qp1p/2p2np1/8/4PB2/2N5/PPP1B1PP/R2Q1RK1 w kq - 2 12,f4g5 e7c5 g1h1 c5g5,963,crushing fork opening short
AHlRq,6k1/p7/6p1/P4p2/1P1bNn1P/7P/r4PB1/3R2K1 w - - 0 36,d1d4 f4e2 g1h2 e2d4,964,advantage endgame fork short
Ku3Y4,r7/7k/p5p1/5p2/3B1K2/1bP5/8/R7 b - - 3 51,a6a5 a1h1 h7g8 h1h8 g8f7 h8a8,964,crushing endgame long skewer
n7SeN,r1b1k2r/pp3ppp/2pbp3/1N6/1q2nP2/4B3/P1P3PP/1R1Q1BKR b kq - 1 12,b4a5 b5d6 e4d6 d1d6,964,crushing opening short
8GNFA,rn3r1k/1pp2Rpp/p7/4p3/2B1P3/2P3Q1/Pq4PP/3R3K b - - 0 17,f8f7 d1d8 f7f8 d8f8,965,kingsideAttack mate mateIn2 middlegame short
RAjad,2k4r/R7/2bbP2p/5P2/p7/P1P5/1R4PP/6K1 w - - 3 42,b2b6 d6c5 g1f1 c5b6,965,crushing endgame fork short
G4Utd,2r3k1/5pp1/Q6p/4P3/3q4/P5RP/2r3P1/1R5K w - - 0 34,a6d6 c2c1 b1c1 c8c1 h1h2 d4g1,966,endgame long mate mateIn3
dN3DQ,7R/5pk1/4Npp1/1p1p4/1PnQ4/2P2PqP/4r1P1/6K1 b - - 3 30,g7h8 d4f6 h8g8 f6g7,966,endgame mate mateIn2 short
ru25s,r3k2r/1pp1bpp1/p3p3/3qn3/4NBp1/2P5/PP2B1P1/R3QRK1 b kq - 3 18,d5e4 e2b5 a6b5 e1e4,966,advantage discoveredAttack middlegame short
MmZhb,r1q2rk1/1pp2pp1/7p/p1bBPR2/P2N4/4Q3/1PP3PP/3R2K1 b - - 0 20,c8f5 d4f5 c5e3 f5e3,967,advantage middlegame short
ss0KH,2r1r2k/pp1q2pp/3b1p2/3Qp3/3P2P1/2P2N2/PP4PP/4RRK1 w - - 1 22,d4e5 d6c5 d5c5 c8c5,967,crushing middlegame short
xy248,rn1qkbnr/3b3p/p3pp2/6pB/NppPp3/8/PPPB1PPP/R2QNRK1 b kq - 3 12,e8e7 d2b4,967,bodenMate mate mateIn1 oneMove opening
4Yy5f,1r4k1/4pp2/p1Pp2p1/1q2b2b/4N2R/1B2B3/PP6/1KQ5 w - - 1 33,e4d2 b5d3 b3c2 d3e3,968,advantage fork middlegame short
MHh0K,2k3r1/ppp1n1rp/3q4/1P6/P2PQ3/4P3/5PP1/R1B2RK1 w - - 1 22,g2g3 g7g3 f2g3 d6g3 e4g2 g3g2,968,kingsideAttack long mate mateIn3 middlegame sacrifice
Rp14K,6k1/p3Qp1p/1p4p1/n7/3P4/2P2NP1/q4PKP/8 b - - 1 25,a5c6 e7e8 g8g7 e8c6,968,advantage endgame fork short
SpOCj,1k4r1/pppQ1p2/2p3b1/4q1N1/P6n/1P1P4/2P2P2/4RR1K b - - 3 30,e5g5 e1e8 g8e8 d7e8 g5d8 e8d8,968,long mate mateIn3 middlegame queensideAttack
dZga0,8/R4pp1/2p1p1p1/4P3/2nk1P2/2R3P1/7r/2K5 w - - 1 45,c3c2 h2h1,968,endgame mate mateIn1 oneMove
2O1F8,8/p6k/4P1pp/2b5/5Q2/2P1n1P1/PP5P/2q2B1K w - - 3 31,h2h4 c1f1 f4f1 e3f1,969,advantage endgame short
qWqxJ,1r6/p7/3pk3/4pn2/4N3/3P2PK/8/3RB3 w - - 7 40,h3g4 f5e3 g4f3 e3d1,969,crushing endgame fork short
BWqXz,k7/P1K5/1P6/8/8/8/5p2/8 b - - 2 58,f2f1q b6b7 a8a7 b7b8q a7a6 b8b6,970,advancedPawn endgame exposedKing long mate mateIn3 promotion queenEndgame
XW3fQ,7k/6p1/7p/7P/3QpP2/3qP1PK/8/8 b - - 4 48,d3d4 e3d4 e4e3 h3g2,970,crushing defensiveMove endgame short
ZP1oA,r1b1k1r1/pp3p2/2pp4/3Pp2P/PPP1P3/3B1Pp1/6P1/2RQRK1q w q - 4 25,f1e2 h1g2 e2e3 g2f2,970,mate mateIn2 middlegame short
tSewc,r2b2k1/8/P1p1p2p/2P1P1p1/2pP4/7P/1R3BP1/6K1 w - - 0 48,b2b6 d8b6 c5b6 a8a6,970,capturingDefender crushing endgame short
uY0Wv,2r3k1/5ppp/p4q2/5P2/Qp6/1P6/P1P1r1PP/4RRK1 b - - 3 24,c8c2 a4e8 e2e8 e1e8,970,backRankMate endgame mate mateIn2 sacrifice short xRayAttack
z3VcV,3r4/2b1kppp/2Q1p3/8/2p2q2/P4N2/5PPP/3R2K1 w - - 4 23,d1d8 f4c1 d8d1 c1d1 f3e1 d1e1,970,endgame long mate mateIn3
LbQfG,r1b1Rnk1/3n1pp1/p1q4p/2NpB3/1p1P4/3B1P2/PPQ3PP/7K b - - 12 26,d7e5 d3h7 g8h8 e8f8,971,deflection kingsideAttack mate mateIn2 middlegame short
OpZsb,1r3rkb/p4p1p/b2p1Pp1/2p1n3/4P1N1/2qPB2P/P3Q1B1/1R3R1K b - - 1 23,b8b1 g4h6,971,master mate mateIn1 middlegame oneMove
Q1FGX,2r1r1k1/1Q3pp1/3Np2p/p2p4/5BP1/4PK1P/2q2P2/8 b - - 1 36,c8b8 b7f7 g8h7 d6e8 b8e8 f7e8,971,advantage endgame long
gBvi0,2rr2k1/5p1p/1p2p1p1/3n4/P7/2N5/1R1R1PPP/6K1 w - - 0 34,c3d5 c8c1 d2d1 c1d1,971,backRankMate endgame mate mateIn2 short
lDFc2,8/p3R2p/1bp3pk/Bp2P3/1PPr2PP/5K2/1Pn5/8 b - - 2 33,d4c4 g4g5 h6h5 e7h7,971,deflection endgame mate mateIn2 short
zDYwS,6k1/1p2b1pp/3p1R2/pN2p2Q/P3P3/3P4/6KP/q7 b - - 0 23,e7f6 h5e8,971,endgame mate mateIn1 oneMove
0MROi,2r5/1p3pk1/3N3p/p3P3/2P2K2/1P6/P6P/8 b - - 1 32,c8c7 d6e8 g7f8 e8c7,972,crushing endgame fork short
8YcZ0,1n6/3r3p/5pk1/5p2/1pN2Pp1/6P1/5K2/2R5 b - - 1 45,d7c7 c4e5 f6e5 c1c7 b4b3 c7b7,972,crushing discoveredAttack endgame long
UMSWx,8/p7/1p2p3/4P3/3Pr3/2P3k1/PP2Kp2/5Q2 w - - 1 43,e2d3 e4e1 f1f2 g3f2,972,crushing endgame queenRookEndgame short trappedPiece
fSo1J,1r5k/1b1qN1rR/p2p1B2/8/4P3/5P2/1PP3P1/1K1R4 b - - 0 29,h8h7 d1h1 d7h3 h1h3,972,anastasiaMate mate mateIn2 middlegame short
ij4c5,7k/8/2p1RpBP/3p1Np1/p2P2P1/2PK4/5P2/1q6 w - - 4 36,d3e3 b1e1 e3f3 e1e6,972,crushing endgame master short skewer
jZNIe,r5r1/pp3p2/2pp1k2/4p3/2B1PP1p/1Q1PP2q/PP3B1P/R4RK1 w - - 1 23,g1h1 h3f3,972,mate mateIn1 middlegame oneMove
HdqG2,r4bkr/pp2p1p1/2n2n1p/3p3P/3P1Bq1/2PB1P2/PP2Q3/RN2K2R b KQ - 0 15,g4f4 e2e6,973,mate mateIn1 oneMove opening
LxPPS,2r3k1/5ppp/p7/4p3/PPr5/3QPqP1/R4P1P/1R4K1 w - - 0 29,d3e2 c4c1 e2e1 c1e1,973,crushing endgame short
1WY14,3k4/8/2P3p1/K3Bp2/5P1P/5n2/8/8 b - - 0 54,f3h4 e5f6 d8c8 f6h4,974,crushing endgame fork short
7ewho,8/8/3Pk3/2r2p1p/4p2P/4K1P1/3R4/8 b - - 0 37,c5d5 d2d5 e6d5 d6d7,974,advancedPawn crushing endgame rookEndgame short
9Ug3E,r3kbnr/pp1bpppp/n7/1N1p4/8/2P1PN2/P3BPPP/q1BQK2R b Kkq - 2 10,d7b5 e2b5 e8d8 d1d5,974,crushing opening short
BIU9I,6k1/8/p1R5/2p1rb2/2R2pp1/2P2P2/5KP1/8 w - - 0 39,c4c5 g4g3 f2f1 f5d3 f1g1 e5e1,974,endgame long mate mateIn3
JqoPR,3r3r/pk1p2p1/1pp2p1p/n4Q2/5B2/q1P2P2/P1P3PP/1R2R1K1 b - - 3 22,h8e8 e1e8 d8e8 f5d7 b7a6 d7e8,974,attraction crushing fork long middlegame
NPrPU,8/6k1/8/p7/1p6/1P2Rqp1/P2K4/8 b - - 1 61,g7g6 e3f3 g3g2 f3g3,974,crushing endgame hangingPiece master short
iCQRn,4r1k1/6pp/4p3/4R3/2p2N2/2P1BnPK/7P/8 w - - 6 32,e5e6 f3g5 h3g4 g5e6,974,advantage endgame fork short
v9NjT,r3kb1r/pp2pppp/q1bp4/3n4/3P2Q1/8/1P1BNPPP/2R1K2R b Kkq - 1 16,c6b5 c1c8 a8c8 g4c8,974,mate mateIn2 middlegame short
9Yj6e,8/1p6/8/p5R1/1r4P1/1k3P2/4K3/8 w - - 0 43,g5g8 a5a4 g4g5 a4a3 g5g6 a3a2,975,advancedPawn advantage endgame long quietMove rookEndgame
YMOqc,2b2rk1/5p1p/4pqp1/2Np4/3n4/1BQ2N2/Pr3PPP/R3R1K1 w - - 0 23,f3d4 f6f2 g1h1 f2g2,975,kingsideAttack mate mateIn2 middlegame short
eQOKz,1R4k1/4p1bp/6p1/2pPPp2/5PP1/5B1P/3n2K1/r7 b - - 1 36,g8f7 e5e6 f7f6 g4g5,975,endgame mate mateIn2 short
nPqZa,r6k/2q2p1p/p1n1b1R1/1p2P2N/3P4/2P2Q2/PP5P/R6K b - - 0 29,h7g6 f3f6 h8h7 f6g7,975,mate mateIn2 middlegame short
vPwPk,r6r/pbp1qpp1/1p2N1k1/n2pP3/P2P1PQ1/2P5/2P3PP/R4RK1 b - - 0 16,g6h7 g4g7,975,mate mateIn1 middlegame oneMove
7pgvU,r3kb1r/pppq1ppp/3p1n2/4p3/2BnP3/P1NPBP2/1PP2P1P/R2QK2R w KQkq - 1 9,c3e2 d4f3 e1f1 d7h3,976,mate mateIn2 opening short
Ciu0w,4r3/pp4pp/3k1pb1/3P4/3n2P1/P4B2/1P1K1P1P/2R3N1 w - - 1 26,f3g2 d4b3 d2d1 b3c1,976,crushing endgame fork short
MbiT3,4B3/p5pk/5n1p/q3n3/3pb1P1/1Q4BP/PP3P2/2R3K1 w - - 0 29,e8b5 e5f3 b3f3 e4f3,976,crushing middlegame short
YcCw9,6rk/2p3r1/1p1q3p/p2P4/4P3/2Q5/PP3RPP/5RK1 w - - 0 29,f2f6 g7g2 g1h1 g2h2,976,endgame mate mateIn2 short
BojWB,6k1/ppp3n1/1bnp2r1/5qN1/5P1Q/2P3BP/P5P1/4R2K b - - 0 26,b6c5 h4h7 g8f8 h7h8,977,kingsideAttack mate mateIn2 middlegame short
Y3dDI,r4rk1/5ppp/p1n3q1/1p1Bb3/3p4/P5P1/1PPQNR1P/5RK1 b - - 3 20,f8d8 d5f7 g6f7 f2f7,977,crushing fork middlegame short
7hTow,rnb1kb1r/pp3ppp/4p3/4N3/2q5/8/P1BB1PPP/R2QK2R b KQkq - 1 13,c4b5 c2a4 b5a4 d1a4,978,crushing opening pin short
SmBqr,1r2k2r/p2Q1p2/2p4p/q6p/2B1P3/2P5/P1P2PP1/2KR4 b - - 0 18,e8f8 d7f7,978,endgame mate mateIn1 oneMove
58Xgv,2r3k1/p1rn1pbp/4pqp1/Q1pb4/N2Nn3/BP2PPP1/P3B2P/2RR2K1 b - - 0 21,c5d4 c1c7 c8c7 a5c7,979,advantage master middlegame short
LriT2,r4rk1/p3b2p/b1n1pnRP/q2p4/1p6/P1N1B3/1PQ2P2/2KR4 b - - 0 21,h7g6 c2g6 g8h8 g6g7,979,kingsideAttack mate mateIn2 middlegame short
QZoEV,r1bq3r/pppnbkpp/3p1n2/4p1N1/3PP3/2N5/PPP2PPP/R1BQK2R b KQ - 1 7,f7f8 g5e6 f8f7 e6d8,979,advantage fork opening short
SOMa1,8/p1pR2n1/1p2p1p1/6kp/1P2B3/P4PKP/r7/8 w - - 0 35,d7g7 h5h4,979,endgame mate mateIn1 oneMove
nMhW3,N7/1p4pp/p1nk4/2p5/5r2/P2P1B2/1PP2nP1/R1B1b2K w - - 1 24,h1h2 f4h4 h2g1 h4h1,979,mate mateIn2 middlegame short
WlnBV,2k3r1/ppp2pr1/3qpp1p/1P3n2/3P3N/4P2P/P3QPP1/R1R3K1 w - - 3 20,h4f5 g7g2 g1f1 g2g1,980,kingsideAttack mate mateIn2 middlegame short
OB4ek,1r3rk1/p1p2ppp/2p5/3pn3/7q/1P1B3b/P1PQNPP1/R4RK1 w - - 0 15,g2h3 e5f3 g1g2 f3d2,981,crushing fork middlegame short
nZpqE,8/6kp/4Q3/2p2p1q/3b2p1/6P1/P2R2KP/8 w - - 0 31,a2a4 h5h3 g2h1 h3f1,981,endgame mate mateIn2 short
EVyjC,r1b1k1nr/ppp1qppp/8/4n3/1bPN4/P7/1P1NPPPP/R1BQKB1R w KQkq - 0 8,a3b4 e5d3,982,mate mateIn1 oneMove opening pin smotheredMate
LLpnB,8/p5pb/2p4k/3p2N1/7p/2KP3r/PPP5/6R1 b - - 5 41,h3h2 g5f7 h6h5 g1g5,982,endgame mate mateIn2 short
jw7Pm,8/p1r1kp1p/R7/1KPbP3/8/P5P1/4P2P/8 b - - 4 38,e7d7 a6d6 d7c8 d6d5,982,advantage endgame fork short
79uuZ,rnb1kb2/ppp2pp1/8/4p3/4P1Pq/3p4/PPPP1PP1/R1BQKBNN w Qq - 1 10,g1h3 c8g4 d1g4 h4g4,983,crushing master opening short trappedPiece
RGvir,6rk/p3qp2/Pp2p1rp/3nNp2/3Pn3/1N4PP/1P2RP2/R1Q4K b - - 0 24,g6g3 c1h6,983,kingsideAttack master mate mateIn1 middlegame oneMove
puz5y,1r4k1/pbpp3p/1p1P4/8/5ppq/1B3Q1N/PP5K/8 b - - 0 32,g8h8 f3c3 h4f6 c3f6,983,endgame mate mateIn2 short
qBZoJ,1r1k4/7B/5bQ1/1pppP3/p2P1r2/P1P5/R5RK/5q2 w - - 0 43,e5f6 f4h4 h2g3 f1f4,983,mate mateIn2 middlegame short
zgapF,r5k1/5p2/7R/5p2/2q1pQ2/4P1P1/5P1P/6K1 w - - 1 36,f4f5 a8a1 g1g2 c4f1,983,endgame mate mateIn2 short
68sy5,3q1b1r/1r3kpp/3pb3/1N1Pp3/PP3p2/2P2QP1/5P1P/R4RK1 b - - 0 21,e6h3 f3h5 f7g8 h5h3,984,crushing fork master middlegame short
NVGo0,8/8/1p6/p1p5/5p2/P2P4/1PP1K1k1/4R1Br b - - 7 47,h1g1 e1g1 g2g1 e2f3,984,crushing endgame rookEndgame short
il9AL,5r2/1bp2p1k/p3nBp1/1p2R3/6p1/P1P5/1PB2KPP/8 b - - 1 32,f8e8 e5h5 h7g8 h5h8,984,endgame master mate mateIn2 operaMate pin short
zV1Oe,3r4/2R2p2/4pkn1/1B6/5PP1/6K1/8/8 b - - 2 49,g6e7 g4g5 f6g7 c7e7,984,advantage deflection endgame master short
zkoeq,B1b5/p1NpBk1p/1p1P4/5p2/5P2/8/P1P1K2P/r6n b - - 0 25,a1a2 a8d5 f7g6 d5a2,984,crushing endgame fork short
0mTop,1r1r2k1/p2q1pbp/8/4p1Q1/3pNp2/8/PPP2PPP/1R1R2K1 b - - 1 20,h7h6 e4f6 g8h8 f6d7 h6g5 d7b8,985,middlegame
O4ksk,r1bq2k1/ppp4p/3p1n1Q/7N/4rP2/8/PPP3P1/R1B2K1R b - - 5 18,f6g4 h6g7,985,mate mateIn1 middlegame oneMove
c3zR1,r5k1/5p2/2R3p1/p6p/2pp3P/3n4/5PP1/3R2K1 w - - 0 29,c6c4 d3b2 c4d4 b2d1,985,advantage endgame fork master short
lKypk,8/8/4Pkpp/p2P2n1/3K1N2/8/P7/8 w - - 1 50,d5d6 g5e6 f4e6 f6e6,985,crushing endgame knightEndgame short
lW9rm,r6Q/ppk1pp1p/1q1p2p1/1B2N3/P3n3/8/1PP2PPP/R3K2R w KQ - 3 16,h8a8 b6f2 e1d1 f2d2,985,attackingF2F7 mate mateIn2 middlegame short
mlLTN,6Q1/4r3/p3k1p1/3bqp2/8/8/PPP5/2KR4 b - - 17 45,e6d7 d1d5 e5d5 g8d5,985,crushing endgame fork master short
rXXBM,r2qkb1r/ppp2Bpp/2np4/4N3/8/2P5/PPP2PPP/R1BbK2R b KQkq - 0 9,e8e7 c1g5,985,mate mateIn1 oneMove opening
WAHiF,8/pk1n2QR/1p3P2/2q5/6P1/P1pp2p1/2P5/1RB3K1 w - - 5 33,g1g2 c5f2 g2h3 f2h2,986,endgame mate mateIn2 short
d3fVn,4rk2/pp2npp1/7p/3b3N/3p1PP1/P5P1/1PPN1K2/4R3 b - - 2 28,e7c6 e1e8 f8e8 h5g7,986,attraction crushing endgame short
eIySi,2r2rk1/pp1q2b1/6np/2p1Pp2/2Pp4/1Q1P4/PP3PBP/R3R1K1 b - - 0 23,d7e6 g2d5 g6f4 d5e6,986,advantage kingsideAttack master middlegame pin short
kRh1D,2R3k1/5p1p/1p2p1pb/1B1nP3/P2P4/BP2q3/6PP/7K b - - 0 27,g8g7 a3f8 g7h8 f8h6,986,deflection discoveredAttack discoveredCheck endgame mate mateIn2 pillsburysMate short
4yH7z,r2qk2r/pp3ppp/2n1p3/1B1p4/3Pb3/P3PN2/1P3PPP/R2QK2R w KQkq - 0 12,f3e5 d8a5 d1d2 a5b5,987,advantage fork middlegame short
HHr1i,1r5k/5Bp1/p4nP1/2R5/1P2N3/1r6/6K1/8 b - - 3 53,f6e4 c5h5,987,endgame mate mateIn1 oneMove pillsburysMate
cr0v6,6rk/p2n2b1/6Qp/3p2N1/5P2/P1q5/6P1/5R1K b - - 3 30,h6g5 g6h5 g7h6 h5h6,987,endgame mate mateIn2 short
j5iqZ,8/5k2/p4pnP/1p1qp3/1P4Q1/P3PNPK/3p1P2/8 w - - 2 38,f3d2 d5h1,987,endgame mate mateIn1 oneMove
qQ9VN,6k1/2p2pp1/7p/6b1/2B5/1R2P3/P2r2PP/6K1 b - - 3 24,d2c2 b3b8 g8h7 c4d3 g7g6 d3c2,987,advantage endgame fork long
1xdHR,8/2k5/4n3/5P1K/8/6P1/8/8 b - - 0 51,e6g7 h5g6 g7f5 g6f5,988,crushing defensiveMove endgame knightEndgame short
6hwd7,1r6/3N1p1k/5p1p/p2p1P2/2p1p3/2P1P3/3r1PRK/8 b - - 1 32,b8b2 d7f6 h7h8 g2g8,988,arabianMate endgame mate mateIn2 short
ULEve,r1b1kb1r/p2p1ppp/2p1p3/4P3/2nPBP2/8/PP4PP/RNB1K2R b KQkq - 0 15,d7d6 e4c6 c8d7 c6a8,988,crushing fork middlegame short
u6QA8,1R6/1P4kp/5r2/n3p3/2p5/2P2pPK/P4P1P/8 b - - 0 38,f6f7 b8g8 g7g8 b7b8q,988,advancedPawn attraction crushing endgame promotion short
0RaDJ,2K5/5k2/2PQ4/q7/8/8/8/8 w - - 0 70,c6c7 a5a8 c8d7 a8e8,989,endgame master mate mateIn2 queenEndgame short
QSoFD,3r2k1/p1r2b1p/1p3p1B/nB2pP2/4N2q/4Q1P1/P6P/1R5K b - - 0 32,h4g4 e4f6 g8h8 f6g4 f7d5 h1g1,989,crushing defensiveMove fork long middlegame
f80Mi,6R1/1p3p1p/5P2/1r5P/p5k1/8/KPr5/5R2 b - - 1 33,g4h4 f1h1 c2h2 h1h2,989,endgame mate mateIn2 rookEndgame short
ILJWJ,r4bnr/pp1Bk1p1/4p3/5pp1/7P/1NP5/PP3PP1/2KR3R w - - 1 18,h4g5 h8h1 d1h1 e7d7,990,advantage middlegame short
bEgfL,5r1k/3R1p1p/8/1qr1p3/p3P3/6Q1/PPP3PP/1K3R2 w - - 7 31,d7f7 b5f1 f7f1 f8f1 g3e1 f1e1,990,endgame long mate mateIn3 xRayAttack
cVfl5,8/p4Qpk/5n1p/1Pp1p3/2P3P1/q4B1P/5PK1/8 b - - 0 38,e5e4 f3e4 f6e4 f7f5,990,crushing endgame sacrifice short
d22WP,Q1b5/ppk2ppp/2nbq3/8/2p2P2/2PP2P1/PB5P/1K1R2NR w - - 0 18,d3c4 e6e4 b1a1 e4h1,990,advantage fork middlegame short
JQrQQ,5k2/6p1/1r4P1/5P2/8/8/1p2R3/1K6 w - - 7 62,e2b2 b6b2 b1b2 f8e7 b2c3 e7f6 c3d3 f6f5 d3e3 f5g6,991,crushing endgame rookEndgame veryLong
K4U7a,4Nk2/1p6/6PK/2n5/8/p7/8/8 b - - 0 46,f8e8 g6g7 e8f7 h6h7 c5e6 g7g8q,991,advancedPawn advantage endgame knightEndgame long promotion
OTDGd,r6r/4p1k1/p3qpp1/1ppN4/3nPR2/2PP4/PP3QK1/5R2 w - - 1 26,c3d4 e6h3 g2g1 h3h1,991,mate mateIn2 middlegame short
QxSXw,2r1r1k1/pp1b1p2/3Pn1p1/q6p/4P3/1PN3PP/P2Q2B1/2RR2K1 w - - 1 23,d2f2 c8c3 c1c3 a5c3,991,advantage master middlegame short
ieQ9E,r2q1r2/ppp3kR/3pB1p1/3P2P1/2P1n3/8/PP1Q4/R3K3 b Q - 0 23,g7h7 d2h2 h7g7 h2h6,991,mate mateIn2 middlegame short
tlG2v,2r2qk1/1p2ppb1/3p2p1/p5r1/P5bQ/1B6/1PP1N3/1K1R3R b - - 1 23,g4e2 h4h7,991,master mate mateIn1 middlegame oneMove
5KzYE,r1b5/pp4pp/7k/4Q1N1/5P2/2Pq4/P5P1/6K1 b - - 17 35,d3g6 g5f7 g6f7 e5g5,992,clearance endgame master mate mateIn2 sacrifice short
EnwM2,rn3rk1/pb4pp/1p2q3/6N1/3p1BR1/2PQ4/PP4PP/R5K1 b - - 2 18,e6g4 d3h7,992,kingsideAttack mate mateIn1 middlegame oneMove
RIVIB,r4rk1/ppp2ppp/1b6/3Pp3/4P1QB/8/Pq3PPP/RN2R1K1 w - - 0 16,h4f6 b2f2 g1h1 f2e1,992,backRankMate fork mate mateIn2 middlegame short
chYUc,1r3rk1/4pp1p/1q1p2pb/8/1P1nP3/P1N1PB2/3Q2PP/R4RK1 w - - 0 22,d2d4 h6e3 d4e3 b6e3,992,crushing fork middlegame short xRayAttack
2d7xy,8/p5kp/3q2p1/2R5/N7/1PPp3P/3P1PP1/3B1K2 w - - 3 46,c5c4 d6h2 f2f3 h2h1 f1f2 h1d1,993,advantage endgame long master skewer
VScIz,1rbqkb1r/2N2p1p/2np4/3Np3/4p3/2P5/PP3PPP/R2QK2R b KQk - 2 14,e8d7 d1g4 f7f5 g4f5,993,mate mateIn2 opening short
b4N6p,8/8/5k1p/p1p2P2/Pp2K2P/1P6/8/8 w - - 1 43,e4f4 c5c4 b3c4 b4b3 c4c5 b3b2,993,advancedPawn crushing endgame long pawnEndgame
jYy1t,5rk1/1N1R2pp/r3p3/3pp1q1/8/1P1QP3/P5PP/2R3K1 w - - 0 26,d3a6 g5e3 g1h1 e3c1 a6f1 f8f1,993,backRankMate endgame fork long mate mateIn3
sVtbz,1k6/pp2qrpp/3p1n2/8/Q1Bp2b1/3P4/PP4PP/R1B2K1R w - - 0 18,c4f7 e7e2 f1g1 e2e1,993,mate mateIn2 middlegame short
lOKbL,8/7p/2p1r2k/3p1p2/5P2/4PKR1/7r/1R6 b - - 3 53,h2c2 b1h1 c2h2 h1h2,994,endgame mate mateIn2 rookEndgame short
nIhxl,3q1r1k/6bp/p2p1p2/1p1BR3/3p1NP1/3P3P/Pr6/R3Q1K1 b - - 0 26,d6e5 f4g6 h7g6 e1h4 g7h6 h4h6,994,kingsideAttack long mate mateIn3 middlegame sacrifice
pRlm7,6k1/pp3rp1/3P4/3Q4/8/8/Pq3PPP/R5K1 w - - 0 29,a1e1 b2f2 g1h1 f2e1,994,backRankMate endgame fork mate mateIn2 short
ORblV,R7/1p1b4/3kpP2/2bp4/2n4q/8/P6P/2Q2R1K w - - 1 35,f6f7 h4e4 f1f3 e4f3,995,mate mateIn2 middlegame short
VPRcX,3r2k1/pp1P1p1p/6p1/2R5/8/4r2P/P5P1/3R2K1 b - - 2 31,e3e7 c5c8 e7d7 c8d8 d7d8 d1d8,995,crushing endgame long rookEndgame xRayAttack
A671R,2k3r1/p1p4p/1p1p1p2/3P1q2/8/7P/PPPQ2P1/4R1K1 b - - 1 22,f5h3 e1e8 g8e8 g2h3,996,crushing endgame short
Ab14D,5rk1/pp3ppp/1qp3b1/8/Q3B3/1PP5/P2r1PPP/R3R1K1 w - - 1 21,e4g6 b6f2 g1h1 f2g2,996,kingsideAttack mate mateIn2 middlegame short
Cg8I8,rnb1k2r/pp1p1ppp/4p3/8/2P5/2R1P3/qP3PPP/2Q1KBNR b Kkq - 1 10,b8c6 c3a3 a2a3 b2a3,996,advantage middlegame short trappedPiece
E9WxL,8/Q5pk/7p/3p4/5Nq1/4P3/3n1PPP/5RK1 w - - 3 39,a7d4 d2f3 g1h1 f3d4,996,advantage endgame pin short
Jn8W4,1r1q2k1/p1n2p2/2p3pp/3b4/1P1Q4/P2B4/2P1NPPP/4R2K w - - 1 25,e2f4 d5g2 h1g2 d8d4,996,crushing discoveredAttack kingsideAttack middlegame short
82UI1,5r1k/7b/p6Q/qp1P4/2p2P2/5KP1/PP4P1/7R b - - 0 38,a5c7 h6f8,997,endgame hangingPiece mate mateIn1 oneMove
wUV3C,8/8/8/5PKp/6pP/6k1/8/8 b - - 0 53,g3f3 f5f6 g4g3 f6f7 g3g2 f7f8q,997,advancedPawn crushing endgame long pawnEndgame promotion
AhmMm,1Q6/1P4kp/5pp1/3n4/8/1r2P2P/5PP1/b5K1 w - - 0 30,b8d6 b3b1 g1h2 a1e5 d6e5 f6e5 b7b8q b1b8,998,crushing endgame fork veryLong
F5O0d,7k/p4r2/R2P4/6p1/8/1PK5/P2B4/3r4 b - - 3 57,f7f3 c3c2 d1d2 c2d2,998,advantage defensiveMove endgame master short
ZJ7FS,3n1rk1/1p3p2/pP2p1p1/2Q1P1Pp/2P1qP1P/3rB3/8/4RRK1 b - - 2 32,d8c6 c5f8 g8f8 e3c5 f8e8 e1e4,998,attraction crushing discoveredAttack kingsideAttack long middlegame sacrifice
lQ7FW,4R3/p5pk/2Qb3p/8/6r1/P1P4q/1P3PP1/5RK1 w - - 3 30,c6e4 g4e4 g2h3 e4e8,998,advantage endgame short
9JTw3,r1b2r1k/ppp1q2p/2np3Q/8/3PB3/2P2N1P/P4PP1/R4RK1 b - - 0 18,e7e4 h6f8,999,hangingPiece kingsideAttack mate mateIn1 middlegame oneMove
SE5Gj,r4k2/7p/1p1R2p1/p2Pn3/4P3/1P4P1/P5KP/8 b - - 2 36,f8e7 d6e6 e7d8 e6e5,999,crushing endgame fork short
mNp4R,r5k1/4b1p1/2p5/p2p1qNQ/3P4/P6B/1P5K/8 b - - 3 38,f5g5 h3e6 g8f8 h5h8,1001,endgame master mate mateIn2 short
gYGlL,6k1/1p3pp1/4p2p/1P6/3Q4/6P1/r4PPK/2r5 b - - 1 33,c1b1 d4d8 g8h7 d8d3,1004,advantage endgame queenRookEndgame short
Fap4S,8/8/8/B7/5pk1/1P5p/5KbP/8 b - - 0 49,f4f3 b3b4 g4f5 b4b5 f5e5 b5b6 e5d6 b6b7,1005,advancedPawn bishopEndgame crushing endgame quietMove veryLong
tuSnH,rnbqk2r/p1p2ppp/8/3Pp3/1bp1n3/2N5/PPQ2PPP/R1B1KBNR b KQkq - 1 8,c8f5 c2a4 b8d7 a4b4,1008,advantage fork opening short
ShutV,4r3/pkp3bp/2p1r1p1/5p2/8/3P4/PPPB1PPP/R4K1R b - - 2 19,g7b2 a1b1 b7c8 b1b2,1010,crushing endgame pin short
Dni2Q,rnbqk2r/pppp1ppp/8/2bP2B1/2P1n3/5N2/PP2P1PP/RN1QKB1R w KQkq - 1 7,g5d8 c5f2,1013,mate mateIn1 oneMove opening
lf1ZE,2k4r/ppp4B/4P3/3p1p2/3P1Qb1/2Nq1pP1/PP3K2/2R5 w - - 3 29,c3d5 d3e2 f2g1 e2g2,1017,mate mateIn2 middlegame short
ZmD55,r3kbnr/pppn1ppp/3p1q2/8/2BPPQ2/8/PPP3PP/RNB1K2R w KQkq - 1 8,e1g1 f6d4 c1e3 d4c4,1020,advantage fork opening short
t7ruV,1k5r/1pp2ppp/8/p3q3/3B4/1P3P2/b1PQ3P/2K4R b - - 1 23,e5d5 d4a7 b8a7 d2d5,1033,crushing discoveredAttack endgame master queensideAttack short
8Ov1O,3QR3/5rkp/3p2p1/2p2n2/5P2/3P2qP/6B1/7K b - - 6 34,g3d3 e8g8 g7h6 d8g5,1034,endgame mate mateIn2 short
RGsrZ,2r4k/pQ3ppp/4p3/5n2/2P2Pq1/4B3/PP6/3R1RK1 w - - 0 30,g1f2 g4g3 f2e2 g3e3,1037,mate mateIn2 middlegame short swallowstailMate
43J6E,r1bq1rk1/pppn1pbp/6p1/4p3/2BnP3/2N2N1P/PPP2PP1/R1BQ1RK1 w - - 4 11,c1g5 d4f3 d1f3 d8g5,1040,crushing kingsideAttack master opening short
D7u2C,r4r1k/p1p3pp/2p5/4R3/8/1P5Q/PBq2PPP/R5K1 w - - 0 22,e5h5 c2f2 g1h1 f2f1 a1f1 f8f1,1040,backRankMate fork long mate mateIn3 middlegame sacrifice
DDkJC,4r1k1/2q2p1p/1p2pQp1/2npP3/3N4/6P1/1r3PKP/2R2R2 b - - 3 30,c5e4 c1c7 e4f6 e5f6,1040,crushing master middlegame short
h1Ev4,6r1/1p3p1k/p1p2p2/3n2rp/P5P1/7R/1P1Q3P/7K b - - 0 36,g5g4 h3h5 h7g6 d2h6,1041,endgame mate mateIn2 short
kt8Dr,4r1k1/5rBp/4pPp1/p3P3/7Q/P3pR2/6KP/2q5 b - - 3 36,e3e2 h4h7 g8h7 f3h3 c1h6 h3h6 h7g8 h6h8,1042,attraction endgame mate mateIn4 operaMate sacrifice veryLong
7YUEl,r1b1Nbkr/1pqn1p1p/p3pNpQ/8/5P2/8/PPP3PP/2KR1B1R b - - 5 17,d7f6 e8f6,1044,kingsideAttack mate mateIn1 oneMove opening
jaM6O,6rk/p1q4p/5p2/2p2r2/3pR3/1P3QP1/P1P3K1/4R3 w - - 0 31,f3f5 c7g3 g2f1 g3g2,1044,endgame mate mateIn2 short
7ny90,1k1r4/pp6/6Q1/3N4/3n3P/P2B4/KPP3P1/4q3 b - - 1 31,d8d5 g6g8 b8c7 g8d5,1047,advantage endgame fork master short
gEici,r2qkb1r/p1p2p2/1pn1p2p/5p2/3PN3/6P1/PPPQNP1P/R3K2R w KQkq - 0 12,d2c3 f8b4 e1c1 b4c3,1050,crushing middlegame pin short
EJxD1,r2q1r1k/pb4b1/2n3pp/3B1P2/4P3/8/PP1Q2P1/R1B1K2R b KQ - 0 20,g6f5 h1h6 g7h6 d2h6,1053,kingsideAttack mate mateIn2 middlegame short
XUhJ6,8/R2b1r2/2pk2R1/6P1/1p1ppr2/1P2p3/4B3/4K3 b - - 0 40,d6e5 a7a5 c6c5 a5c5,1056,endgame mate mateIn2 short
s2WKQ,r2q1rk1/3nbppp/bn1p4/1BpPp2P/4P1P1/2N1BPN1/PP1Q4/2KR3R w - - 1 17,b5c6 b6c4 c6a8 c4d2,1056,advantage middlegame short
wRe8x,6k1/3r4/2N1bp2/4p2p/P3P2P/5PK1/3r4/1R3R2 w - - 0 38,a4a5 d7g7,1056,endgame mate mateIn1 oneMove pillsburysMate
x2SZx,6k1/pp6/4q1rr/2pp1Q2/6nP/P1P1P1P1/1P6/4RRK1 b - - 0 32,g4e3 f5f8 g8h7 f1f7 e6f7 f8f7,1062,crushing exposedKing long middlegame
3WIcf,2r3k1/pp4pp/4pb1q/4P3/2P5/1P3QP1/P5KP/5R2 b - - 0 31,f6e5 f3f7 g8h8 f7f8 c8f8 f1f8,1065,backRankMate endgame long mate mateIn3 sacrifice
OAxY0,r3kb1r/ppp3p1/3p2qp/8/1n2N3/5N1Q/PPP2PPP/R1BK3R w kq - 1 18,e4c3 g6c2 d1e1 b4d3 e1f1 c2f2,1065,long mate mateIn3 opening
vogDw,5k1r/pp3p2/8/4Pp2/5Qb1/3q1PP1/PP5p/R6K w - - 0 29,f3g4 d3d5 f4f3 d5f3,1066,endgame master mate mateIn2 short
tpQUl,r1bk3r/3nbQp1/2pq3p/4p3/1p6/1B2BN2/1PP2PPP/1NKR4 b - - 2 18,d6f6 e3b6,1067,mate mateIn1 middlegame oneMove pin
xJEO9,8/4k1p1/4p3/4P2P/8/8/K7/8 b - - 0 52,e7d7 a2b3 d7c6 b3c4,1067,crushing defensiveMove endgame pawnEndgame short
pBYno,3r1b1r/Q1k3pp/1n2pn2/p1p2q2/P1N1p3/R7/1PP2PPP/5KNR b - - 0 17,c7c8 c4b6,1069,cornerMate hangingPiece mate mateIn1 middlegame oneMove queensideAttack
7g5Se,r5k1/3P1ppp/8/6P1/5BKP/1pq5/p7/R1R5 b - - 1 38,c3a1 c1c8 a8c8 d7c8q,1071,advancedPawn backRankMate endgame mate mateIn2 promotion short
p7L7W,8/8/6k1/8/P4pp1/1P2p3/4K2P/8 b - - 0 41,g6f6 a4a5 f6e5 a5a6 e5d4 a6a7,1073,advancedPawn crushing endgame long pawnEndgame quietMove
ylj1J,1k3r2/ppp3pp/3bN3/4n3/8/1Q5P/PP4P1/3R1q1K w - - 4 25,d1f1 f8f1 h1h2 e5g4,1073,discoveredCheck doubleCheck endgame mate mateIn2 short
eXcYg,r2q1rk1/1p1b1pp1/1n2p2p/pN1p4/P2P4/1P1QPB2/5PPP/2R2RK1 w - - 1 18,c1c7 d7b5 d3b5 d8c7,1075,capturingDefender crushing middlegame short
3ESLt,7k/p5p1/7p/8/3Q4/8/qr3PPP/4R1K1 b - - 1 26,b2b1 d4d8 h8h7 d8d3,1076,crushing endgame short
M1TO3,5n2/5P1k/7p/p1p1p3/2Bp4/p2P3P/1PPq4/1K4R1 b - - 1 35,f8g6 g1g6 d2e1 b1a2 h7g6 f7f8q,1077,advancedPawn advantage endgame long promotion
88THf,rn1q1rk1/1bpp2pp/1p2p3/p7/2P5/PP2nN2/1B2B1PP/RN1QK2R w KQ - 0 12,d1d4 e3c2 e1d1 c2d4,1078,advantage fork opening short
8cKdH,r1b2rk1/pp3ppp/3p1n2/8/3q1B2/3B4/PPP3PP/R2Q1R1K b - - 1 13,c8g4 d3h7 g8h7 d1d4,1078,crushing discoveredAttack kingsideAttack middlegame short
Svmsg,r1b1k2r/5pbp/3p4/p3p1q1/1pP1Pp2/1P1B4/P1N2PPP/R2Q1RK1 w kq - 1 18,d1f3 c8g4 d3e2 g4f3,1078,crushing middlegame pin short trappedPiece
sxF1I,1r4k1/2pQ1ppp/p1p5/8/3P4/2n5/q2B1PPP/3KR3 w - - 0 24,d2c3 b8b1,1078,endgame mate mateIn1 oneMove
fXGEI,1r3r1k/5p1p/1b1p1qpQ/p1p5/2P1BP2/1P5P/P5P1/R4RK1 b - - 0 24,b6d8 h6f8,1079,hangingPiece kingsideAttack master mate mateIn1 middlegame oneMove
lGkJc,8/2P1p3/N7/8/8/P5p1/5k1p/7K w - - 2 44,c7c8q g3g2 h1h2 g2g1q h2h3 g1g3,1079,advancedPawn endgame exposedKing long mate mateIn3 promotion
s2mdJ,7k/1p2q1p1/2p2b1p/p1n2Q2/2P4P/1P4P1/P1BNr3/3R3K b - - 16 36,e2d2 f5h7,1079,mate mateIn1 middlegame oneMove
DFiZ7,r1bqkr2/ppp1n2Q/6p1/3BNpB1/3Pn3/2P5/P4PPP/R3K2R b KQq - 0 14,d8d5 h7e7,1080,mate mateIn1 middlegame oneMove
LCHTy,6k1/6p1/7p/P2R4/2P5/5P1P/2rp2P1/6K1 w - - 0 52,a5a6 c2c1 g1f2 d2d1q d5d1 c1d1,1083,advancedPawn advantage endgame long promotion rookEndgame
m136r,8/p2k2B1/3Pp1p1/1P4P1/4K3/8/8/2b5 w - - 3 57,e4e5 c1b2 e5e4 b2g7,1083,bishopEndgame crushing endgame master short skewer
fRNJc,1Q2n1k1/p4pp1/2q4p/3p1B2/P7/7P/5PP1/6K1 w - - 2 33,b8a7 c6c1 g1h2 c1f4 g2g3 f4f5,1084,advantage endgame fork long
EPZuP,r5k1/3p1pp1/p6p/1Pb1r3/7q/2N2n1P/PP1BB1P1/2RQ1K2 w - - 0 22,e2f3 h4f2,1085,mate mateIn1 middlegame oneMove
Jtr97,R7/2p3pk/3b4/1p5p/6K1/1P2BQ2/1P2nP1q/8 w - - 0 35,g4f5 h2e5,1086,endgame mate mateIn1 oneMove
UBusc,2r3k1/6pp/3R4/p7/2pP4/8/P5PP/6K1 w - - 1 34,d4d5 c4c3 d6c6 c8c6 d5c6 c3c2,1086,advancedPawn crushing endgame long rookEndgame
nl9yW,3r2k1/1Q3p1p/6pB/8/P6q/7r/1P3bPK/R4R2 w - - 0 28,g2h3 h4g3 h2h1 g3h3,1086,deflection mate mateIn2 middlegame short
whRCZ,r1b1k2r/ppp1bppp/2n5/3q4/8/1P1B1N2/P4PPP/R1BQR1K1 b kq - 0 12,e8g8 d3h7 g8h7 d1d5,1086,crushing discoveredAttack kingsideAttack opening short
a0fuy,6R1/pp1R2pp/5pk1/3p3q/2p2p2/8/P4KPP/8 b - - 3 34,c4c3 g8g7 g6h6 g7h7,1089,crushing endgame queenRookEndgame short
o4SQ9,2k2r2/pp3q2/2p1p2r/7p/1P1P3Q/2P3P1/P3RPK1/5R2 w - - 3 29,a2a4 f7f3 g2g1 f3e2,1089,crushing endgame fork short
s2z1y,r1b2rk1/1p4p1/p3p2p/3pBp2/3P3q/2NBP2P/PP3n1K/R2QR3 w - - 0 18,e1g1 h4h3,1091,mate mateIn1 middlegame oneMove
WP3yP,r3k1nr/1pp2pp1/4b1qp/p7/1n1P4/5NN1/PPP2PPP/R2QKB1R w KQkq - 0 11,a2a3 b4c2 e1d2 c2a1,1094,advantage fork opening short
NTzgG,r3r1k1/pp2bppp/2p3b1/8/5B2/2P3N1/PP3PPP/3RR1K1 b - - 4 18,a8d8 d1d8 e8d8 e1e7 d8d1 g3f1,1098,advantage long middlegame
z6mTf,r2q1rk1/2p2pp1/2Pp3p/p2Pp3/Pp2Q2b/1P2B1P1/5P1P/R4RK1 b - - 0 23,f7f5 e4h4 d8h4 g3h4,1099,advantage middlegame short
KWVfj,3B4/3R3N/4p1k1/8/1p3nK1/8/r4bbP/8 b - - 4 42,a2a3 h7f8 g6h6 d8g5,1102,mate mateIn2 middlegame short
MH28H,2r3k1/5ppp/p5n1/2RN4/1p6/1P4P1/Pr3PP1/4R1K1 b - - 0 27,c8c5 e1e8 g6f8 d5e7 g8h8 e8f8,1102,backRankMate deflection endgame long mate mateIn3
N7f8h,r1b2r1k/p6p/2p1pNQ1/q2nP3/8/8/PPP2P2/2KR1BR1 b - - 0 20,h7g6 g1h1 h8g7 h1h7,1102,hookMate mate mateIn2 middlegame short
H1EPX,1r5k/p4Qpp/4p2r/2b1p3/4B3/1P1Pq2P/P1P3P1/R4R1K w - - 1 27,a2a3 h6h3 g2h3 e3h3,1103,kingsideAttack mate mateIn2 middlegame sacrifice short
PbwMa,1k1rr3/ppp3p1/4B2p/5Nbn/8/2P4P/PP2RP1P/4R1K1 w - - 13 24,e6f7 e8e2 e1e2 d8d1 g1g2 h5f4 g2f3 f4e2,1104,crushing fork middlegame veryLong
SzOi9,4rr1k/p1p1q1pp/1p1R1p2/8/2B4R/2P2QPP/PP3P2/6K1 b - - 0 23,c7d6 h4h7 h8h7 f3h5,1104,attraction endgame kingsideAttack mate mateIn2 sacrifice short
d48aI,r2qrn1k/3b1Q1p/p2p1Np1/2pP4/P7/3p2NP/1P4P1/R4RK1 b - - 5 22,d8e7 f7g8,1104,mate mateIn1 middlegame oneMove
jmN8I,r1bk1b1r/ppppq3/7p/7Q/2B1pPP1/2N4N/PPn4P/R3R1K1 w - - 0 18,e1e4 e7c5 h5c5 f8c5,1104,advantage middlegame short
wcxbp,rn2k2r/pp4pp/2b5/4bN2/8/2PP4/PP1B2PP/R4RK1 b kq - 0 19,e8g8 f5e7 g8h8 f1f8,1104,backRankMate deflection discoveredAttack mate mateIn2 middlegame short
yJODo,r2q1r2/pQ2p1kp/3p1pp1/6B1/8/7P/PbP2PP1/RN2R1K1 b - - 0 17,b2a1 e1e7 d8e7 b7e7,1104,crushing middlegame short
Jtjtl,rn1qk1nr/pp3ppp/4b3/8/P1pB4/2N5/1P3PPP/R2QKB1R b KQkq - 0 10,b8c6 d4g7 d8g5 g7h8,1106,crushing opening short trappedPiece
bm2KA,8/p4k2/5p2/8/P2P4/2P2nr1/1P4b1/R5RK w - - 2 27,g1g2 g3h3 g2h2 h3h2,1108,arabianMate endgame mate mateIn2 short
oqF1N,6k1/2pq3p/4p1p1/5p2/1P2n3/P6P/3r1PPB/R1Q3K1 w - - 3 30,c1c7 d2d1 a1d1 d7d1,1108,endgame mate mateIn2 short
tf0hP,r2qr1k1/pn2b1pb/1p1p3p/2pP4/1P3R2/P1Q2N1P/1BPP1PP1/R5K1 b - - 4 20,e7f8 f4f8 e8f8 c3g7,1108,kingsideAttack mate mateIn2 middlegame short
PINry,6k1/7p/3p1q2/1p1Pp3/3n4/N5p1/P4PP1/1Q2N1K1 w - - 0 35,f2g3 d4e2 g1h2 f6h6,1110,anastasiaMate endgame mate mateIn2 short
gVxiG,r2qk2r/ppp1ppbp/2n3p1/3P1b2/2P1Q3/2N5/PP4PP/R1B1KBNR w KQkq - 1 11,e4f3 c6d4 f3g3 d4c2,1111,advantage opening short
9kr0j,2Rb4/k5p1/pp1Q2b1/7p/3p4/7P/5PPK/4q3 b - - 13 40,e1e7 d6b8,1112,endgame mate mateIn1 oneMove
Dj6W8,1r3rk1/3n1pp1/1q2p3/p2n3P/3PQ3/8/PP1RBP2/1KB4R w - - 7 27,e2d3 d5c3 b1a1 c3e4,1112,advantage middlegame pin short
fYVRw,8/8/1p4p1/p6p/2kpp3/P7/1P1K2PP/4B3 w - - 2 46,e1f2 e4e3 f2e3 d4e3 d2e3 c4b3,1112,bishopEndgame crushing endgame exposedKing fork long
BJBRv,5k2/pp3rpp/2pP1p2/5q2/PP1R4/7P/5PPK/4Q3 b - - 0 29,f5e5 e1e5 f6e5 d6d7 f7d7 d4d7,1113,advancedPawn crushing endgame long
GkLZe,3r2k1/1pR2pp1/p3p2p/1q6/1P1r4/P4Q2/5PPP/2R3K1 b - - 1 26,b5d5 f3f7 g8h8 f7g7,1116,endgame mate mateIn2 short
OuCco,3r4/1p6/8/4N3/pB2K2k/5P2/8/8 b - - 5 47,b7b5 b4e7 h4h5 e7d8,1117,crushing endgame fork master short
y1dca,8/8/P5p1/7p/7P/2Pk4/4pKP1/8 w - - 2 46,a6a7 d3d2 g2g4 e2e1q,1117,advancedPawn crushing endgame pawnEndgame promotion short
3VluE,3r2k1/p5pp/1p2q3/2p1p3/8/1P2QP1P/P1P3P1/1K2R3 w - - 0 27,e3e5 d8d1 e1d1 e6e5 d1d8 g8f7,1118,advantage deflection endgame long
BRImg,8/2q2pkp/2p3p1/p1Q1p3/PpP1P3/2b2N1P/2P1BPP1/6K1 w - - 2 29,f3h4 c3d4 c5d4 e5d4,1119,crushing endgame master short trappedPiece
0JpRf,5rk1/6p1/1p2p2p/p4p2/7P/Q3PR2/3P2Pq/2R1K3 w - - 2 29,f3h3 h2g1 e1e2 g1g2,1120,crushing endgame short
cidPT,8/p4k2/1pp1r3/3R4/4R2p/5K2/P7/8 b - - 0 37,e6e4 d5f5 f7g6 f3e4,1120,crushing endgame intermezzo master masterVsMaster rookEndgame short
qW8P8,4r3/1p2Pp2/p1b2k2/8/6P1/7K/PP2RP2/8 b - - 5 36,e8e7 g4g5 f6g5 e2e7,1120,advantage deflection endgame short
Egp6P,3K4/8/6Q1/4p3/4k3/6n1/8/7q b - - 1 58,g3f5 g6c6 e4f4 c6h1,1121,advantage endgame master short skewer
h0Vy6,r2r2k1/1p6/3p1bPQ/p1p1R3/4P3/5P2/P1P1K3/q4B1R b - - 0 23,d6e5 h6h7 g8f8 h7f7,1121,mate mateIn2 middlegame short
iY8ai,3r3r/1k3Npp/p1bb4/npp5/2P5/KP3N2/PB3PPP/2R2R2 w - - 0 27,f7h8 b5b4,1122,master mate mateIn1 middlegame oneMove
GpxBa,6kr/q2n1p1p/5Qp1/pp3N2/2p1P3/2P4P/PP3PP1/3RR1K1 b - - 0 24,d7f6 d1d8 f6e8 d8e8,1123,endgame kingsideAttack mate mateIn2 short
GxyZe,r1b1k2r/1p1p1ppp/p1n1p3/2q1P3/2B3n1/2N2N2/PP2QPPP/R3R1K1 b kq - 3 12,g4e5 f3e5 c6e5 e2e5 c5e5 e1e5,1123,advantage long middlegame
WmFE5,8/1p2k1p1/2pn1b2/p7/P5P1/1P6/6P1/5R1K b - - 0 49,d6e4 f1e1 e7d6 e1e4,1123,advantage endgame master pin short
Kg8G8,r4rk1/1p3ppp/p7/3pPNP1/q7/1pP1B3/1KnQB2P/2R4R w - - 2 24,c1c2 a4a2 b2c1 a2a1,1124,mate mateIn2 middlegame short
Mmt5B,3r4/p3q1Q1/1p1k1p1p/3p1B2/3PnP2/2P3P1/P6P/4R2K w - - 1 39,g7g6 e4f2 h1g2 e7e1 g6f6 d6c7,1124,advantage discoveredAttack endgame long
lo7WY,2r3k1/5p1p/p3pQp1/2q5/6N1/5PP1/4B1KP/8 b - - 8 45,c5c2 g4h6 g8f8 f6f7,1124,endgame master mate mateIn2 short
AdHV1,r5k1/1p3ppp/5b2/pN2q3/P7/1Q3P2/2P3PP/1K1R3R w - - 1 32,d1d5 e5a1,1125,mate mateIn1 middlegame oneMove
RHWq7,2r1b1k1/4qppp/r1P5/3QN3/8/6P1/p3PP1P/2RR2K1 b - - 1 30,a2a1q c1a1 a6a1 d1a1,1125,advantage middlegame short
wysRQ,r3k2r/1q1bbppp/4p3/nB1p4/8/1Q2PN2/3N1PPP/R3K2R w KQkq - 0 17,a1a5 a8a5 b5d7 b7d7,1125,advantage hangingPiece middlegame short
ERVLr,3r2k1/p1R2pp1/7p/8/8/5BP1/nr3PKP/4R3 b - - 1 25,d8d2 e1e8 g8h7 f3e4 g7g6 c7f7,1126,endgame long mate mateIn3
0rLK2,3r4/1p5k/p2rpbpp/5p1q/P2P4/2N1QPP1/1P1R2KP/3R4 b - - 0 30,e6e5 d4e5 d6d2 d1d2,1127,advantage fork middlegame short
opv5c,5r1k/1p4pp/p2Q4/4pr2/7q/P6P/1PP2PP1/3R1RK1 b - - 0 22,f5f2 d6f8 f2f8 f1f8,1127,backRankMate endgame mate mateIn2 short xRayAttack
4lo10,3r1bk1/3N1p2/2q2Ppp/8/8/2PQ4/PPKR3P/8 w - - 3 33,d7e5 c6a4 c2b1 d8d3,1128,advantage endgame master short
Glgju,5R2/pppk4/3p1N2/4q2p/1PPp3P/P2P2PK/8/3n4 b - - 3 30,d7c6 b4b5 c6b6 f6d7 b6a5 d7e5,1128,crushing endgame fork long
Plkld,8/8/p2k2p1/1p1ppp2/7R/2PKB3/r4P1P/8 w - - 0 39,h4h6 e5e4 d3d4 a2a4 c3c4 a4c4,1129,endgame long master mate mateIn3
iDkta,2rq2k1/1n3ppp/p4b2/1p3QB1/8/P4N1P/1P3PP1/R5K1 b - - 1 22,f6g5 f3g5 d8e8 f5h7,1130,crushing middlegame short
zTiMX,8/p1q1pk1p/3p2p1/r1P3P1/2Q5/4P3/5P2/2R3K1 b - - 4 32,f7e8 c4g8 e8d7 c5c6 c7c6 c1c6,1130,crushing endgame long
n05wY,r3kbnr/pQ3ppp/4p3/3pqb2/8/8/PP1N1PPP/R1BK1B1R b kq - 1 11,e5b8 f1b5 e8d8 b7d7,1131,mate mateIn2 opening short
8jhM1,r5rk/p1p3pp/1p6/3Q4/1q1P4/7R/P4PPP/5RK1 b - - 0 25,a8d8 h3h7 h8h7 d5h5,1132,attraction endgame mate mateIn2 sacrifice short
N3qFh,5r1k/pR3R1p/1b5P/3p2P1/8/6PK/3r4/8 b - - 0 38,f8f7 b7b8 b6d8 b8d8 f7f8 d8f8,1133,endgame long mate mateIn3
OghKt,8/8/8/4k1p1/4p1P1/2P5/3K4/8 w - - 2 62,c3c4 e5d4 d2e2 d4c4 e2e3 c4d5,1133,crushing defensiveMove endgame long pawnEndgame
XGTtR,3q2k1/1b2pR2/p5p1/1p2b1Pp/4P1n1/2N2Q2/PPP3P1/7K b - - 4 27,d8d2 f7f8 g8h7 f3f7 e5g7 f7g8,1133,exposedKing kingsideAttack long mate mateIn3 middlegame
VnjZl,r1b2rk1/1pp2p1p/p2p2p1/1q1N4/1P1Q1Pn1/2P5/P1B3PP/1K1R3R b - - 2 22,c7c5 d5e7,1134,mate mateIn1 middlegame oneMove
ioo0G,r1b5/p4p1p/1q4pk/3NQ3/3n4/P2B4/5PPP/4R1K1 w - - 1 25,g2g4 d4f3 g1f1 f3e5,1134,crushing fork middlegame short
D5Icd,r3k2r/ppp2ppp/6b1/2bqp3/7Q/1P1P4/nBP2PPP/1K1R1BNR b kq - 1 12,c5e7 h4a4 b7b5 a4a2,1135,advantage fork middlegame short
S1wdS,r3kbnr/1p3ppp/p3p3/1q1pP3/1n1P4/1Q3N2/PP1B1PPP/R3K1NR w KQkq - 5 13,a2a4 b4d3 b3d3 b5d3,1135,crushing middlegame short
bSEw4,rn1qk1nr/pp3ppp/2pbp3/3pN3/3P1B2/4P3/PPP1QPPP/RN2K2R b KQkq - 0 7,f7f6 e2h5 g7g6 e5g6 h7g6 h5h8,1135,crushing long opening pin trappedPiece
DOw4h,2kr2r1/1q4bp/2p1pp2/ppBn4/3P4/5Q1P/PPP2P2/2KR1BR1 w - - 4 21,h3h4 g7h6 c1b1 g8g1,1136,advantage discoveredAttack middlegame short
El564,8/8/3k2Kp/P3N1p1/8/8/8/8 b - - 0 50,d6e5 a5a6 g5g4 a6a7 g4g3 a7a8q,1136,advancedPawn crushing endgame long pawnEndgame promotion
4Yfk6,1k6/1pp2p2/p7/q7/3pB3/1P1Pr1b1/P1P3Q1/1R1K1R2 w - - 10 32,a2a4 e3e1 f1e1 a5e1,1137,mate mateIn2 middlegame short
66s6e,8/2rp1p2/5Pkp/8/8/1KN3nP/2P5/4R3 b - - 4 41,g6f6 c3d5 f6f5 d5c7,1137,crushing endgame fork short
Bi42U,8/2q5/5np1/4R2k/2P2P1p/1P6/P7/2K2R2 b - - 4 38,h5g4 e5g5 g4h3 f1h1,1137,endgame mate mateIn2 short
dZGIE,2Q5/8/1K5p/8/1p6/1P5k/2P5/5q2 b - - 3 55,h3h4 c8c4 f1c4 b3c4,1137,crushing endgame queenEndgame short
eheaI,6k1/2N2pp1/1p5p/8/2b2B2/P1n4P/2R2PPK/4r3 b - - 4 28,c3d5 c2c4 d5f4 c4f4,1137,crushing endgame hangingPiece short
mRIg2,8/1r3p2/3R1pkp/4P3/7P/2KB2Pr/2P5/8 b - - 0 48,g6g7 e5f6 g7h8 d6d8,1137,endgame mate mateIn2 pillsburysMate short
pfzVY,8/7p/6p1/3pk3/1r6/1PR2K2/5P1P/8 w - - 5 48,f3e3 d5d4 e3d2 d4c3,1138,crushing endgame fork rookEndgame short
ceTct,5rk1/p4Qpp/1p6/2n5/8/6P1/P4PBP/3R1bK1 b - - 0 26,f8f7 d1d8 f7f8 g2d5 c5e6 d5e6 g8h8 d8f8,1139,backRankMate endgame mate mateIn4 veryLong
aOSIM,r2q1rk1/1p3pp1/6np/p1Q5/P1B5/3P3P/1PP2PK1/R3R3 w - - 1 20,c5f5 g6h4 g2g1 h4f5,1140,crushing fork middlegame short
0iaiu,8/R7/p5k1/1b6/4nB2/4P2p/r6P/2R3K1 w - - 0 30,a7c7 a2g2 g1h1 e4f2,1141,endgame mate mateIn2 short
QF4pS,3r1rk1/p1Q2p1p/2p1pRp1/8/3P4/1PP5/P3q1PP/5R1K w - - 7 26,f6f7 e2f1 f7f1 f8f1,1141,backRankMate endgame mate mateIn2 short xRayAttack
cI1Zu,4r1k1/ppp2ppp/1b1q4/2r2P2/3n2B1/P1QP3P/1PP3P1/2K1RR2 b - - 0 22,c5c3 e1e8 d6f8 e8f8 g8f8 b2c3,1141,advantage hangingPiece kingsideAttack long middlegame
g8QPe,4k3/2R5/3nK3/2pP4/1p4PP/1r6/8/8 b - - 7 59,d6e4 c7c8,1141,endgame master mate mateIn1 oneMove
kXCkH,r2k2nr/ppNb1ppp/3Q4/8/4P3/2q2P2/P1PR1P1P/4KB1R b K - 4 13,c3c7 d6f8,1141,mate mateIn1 middlegame oneMove
Kn9KN,2r1r1k1/3b2b1/1p3qp1/p2p1p2/3P1P2/P2BBR2/2P3P1/R2Q2K1 w - - 0 24,f3h3 e8e3 h3e3 f6d4,1142,capturingDefender crushing middlegame pin short
Qs5T4,1r3rk1/7p/p4p2/3p3q/8/1P4pn/P1PQ3N/R2R2NK w - - 0 30,d2g2 h3f2 g2f2 g3f2,1142,advancedPawn crushing fork middlegame short
SjnQT,4N1k1/7p/1p1r2p1/p1p5/P1P5/1P4P1/5bK1/1R6 b - - 0 32,d6d2 e8f6 g8g7 f6e4 d2e2 e4f2,1142,crushing endgame long master
Vz77t,2r3k1/5pp1/3q4/p4BPp/Pp1p3P/1Pr2n2/1KP1Q3/2R4R b - - 1 29,c8c7 e2e8 d6f8 f5h7 g8h7 e8f8,1142,crushing deflection kingsideAttack long middlegame
Vjf42,r1b2rk1/pp4pp/3bq3/3p4/4NPn1/1B2B3/PP4PP/R2Q1RK1 b - - 0 16,e6e4 b3d5 c8e6 d5e4,1143,advantage fork middlegame short
erIlb,R3nrk1/pp2Qpp1/2p1b3/4q2P/8/2N5/PPP2P2/4K2R w K - 1 22,e1d1 e6g4 d1c1 e5e7,1144,crushing discoveredAttack middlegame short
fGMz6,8/8/3P4/2P2k2/3K4/pP2R3/3r4/8 w - - 1 49,e3d3 d2d3 d4d3 a3a2 d6d7 a2a1q,1144,advancedPawn crushing endgame long promotion rookEndgame
muCVm,8/q5pk/8/5P2/7r/5Q2/6P1/3R2K1 w - - 2 52,f3f2 h4h1 g1h1 a7f2,1144,crushing deflection endgame short
uk6fH,1k1rN3/1pp5/pq6/6p1/3P2P1/2Q4P/PR6/K4n2 b - - 1 38,b6d4 c3c7 b8a7 c7b7,1144,endgame master mate mateIn2 short
REMfv,2r5/pp4k1/7R/3pq1p1/4r3/6P1/PP3Q2/1K5R b - - 0 32,c8e8 h6h7 g7g8 f2f7,1145,endgame mate mateIn2 short triangleMate
sxuZX,8/2p2pkp/2p5/p1r5/3pR3/1P1P1P1q/P1P1Q2P/7K b - - 7 33,c5c2 e4g4 g7f8 e2c2,1145,crushing endgame intermezzo short
B61Cg,r4rk1/1bp2ppp/p2p3b/4pP2/4P1nq/1PNPBR2/1PPNQ1PP/R5K1 w - - 3 19,e3h6 h4h2 g1f1 h2h1,1146,fork mate mateIn2 middlegame short
IYUBF,6k1/2q2pp1/5n1p/4rQ2/p1pR4/2P1P2P/P2N1PP1/6K1 w - - 1 28,d4d8 c7d8 f5e5 d8d2 e5b8 g8h7,1147,crushing defensiveMove endgame long
Q68h3,r6k/pp1q4/6pP/2ppr3/3n4/2QB4/PP1B4/2KR3R w - - 0 25,d3g6 d4e2 c1b1 e2c3 d2c3 d5d4,1147,advantage fork long middlegame
qA3Xn,3q1rk1/5pp1/p3p2p/1p1pQ3/b7/5PBP/5P1K/6R1 b - - 1 27,d8f6 e5f6 g7f6 g3d6 g8h7 d6f8,1147,advantage clearance discoveredAttack discoveredCheck endgame long
vpAvq,r2q2k1/1p3p1p/6p1/p1Pp3r/3b1P2/B7/PPQ3PP/R4R1K w - - 0 23,a1d1 h5h2 h1h2 d8h4,1147,attraction kingsideAttack mate mateIn2 middlegame sacrifice short
J5nRc,r1r2k2/2qn1p2/p3pn1p/1p1pN3/3P4/2P3QP/PPB2PP1/4RRK1 w - - 5 22,e5f7 c7g3 f2g3 f8f7,1148,advantage intermezzo middlegame short
gIQHs,8/7p/6P1/pp3P2/4Pb1P/kP6/2K5/8 b - - 0 40,h7g6 f5g6 f4e5 h4h5 a3b4 h5h6,1148,bishopEndgame crushing endgame long quietMove
htow5,3r2k1/p5p1/1p1p3p/n1pP4/Q1P2P2/1P3qP1/P2KRB2/8 w - - 4 27,a4a3 a5c4 b3c4 f3a3,1148,crushing endgame master short
ukOQG,r1b1k2r/ppp1nppp/8/4b3/Q1B4q/3P4/PP4PP/RNB2R1K b kq - 3 14,c7c6 c4f7 e8d8 a4h4,1148,attackingF2F7 crushing discoveredAttack opening short
wDt4g,5r2/5pkb/p7/q2p2Q1/P1p3N1/5P2/6N1/6Kn b - - 0 34,h7g6 g5h6 g7g8 g4f6,1148,fork mate mateIn2 middlegame short
yEwR3,8/p5k1/1p2b1p1/4P1N1/4Bn2/PP5r/R2K1P2/8 b - - 0 41,h3b3 g5e6 f4e6 e4d5 b3b5 d5e6,1148,advantage endgame fork long
yfTFb,r2qk2r/ppp1B1pp/3pp3/8/4nP2/7P/PP2N1P1/R2Q1RK1 b kq - 0 13,d8e7 d1a4 c7c6 a4e4,1148,advantage fork middlegame short
1Gm3s,6k1/1p4pp/p1p1r1r1/3p4/3PpP2/1P2P1RP/P4P1K/6R1 b - - 7 28,g8f7 f4f5 e6d6 f5g6,1149,crushing endgame fork rookEndgame short
RYwev,8/8/8/8/1RK5/P1P5/k6r/8 w - - 7 73,b4b3 h2h4 c4c5 a2b3,1149,crushing deflection endgame master rookEndgame short
fbYkN,r1bqk2r/p4ppp/2p2p2/3P4/1b6/2N5/PP2PPPP/R2QKB1R b KQkq - 2 9,c6d5 d1a4 c8d7 a4b4,1149,crushing fork middlegame short
gHfSx,6k1/3qRp2/4bPpp/p1pQ4/3p4/P1p3P1/5P1P/6K1 w - - 0 34,e7d7 e6d5 d7d5 c3c2 d5c5 d4d3,1149,advancedPawn advantage endgame long
txeJm,1n3b1r/1pQ3pp/p3pk2/3pp3/8/6P1/PqP1NP1P/3RKB1R w K - 0 19,c7c3 f8b4 c3b4 b2b4,1149,crushing middlegame pin short
Pkcl0,3r4/ppp1bR1k/7p/3n3Q/4p3/6qP/PPP3P1/7K b - - 2 28,h7h8 h5h6 h8g8 h6h7,1150,endgame mate mateIn2 short triangleMate
TQp2X,R7/7r/2pNK2k/P5p1/8/2P5/1P5p/8 b - - 0 42,h2h1q d6f5 h6h5 f5g3 h5g4 g3h1,1151,crushing endgame fork long
JhLvD,1R6/p2b1Npp/2k1pn2/3p4/3P4/4B2P/r4PP1/6K1 b - - 2 24,c6c7 e3f4 e6e5 f4e5 c7c6 f7d8,1152,endgame exposedKing long mate mateIn3
0EI7y,6k1/1p3p1p/p1p5/3pQ2N/3P4/4PK2/2q5/8 b - - 5 55,c2g6 e5b8,1153,endgame master mate mateIn1 oneMove
vNn6F,r3kbQ1/p1p4p/b1p3p1/q7/3P4/2K5/PPPB3P/RN6 w q - 1 19,b2b4 a5b4,1153,mate mateIn1 middlegame oneMove
mxNlV,r1bqkb1r/1p3ppp/p2pp1n1/2pPn3/4P3/P4N2/BPP2PPP/RNBQ1RK1 w kq - 0 9,c1g5 e5f3 d1f3 d8g5,1155,crushing kingsideAttack opening short
4c2nu,3b1rk1/ppr3pp/7q/4Pp1P/3P2Q1/3BPN2/8/2R1R1K1 w - f6 0 30,g4h3 c7c1 e1c1 h6e3,1156,advantage middlegame short
V89bH,3r4/pp4R1/3k1r2/3pNpp1/3P2b1/1BP5/PP6/6K1 b - - 0 32,d8f8 g7d7 d6e6 b3d5,1156,endgame master mate mateIn2 morphysMate short
evXw1,8/7p/6p1/1p1p4/1P2p3/1KP1B3/5Q2/3k3q b - - 6 64,h1e1 f2c2,1156,endgame mate mateIn1 oneMove
5Nlyb,r4rk1/1p6/p2p1qPR/3Q4/5P2/8/PPP5/2K5 b - - 2 30,g8g7 h6h7 g7g6 d5h5,1157,endgame mate mateIn2 short triangleMate
RXReZ,rnb3k1/pp3rpp/8/2q1b2P/2BN4/1K6/P1P1QP2/RN6 b - - 3 21,e5d4 e2e8 c5f8 c4f7 g8h8 e8f8,1157,kingsideAttack long mate mateIn3 middlegame pin
w5GIL,8/p7/1p1k3p/8/PPP2KPp/8/8/8 b - - 0 39,h4h3 f4g3 h3h2 g3h2,1157,crushing endgame pawnEndgame short
Bmtiw,r2qkb1r/ppp1np2/3p3p/3N3p/4P2Q/3B1P2/PPP3PP/R4RK1 b kq - 1 16,c7c6 d5f6,1158,mate mateIn1 middlegame oneMove
LOyn9,5R2/pp1r2pk/4q2p/8/1P6/P5P1/2Q4P/6K1 b - - 3 35,e6g6 f8h8 h7h8 c2g6,1158,crushing deflection endgame short
sq7hx,5k2/r4p2/p1n1p2Q/2P4p/P1P3pP/4BP2/4RKP1/1r1q4 b - - 6 33,f8e8 h6h8 e8d7 e2d2 d1d2 e3d2,1158,advantage fork long middlegame
zpCzH,8/4q1p1/2Q4p/4kp1P/1bB1p3/p3P1P1/5PK1/8 b - - 2 47,e7c5 c6e6,1158,endgame master mate mateIn1 oneMove
9bSOV,5k2/5r1p/2p1RBp1/1p4P1/p6Q/7P/P2q2K1/8 w - - 3 49,h4f2 d2d5 g2f1 d5e6,1159,crushing endgame fork short
GhZh5,r3k2r/pp2nppp/3p1n2/1q1Pp3/8/P1P4P/2PN1PP1/R1BQK2R b KQkq - 2 13,e7d5 c3c4 b5c6 c4d5,1159,advantage fork middlegame short
ki7WI,1r4k1/3R3p/3b2pB/p7/8/8/2q3PP/5QK1 b - - 3 35,b8b1 d7d8 d6f8 d8f8,1159,endgame fork mate mateIn2 operaMate short
oKQo0,q3k2r/5ppp/r4n2/3pn3/1b6/1PN4P/P1PBQPP1/R3K2R w KQk - 0 19,e2e5 a6e6 e5e6 f7e6,1159,crushing defensiveMove middlegame pin short
u9jsV,K7/P6R/2k1p1p1/8/8/7P/6P1/5r2 w - - 1 47,a8b8 f1f8,1159,endgame mate mateIn1 oneMove rookEndgame
UQ2SQ,8/5pk1/3p4/5Qp1/2K1PbP1/5P2/2r5/8 w - - 11 90,c4d5 c2c5 d5d4 c5f5,1160,crushing endgame short skewer
WNfDH,2r3k1/5pp1/PQ6/2r5/8/4qPPp/7P/R4RK1 w - - 1 31,f1f2 c5c1 a1c1 c8c1,1160,endgame mate mateIn2 short
naiQ5,8/4k1R1/8/1r1ppp2/8/2PK4/1r4R1/8 b - - 2 36,e7d6 g2g6 d6c5 g7c7,1160,endgame epauletteMate mate mateIn2 rookEndgame short
tWxQa,r4n2/2q2rpk/1p1p3p/nPp1pN2/P3P3/2RP2B1/Q5PP/4R1K1 w - - 2 27,f5d6 c7d6 a2f7 d6d4 g1h1 d4c3,1160,advantage fork long middlegame sacrifice
Xa5Wm,1r5r/p2k1pp1/2p1p3/2p5/Q1Pq4/3P2PP/P3K3/1R5R b - - 4 23,e6e5 a4a7 d7e6 b1b8 h8b8 a7b8,1161,crushing endgame long
ajtpg,2N5/3B2k1/pp4p1/4p1bp/P1p5/1b1R4/5P2/6K1 w - - 0 38,d3d6 c4c3 d6c6 c3c2,1161,advancedPawn advantage endgame master short
kacOU,r1q4k/1np3pp/1p1p2nr/1N1Pp3/pBP1Pp2/P4B1b/1P3QPK/R4NR1 w - - 0 35,h2h1 h3g2 h1g2 c8h3,1161,attraction discoveredCheck doubleCheck kingsideAttack mate mateIn2 middlegame sacrifice short
m4DEF,rnbq1r1k/pp6/2n1p1Q1/2ppP2N/8/2P5/PP3PPP/R1B1R1K1 b - - 6 20,f8g8 g6h6,1161,mate mateIn1 oneMove opening
rvMn3,4rr1k/7P/4ppp1/p1PB2p1/3QR3/8/KPP2Pq1/8 b - - 0 38,e6d5 e4e8 f8e8 d4f6 h8h7 f6f7 h7h6 f7e8,1161,crushing endgame exposedKing fork veryLong
2w2bA,5rk1/1p1r1p1p/p3bRNQ/4q3/8/P2p4/1P3R2/6K1 b - - 0 32,h7g6 f6g6 e5g7 g6g7,1162,mate mateIn2 middlegame short
VQkPV,3r4/1p1k1p1R/2p1pQpn/2P5/3PNP2/2P5/1q4PP/r3R1K1 w - - 11 38,e1a1 b2a1 g1f2 h6g4 f2g3 g4f6,1163,crushing fork long middlegame
dNNSb,r3k2r/p1ppbppp/1pbq4/4N3/3P1p2/2P5/PP4PP/R1BQR1K1 b kq - 1 14,f7f6 d1h5 g7g6 e5g6,1163,advantage middlegame short
tgXJP,3r1rk1/p7/4p1p1/2pq2P1/8/2P5/PP2Q3/K4R1R w - - 2 35,h1h6 f8f1 e2f1 d5d1 f1d1 d8d1,1163,backRankMate endgame long mate mateIn3
tk4kp,5rk1/p1n2q2/1PpQp2p/4p3/1P2P1p1/2P4N/1B1P2PP/R5K1 w - - 0 22,h3g5 f7f2 g1h1 f2f1 a1f1 f8f1,1163,backRankMate long mate mateIn3 middlegame sacrifice
BqJkB,7r/8/2P1R3/PR2p1r1/4k3/5pP1/7K/8 w - - 1 38,h2g1 g5g3 g1f1 h8h1 f1f2 g3g2,1164,endgame exposedKing long mate mateIn3 rookEndgame
Ogg9Y,7k/Qp4p1/5q1p/2P1np2/1P2p3/P2rP3/5PPP/5RK1 b - - 0 27,f6f7 a7b8 h8h7 b8e5,1164,advantage endgame fork short
Ssz0s,r4q1k/2p3pp/p7/3QP1b1/3P4/1NP1p1P1/PP5P/R1B3K1 w - - 2 19,b3c5 f8f2 g1h1 f2f1,1164,kingsideAttack mate mateIn2 middlegame short
GGzdM,8/6Kp/5p2/6P1/5P1P/1p6/1k6/8 b - - 0 46,b2c2 g5f6 b3b2 f6f7 b2b1q f7f8q,1165,advancedPawn crushing endgame long pawnEndgame promotion
LVgRY,6k1/p4pp1/1p5p/2p5/5Q2/Pr3P2/3RK1PP/2q5 b - - 2 28,c1a3 d2d8 g8h7 f4f5 g7g6 f5f7,1165,endgame long mate mateIn3
0pHiy,rq2n1k1/N4p1p/1PQ3p1/2p5/4B3/4P3/5PPP/6K1 b - - 4 29,a8a7 b6a7 b8a7 c6e8,1166,advancedPawn advantage endgame master masterVsMaster short
4d0F5,8/Q1R2rpp/4r1k1/3p4/p3Pp2/P3qP2/1P4PP/2R4K w - - 6 40,c7f7 e3c1 a7g1 c1g1 h1g1 g6f7,1166,crushing endgame hangingPiece long
aSSxk,3r2k1/pp3p2/3pr2p/7Q/4PP2/2N1q3/PP3b1P/R4R1K w - - 11 25,c3d5 e3e4 h5f3 e4f3,1166,kingsideAttack mate mateIn2 middlegame short
nzLMi,r4rk1/1b2n1p1/pp1q3p/3p1p2/3N4/P1PQP3/B2R1PPP/R5K1 b - - 1 22,d6a3 a2d5 b7d5 a1a3,1166,crushing discoveredAttack middlegame short
ytont,6r1/3Q3p/1pp2p2/2k1pB1b/4P2q/3P4/PPP2R1P/7K w - - 2 28,f2f1 h5f3 f1f3 h4e1 f3f1 e1f1,1166,endgame long mate mateIn3 sacrifice
lhRD4,r3k2N/ppp3pp/5q2/4p3/2B2nb1/3PbP2/PPP1n1PP/RN1Q1R1K w q - 0 13,f3g4 e2g3 h2g3 f6h6,1167,mate mateIn2 middlegame sacrifice short
yIkHl,7b/8/2p1p3/2K1Pk2/1P1P4/8/8/8 b - - 2 57,h8e5 d4e5 f5e5 c5c6 e5d4 b4b5 e6e5 b5b6 e5e4 b6b7 e4e3 b7b8q,1167,advancedPawn crushing endgame promotion quietMove veryLong
jXpmp,8/8/P7/1P6/1K6/3R2p1/5k2/r7 w - - 2 57,d3a3 a1a3 b4a3 g3g2,1168,advancedPawn crushing endgame master rookEndgame short
zpfTo,8/6k1/3q2pp/3p4/3PnNQ1/4PNP1/r7/5K2 b - - 7 40,d6c7 f4e6 g7h8 e6c7,1168,crushing endgame fork master short
EBvVo,3r2k1/6pp/2p1p1b1/4N3/6P1/2Pp3P/PP3P2/1R4K1 w - - 3 29,e5c6 d3d2 b1d1 g6c2 d1d2 d8d2,1169,advancedPawn advantage clearance endgame long master
Zohtl,2r2rk1/pp1n1p1p/3qpnp1/3pN3/P2P1P2/1B3P2/4R1PP/3Q1RK1 b - - 4 29,d7e5 f4e5 d6d8 e5f6,1169,advantage fork middlegame short
iTuHl,r4q1r/pppk4/6p1/3pPnBp/5Pn1/2P1N2Q/P5PP/R4RK1 w - - 2 23,e3d5 f8c5 g1h1 c5d5,1169,advantage fork middlegame short
B26MW,4n3/7k/6pp/p1p2q2/PpPrNp2/1P1P1Q1P/2K1R3/8 b - - 1 45,e8f6 e4f6 f5f6 f3b7 h7g8 e2e8,1170,clearance crushing endgame long
EeGQE,8/8/2R5/k2K4/1ppP4/2r5/8/8 w - - 0 47,c6c4 c3c4 d5c4 a5a4,1170,crushing defensiveMove endgame rookEndgame short
LvBVP,br2r1k1/p4pp1/4p2p/3pP3/5q2/1R1B1N2/PP2QPPP/2R3K1 w - - 8 22,b3b8 f4c1 e2f1 c1f1 g1f1 e8b8,1170,advantage hangingPiece long middlegame
jveMy,4kn2/7P/4p3/4P3/3pKPR1/r7/P1pr4/2N4R w - - 0 41,h7h8q a3e3,1170,epauletteMate mate mateIn1 middlegame oneMove
shxpo,2q5/4nQp1/3k1b2/3p4/3P3r/1P2P2P/6P1/R5K1 b - - 1 33,c8e6 a1a6 e7c6 a6c6 d6c6 f7e6,1170,attraction crushing deflection endgame long
wWhzG,6k1/p2RR1pp/2p3b1/3p4/p1pP4/5PP1/1r5P/6K1 b - - 2 32,c4c3 d7d8 g6e8 d8e8,1170,endgame mate mateIn2 short
Cr5Az,r5k1/2q2rp1/5b2/p1p1B3/PpB5/1Q3P2/1PP5/2K4R b - - 0 29,f6e5 c4f7 c7f7 h1h8 g8h8 b3f7,1171,advantage deflection long middlegame
Ao2bO,r3k2r/5p2/p1p3p1/2p1b2p/3pP1bq/1P1P1R1P/P1P1N1PN/R2Q2K1 w kq - 5 19,f3f2 e5h2 g1h2 h4f2,1172,advantage kingsideAttack middlegame short
HsXSk,1rb5/Rp2k3/1PP1pn2/1p1p1p1p/3P1P2/3B2PP/8/6K1 b - - 0 35,f6e8 c6c7 e8c7 b6c7 b8a8 a7a8,1172,advancedPawn crushing endgame long trappedPiece
Wmx5U,r1bqr1k1/pp3pp1/2n5/3p2P1/3PpBn1/2P5/PP2BP2/RN1QK2R b KQ - 2 17,e4e3 e2g4 e3f2 e1f2,1172,advantage middlegame short
un803,2qrk2r/pp3pp1/2p1pn2/4N1Q1/2PP4/5P2/PP2N3/R4RK1 w k - 1 26,g5g7 h8g8 g7g8 f6g8,1172,advantage middlegame pin short
1xUqK,4r3/4r1k1/p3R1R1/7p/1p6/1P6/PK3P2/8 b - - 0 44,g7f7 e6f6,1173,blindSwineMate endgame mate mateIn1 oneMove rookEndgame
DIrhY,r1b2rk1/p4pp1/1p3n1p/3p4/3P4/q2B1QBP/P4PP1/1R3RK1 b - - 4 20,c8e6 d3h7 g8h7 f3a3,1173,crushing discoveredAttack master middlegame short
11u3r,5rk1/p5pp/1p3n2/4p1Q1/4P2P/1qPR1R2/6P1/7K w - - 0 26,g5e5 b3b1 h1h2 f6g4 h2h3 g4e5,1174,crushing endgame fork long
MkzYn,3r1r2/ppp3bk/4Q2p/4p1p1/4P1P1/2P2P1P/PP1N1q2/2KRR3 w - - 3 25,e6c4 d8d2 d1d2 f2e1,1174,crushing deflection master middlegame queensideAttack short
kR2R5,8/2r2p1p/1k4p1/4R3/3K2P1/5P1P/8/8 b - - 2 55,b6c6 e5c5 c6d6 c5c7 d6c7 d4e5 c7d7 e5f6 d7e8 f6g7,1174,crushing endgame rookEndgame veryLong
CGoP1,r4rk1/ppp2pBp/1b6/3R4/8/q1p2Q2/2P2PPP/4R1K1 b - - 0 19,g8g7 d5g5 g7h8 f3f6,1175,mate mateIn2 middlegame short
jt909,r2qk2r/ppp1b1pp/2nppn2/8/4P3/1QN5/PPP1BPPP/R1B1K2R w KQkq - 0 11,b3e6 c6d4 e6c4 d4c2 e1f1 c2a1,1175,advantage fork long opening
n7aYa,3r4/5pkp/p5b1/4p1q1/3p2R1/P1r2PN1/2P2QK1/7R b - - 1 33,g5e3 g3f5 g7f8 f5e3,1175,crushing master middlegame pin short
A7Fnq,1k1r4/6pp/p1R5/2N5/5B1b/8/6PK/4r3 b - - 12 42,b8a7 c6a6,1176,endgame mate mateIn1 oneMove pillsburysMate
2Uxc5,1r4k1/1q3pb1/3p1n1p/p4NpP/2QPn1P1/1PP5/P1B5/1K1R1R2 w - - 2 29,d1e1 e4d2 b1c1 d2c4,1177,advantage fork middlegame short
SDTv8,r1b1r1k1/1ppnqpb1/3p4/3Pp2Q/p1P1P2P/2N2P1N/PP2B3/2KR3R w - - 2 19,h3g5 d7f6 h5f7 e7f7 g5f7 g8f7,1177,advantage long middlegame
4dhBi,r4r1k/4RBp1/2Q4p/p6b/1p6/8/Pq3PPP/4R1K1 w - - 3 24,f7h5 b2f2 g1h1 f2f1 e1f1 f8f1,1178,backRankMate long mate mateIn3 middlegame sacrifice
BoR9g,rnb2rk1/pp1p1ppp/2p1P3/8/1bPq4/2NB3P/PP4PK/R1BQ1R2 b - - 0 14,d7e6 d3h7 g8h7 d1d4,1178,crushing discoveredAttack kingsideAttack opening short
cvZqp,5R2/2b3pk/8/p1P3B1/1p1r4/1P6/P3r3/5R1K w - - 3 40,f8f7 e2h2 h1g1 d4g4,1178,endgame mate mateIn2 short
kPRVL,6k1/ppp2R2/1b3pp1/8/6P1/1B4KP/P4r2/8 b - - 1 29,f2d2 f7d7 g8f8 d7d2,1178,advantage discoveredAttack discoveredCheck endgame short
5Fu0k,6k1/2q3p1/8/3Q4/6P1/4P1PP/5R1K/rr6 b - - 4 52,g8h8 f2f8 h8h7 d5h5,1179,endgame mate mateIn2 short
vVd0G,r2qk2r/pppbb2N/2n1p3/3pP3/3P4/2PB3P/PP4PB/RN1n1RK1 b kq - 0 14,d1e3 d3g6,1179,mate mateIn1 oneMove opening
yX5ic,3q1r1k/pp2r1p1/2pBPbQ1/3p2p1/8/2P1R3/PP4PP/4R2K b - - 9 32,d8d6 e3h3 h8g8 g6h7,1179,mate mateIn2 middlegame short
5CprA,2r3k1/1ppP3n/7b/p2Pp2p/4q3/1Q2PR2/PP5N/6K1 b - - 0 29,c8d8 d5d6 g8h8 d6c7,1180,advancedPawn crushing discoveredAttack discoveredCheck middlegame short
5dvpM,8/2k4q/3r4/2Q5/8/8/8/4K3 b - - 1 66,c7d7 c5a7 d7c6 a7h7,1180,advantage endgame short skewer
LJJlZ,3q1rk1/1n2bp1p/p4np1/1p1PB3/1P6/5QN1/P5PP/1B3RK1 b - - 2 24,d8d5 e5f6 d5f3 f1f3,1180,advantage middlegame short
r2sGa,rnb1r1k1/ppp2p1p/6p1/8/2Pq4/1QN3P1/PP2PnBP/R1B2R1K w - - 2 16,h1g1 f2h3 g1h1 d4g1 f1g1 h3f2,1180,discoveredCheck doubleCheck kingsideAttack long mate mateIn3 opening sacrifice smotheredMate
ygcMD,r2qkb1r/pp2pppp/5n2/4N3/6b1/B2B4/2P2PPP/RN1QK2R b KQkq - 0 10,g4d1 d3b5 f6d7 b5d7 d8d7 e5d7,1180,advantage long opening
z5Udr,b1r3k1/6pp/4p3/2RpP3/1R3P2/6P1/1p4BP/6K1 b - - 0 43,b2b1q b4b1 c8c5 b1b8 g8f7 b8a8,1180,crushing endgame fork long
2W7t3,6rk/p4Q1p/5p2/4bP2/3pN3/3P4/r1q3P1/4R1RK b - - 0 27,g8g2 f7f8 g2g8 g1g8,1181,mate mateIn2 middlegame short
bnbKS,5rk1/3P3p/3N2p1/3P4/5pP1/2rB1R1P/1p6/6K1 w - - 0 34,g1f2 c3d3 f3d3 b2b1q,1181,advancedPawn crushing endgame promotion short
bym4z,5qk1/p2n1pbp/1npR2p1/4p3/4P3/1BN2Q1P/PP3PP1/6K1 b - - 1 21,f8d6 f3f7 g8h8 f7g8,1181,kingsideAttack mate mateIn2 middlegame short
iECWj,1r1r2k1/1p2qpp1/pN1p2np/P2Pp3/1PN1PnPb/4BP1P/3Q3K/R4R2 w - - 1 28,f1b1 h4g3 h2g3 e7h4 g3h2 h4h3,1181,attraction crushing long master middlegame sacrifice
bu5Kx,B7/8/3b2p1/4p3/1P5p/3KR3/4p2P/3k4 b - - 13 50,e2e1q a8f3 d1c1 e3e1,1182,crushing endgame master short
o1AP8,1r1qr1k1/1p3pb1/p6p/2NPpQ2/P1P5/3B1N2/1P6/6K1 b - - 0 28,d8f6 f5h7 g8f8 c5d7 f8e7 d7f6,1183,crushing fork long middlegame
Tcv8b,5r2/5p1k/1pp3p1/3p1n2/1P1P3P/P3PQP1/3K1P1q/R7 b - - 1 30,f5g7 a1h1 h2h1 f3h1,1184,advantage endgame short trappedPiece
g0Oh3,rn2k2r/ppb1qpp1/2p1pn1p/2Pp3b/3P4/1Q1BPN1P/PP1N1PP1/R1B2RK1 w kq - 1 11,b3b7 c7h2 g1h2 e7b7,1184,advantage discoveredAttack opening short
0zS6D,8/5pk1/r6p/3qPQp1/8/6P1/P1R2P1P/K1B5 w - - 9 43,c1b2 d5a2,1185,endgame master mate mateIn1 oneMove
5Z52h,5r1k/pb4pp/1b6/1p2Pq2/3P1NrP/6P1/PP3Q1K/R4R2 b - - 4 30,f5d7 f4g6 h7g6 f2f8 h8h7 f1f7 d7f7 f8f7,1185,advantage discoveredAttack kingsideAttack middlegame veryLong
Wh7O5,r4B2/4pp1k/3p2p1/p1pPb3/PpP1Pnq1/1N4P1/1P1Q1PKP/1R2R3 w - - 1 23,g2h1 g4f3 h1g1 f3g2,1185,fork mate mateIn2 middlegame short
a1Iox,3r1rk1/p2q1ppp/1p1p1b2/4P3/3Q4/2N5/PP3PPP/3RR1K1 b - - 0 16,f6e5 e1e5 d6e5 d4d7 d8d7 d1d7,1185,crushing long middlegame
a558n,3r2k1/5p1p/p1p3p1/1p6/3br3/2P1B2P/P4PP1/3RR1K1 b - - 0 26,d4b6 e3b6 d8d1 e1d1,1185,endgame
sG2yL,2r3k1/1p4pp/p4p2/8/3Pq3/PP2P3/4Q1PP/R5K1 w - - 2 24,e2d2 c8c2 d2f2 c2f2,1185,advantage endgame short
8PJYz,8/p1R5/6pk/1P3p1p/P3b2P/8/7r/2R2K2 w - - 2 45,c7a7 h2h1 f1f2 h1c1,1186,crushing endgame short skewer
Hmnme,1R6/b2R1p2/4pk1p/6p1/6P1/6P1/r4P2/6K1 w - - 0 35,b8a8 a7f2 g1f1 a2a8,1186,advantage discoveredAttack endgame short
Iz5OH,8/8/3K3p/6R1/k1P5/8/1r4PP/8 w - - 0 45,g5g6 b2b6 d6d5 b6g6,1186,crushing endgame master rookEndgame short skewer
Ym3N6,8/6bk/P2p2p1/4q2p/2P1Bnn1/3P4/5BQ1/5RK1 w - - 1 34,g2f3 f4e2 g1h1 e5h2,1186,mate mateIn2 middlegame short
duABP,r7/1pp1kp1p/p1p1b3/4n3/4P2q/5P2/PPP3P1/RN1Q1RK1 w - - 1 16,d1e1 e5f3 f1f3 h4e1,1186,crushing deflection kingsideAttack middlegame short
lPeC8,5rk1/p1p3p1/2p5/3P4/6q1/2P3P1/PP2Q1R1/5rKR w - - 1 26,e2f1 f8f1 g1f1 g4d1 f1f2 d1h1,1186,advantage attraction endgame exposedKing long skewer
re1RN,1k5r/pp3Q2/3p4/3Np2p/3pP3/3P3P/PPq3K1/R7 w - - 5 30,f7f2 h8g8 g2f1 c2d3,1186,crushing endgame master short
9CJnF,r2q1rk1/pb3ppp/nppppn2/1N4B1/3P4/P1Q5/1PP2PPP/2KR1B1R w - - 0 13,g5f6 d8f6 b5d6 f6f4 c1b1 f4d6,1187,advantage fork long opening
FFX4t,r6k/3pNqp1/pp1npP2/2p4p/2P4P/1P6/PB1P1P2/2KR2R1 b - - 2 26,h8h7 g1g7 f7g7 f6g7,1187,advancedPawn crushing fork master middlegame short
TYBVO,8/1p6/p1b1p2k/P2pP1p1/3Qr2p/1PR1K2P/6P1/8 w - - 2 38,e3d3 c6b5 d4c4 b5c4,1187,advantage endgame short
hMZki,Rr5k/5Bpp/3p1b2/3P1b2/Q1p2P2/4q2P/1P4P1/7K b - - 1 29,e3b6 a4e8 b8e8 a8e8,1187,backRankMate mate mateIn2 middlegame sacrifice short xRayAttack
m6QH6,4r1k1/4rp1p/p2q2pP/2pP4/2P5/1P3Q2/P5P1/5R1K b - - 0 31,e7e1 f3f7 g8h8 f7g7,1187,endgame mate mateIn2 short
n9B4O,6k1/1pq2pP1/2pp3p/6p1/2P1N3/3n2PP/PB3PK1/1R6 b - - 2 27,d3b2 e4f6 g8g7 f6e8 g7f8 e8c7,1187,crushing endgame fork long master
uFcnj,2R5/pR6/8/3pkp2/4n1p1/8/PP4N1/3r2K1 w - - 5 45,g1h2 g4g3 h2h3 d1h1,1187,endgame mate mateIn2 short
gj0Bs,3r3k/pQ4pp/3P3r/4n3/7q/5nNP/PPP2PP1/3R1R1K w - - 1 29,b7e7 h4h3 g2h3 h6h3 h1g2 h3h2,1188,kingsideAttack long mate mateIn3 middlegame sacrifice
bhcSy,r1bbnrk1/pp3ppp/2pp4/4Pq2/2Q2B2/4NN2/PP3PPP/K2R3R b - - 1 17,d6d5 e3f5 d5c4 d1d8 c8f5 d8a8,1189,crushing long middlegame
gOUhy,r3r2k/n5pp/4Bp2/1p1Pb2R/b1p1P1Q1/6PP/P4q2/7K b - - 2 36,e5g3 h5h7 h8h7 g4h5,1189,attraction kingsideAttack mate mateIn2 middlegame sacrifice short
dXN7n,1r2n3/2q2pkp/3p2p1/p2Pp3/R1p1P3/1rP1NQRP/5PP1/6K1 b - - 1 30,b3c3 e3f5 g7f8 f3c3,1190,advantage discoveredAttack master middlegame pin short
lmqbv,2r3k1/r4pb1/p3p1pp/2qn4/P7/5N1P/1PQN1PP1/R3R1K1 w - - 0 24,a1c1 c5c2 c1c2 c8c2,1190,crushing master middlegame short
Ljfkd,3n4/8/1P6/1K1pkP2/8/8/7p/7B w - - 3 60,b5a6 d5d4 a6b5 d4d3,1191,crushing endgame master quietMove short
bMJJg,6R1/8/p2r1p2/4p3/5r1p/4k2P/6PK/4R3 b - - 3 40,e3d4 e1d1 d4c5 g8c8 d6c6 d1c1,1191,advantage endgame long rookEndgame
bw1Db,1R6/7p/3p4/4p3/Bk2P3/3Pq2P/1rP4K/6R1 b - - 6 31,b4a3 g1a1 b2a2 b8b3 a3a4 a1a2,1192,deflection endgame long mate mateIn3 pin
nRhKx,8/p2b2pp/2r1kp2/3Rp3/2p1PP2/2B1K1P1/PP5P/8 b - - 0 31,c6d6 f4f5 e6f7 d5d6,1192,crushing deflection endgame master short
NX2uk,r2q1rk1/pp1nb1pp/2p2np1/3p2B1/3P4/2N1Q3/PP2BPPP/2R1R1K1 b - - 3 15,e7d6 e3e6 f8f7 e6d6,1194,advantage fork middlegame short
cOyyO,r1b1k2r/1p3p1p/pq4p1/3pn2P/5Bn1/2NBP3/PP1Q1P2/R3K2R w KQkq - 0 17,h5g6 e5f3 e1e2 f3d2,1194,crushing fork middlegame short
p2unS,8/1p4p1/p7/2P3k1/1P5p/P6K/8/8 b - - 1 53,g5h5 a3a4 h5g5 b4b5,1194,crushing endgame pawnEndgame quietMove short
SlC2D,2rr4/pb1n4/3kq3/1pp5/8/1P2PNQ1/PB4PP/2R3K1 b - - 3 29,d6c6 f3d4 c6b6 d4e6,1195,advantage master middlegame pin short
khVDs,rnbq2k1/ppp2ppp/8/8/1N1P1B2/5N2/PPP1r1PP/R3KB1R w KQ - 0 11,e1e2 d8e7 e2f2 e7b4,1195,advantage fork middlegame short
Hl7ov,r2q1rk1/p3bppp/1pb5/3np3/8/P1NBBP2/1PPQ2PP/R4RK1 w - - 0 16,a1d1 d5e3 d2e3 e7c5 e3c5 b6c5,1196,crushing long middlegame pin
cbgmb,3r4/pknr3p/1p3p2/6p1/3N4/P1P1PPBP/1PR1K1P1/8 b - - 0 23,h7h5 g3c7 d7c7 d4e6 d8e8 e6c7,1196,attraction crushing endgame fork long
eNsY7,Qn3rk1/p7/2p4p/4pP2/6P1/6P1/P1q2nP1/1R3RK1 b - - 2 28,f2g4 b1b8 c2c5 g1h1 f8b8 a8b8,1196,crushing long middlegame
fgRbX,r1bq1knr/1pp4p/p1nb1p2/3Q2p1/3Pp2B/4P3/PPP2PPP/RN2KBNR w KQ - 0 11,h4g3 d6b4 c2c3 d8d5,1196,crushing discoveredAttack middlegame short
z515R,1k1r1bnr/pbp3pp/1p2P1q1/2n2N2/2B5/2N5/PPP1QPPP/R1B2RK1 w - - 3 15,e6e7 g6g2,1197,kingsideAttack mate mateIn1 oneMove opening
7jPuH,6k1/r4pp1/3Np2b/4P2P/3P2p1/2PK1Q2/1q2N3/5R2 w - - 0 38,f3c6 b2d2 d3c4 d2e2,1199,crushing deflection middlegame short
EWVga,r1b4Q/pp5p/2p3pk/2P2pq1/6P1/1P1BP3/P4R1P/6K1 b - - 4 23,g5g4 f2g2 g4d1 d3f1 c8e6 h8a8,1199,crushing defensiveMove endgame long
Qw2NX,1Q6/pp3pkp/5p2/3p1P2/3nr2P/K7/P4P2/8 w - - 13 33,b8b7 d4c2 a3b3 e4b4 b7b4 c2b4,1199,crushing endgame exposedKing fork long
amNDr,r1bqkb1r/ppp2pp1/5nnp/3P4/4P3/2N3B1/PP4PP/R2QKBNR b KQkq - 4 10,f8b4 d1a4 c7c6 a4b4,1199,crushing fork opening short
pozu5,2k1q2r/1bP3pp/2n1p3/pB2N3/P7/2P5/5PPP/3RR1K1 b - - 0 22,c6e5 b5e8 e5f3 g2f3,1199,advantage middlegame short
VTiGO,7k/ppp2r2/3pb2p/4P1nP/2P1N2q/4Q1R1/PP2B1P1/6K1 b - - 2 27,g5e4 e3h6 f7h7 h6f8 e6g8 f8g8,1200,exposedKing fork long mate mateIn3 middlegame
N9W37,r5k1/1p4pp/8/pKR2r2/3QN2P/3p4/PPq5/8 w - - 2 36,c5f5 c2c6,1201,endgame mate mateIn1 oneMove
fxKP0,1rb3k1/ppNq1r1p/1n1PN1p1/2p2p2/2P1p3/1P1QPBb1/PB2K3/3R3R w - - 0 24,f3e4 f5e4 d3e4 f7f2,1201,advantage clearance middlegame short
ll41H,3r2k1/1br2pp1/p2p2qp/1p1Pp3/2p1PPN1/P1P4P/1P1QR1P1/5RK1 b - - 0 28,h6h5 f4f5 g6g4 h3g4,1204,crushing middlegame short
vBZdt,3R4/kp2r3/p1p3B1/4PpP1/5q2/3Q4/2P1K3/3R4 w - - 0 40,g6f5 e7e5 f5e4 e5e4 d3e4 f4e4,1204,advantage endgame exposedKing long
XVzVq,5rk1/1q4p1/p1b2B1Q/1pb2r2/8/P1N5/1PP3PP/3R2RK w - - 1 26,f6g7 c6g2 g1g2 f5f1 d1f1 f8f1,1207,long master masterVsMaster mate mateIn3 middlegame sacrifice
z72zn,rnbq1rk1/ppp2ppp/8/8/1PN5/2n5/P2N2PP/R1BQ1BKR w - - 0 12,d1c2 d8d4 c4e3 d4e3,1207,kingsideAttack mate mateIn2 opening short
mVCI6,5nk1/5ppp/4p3/1Q1pP3/2pP1P2/6Pb/4q2P/1R2N1K1 w - - 8 28,b5b2 e2f1,1209,endgame mate mateIn1 oneMove
OIjCb,r3kb1r/ppp1pppp/2nq2b1/3p1P2/3Pn1P1/3BPN1P/PPP5/RNBQK2R w KQkq - 1 9,f5g6 d6g3 e1f1 g3f2,1210,mate mateIn2 opening short
gnYrA,1k1r3r/p1R4p/Qp6/6p1/4q3/5P2/PP2n1PP/2R4K b - - 0 30,e2c1 a6a7,1210,endgame mate mateIn1 oneMove triangleMate
UYJE1,8/1q3k2/rn1Qp1pp/8/4pp2/8/PP3PPP/2R3K1 b - - 3 31,b6c4 d6f4 f7g8 c1c4,1211,advantage endgame short
40WxF,r5k1/r4ppp/4p3/P1qPQ3/Rp6/1Pp1P2P/2R2PP1/6K1 w - - 1 27,a5a6 a7a6 a4a6 a8a6 e5b8 c5f8,1212,crushing endgame long
uxPuO,4r3/7p/6pk/P1Pp4/3P1Rq1/5pP1/1P3P1P/6RK b - - 4 36,g4h5 f4h4 h5h4 g3h4,1212,crushing endgame pin queenRookEndgame short
CT7VH,5rk1/6rp/pp2qp2/2p3n1/2P1p2N/P3P1P1/4QPKP/1R2R3 w - - 0 28,e2c2 e6h3 g2h1 g5f3 h4f3 e4f3,1213,crushing long middlegame
Wl3s4,6k1/6p1/P6p/R1K5/r1r5/8/6P1/R7 w - - 5 41,c5b5 a4b4,1218,blindSwineMate endgame mate mateIn1 oneMove rookEndgame
yYC4u,2rr2k1/5ppp/p3p3/Q1P5/2qn4/5P2/P4BPP/R4RK1 w - - 3 23,a1c1 d4e2 g1h1 e2c1,1218,crushing fork middlegame short
ZnEcj,rnb1k2r/pp3ppp/5q2/2bp4/4P3/2N5/PP3PPP/R2QKBNR w KQkq - 0 9,c3d5 f6f2,1219,attackingF2F7 mate mateIn1 oneMove opening
NL6nk,2k4r/1pp2p2/3p2p1/1P6/Pq1n4/2R3P1/3B1PQ1/5K2 b - - 4 29,d4b3 c3c7 c8c7 d2b4,1221,crushing discoveredAttack endgame short
tIWws,3r2k1/5pp1/pN4br/6Q1/1PPBp2p/P3Pq1P/5P1K/R7 b - - 5 31,g6f5 g5g7,1221,kingsideAttack mate mateIn1 middlegame oneMove
laXkB,7k/6p1/4Q2p/4P3/4q1P1/2r3K1/5R1P/8 w - - 6 35,g3h4 g7g5 h4h5 c3h3,1222,endgame mate mateIn2 short
w3rrE,4r1k1/6P1/p2R3Q/2q5/1p3P2/8/P5PP/2rR2K1 w - - 1 34,g1h1 e8e1 d1e1 c1e1,1223,backRankMate endgame mate mateIn2 short xRayAttack
MRcBD,5n1r/2Rk4/3qp1pb/3p3p/1p1P4/1P2Q2P/P5P1/1KR5 b - - 3 34,d6c7 c1c7 d7c7 e3e5,1225,attraction crushing endgame short
kfq5B,5Q2/ppp2ppk/6bp/3R3q/P1P1r3/B1P2n2/5PR1/7K w - - 2 29,d5h5 e4e1 g2g1 e1g1,1225,arabianMate mate mateIn2 middlegame short
owLuW,8/8/2p5/p7/1k5P/1P4R1/1r4P1/7K b - - 0 57,b2b3 g3b3 b4b3 h4h5,1225,crushing defensiveMove endgame master rookEndgame short
2u4Qi,r3r1k1/1p2qpb1/p1pp3p/5bp1/2QPP3/3p2B1/PP1N1PPP/R3R1K1 w - - 2 18,e4f5 e7e1 a1e1 e8e1 d2f1 d3d2,1227,advancedPawn crushing kingsideAttack long middlegame pin
dJ7mi,8/1r2Rp2/5Kp1/7p/3k1P1P/6P1/8/8 b - - 6 60,b7e7 f6e7 d4e4 e7f7 e4f5 f7g7,1227,crushing endgame long
5yDAX,r3kb1r/pp1q1ppp/2n1p3/3nP3/3pN1b1/P4NP1/1P3PBP/R1BQ1RK1 b kq - 1 12,c6e5 f3e5 g4d1 e5d7,1228,advantage fork hangingPiece opening short
m06e3,3nk3/pp2r3/8/7p/2Q2N2/3PK2P/PPP3P1/R1B2q2 w - - 7 37,e3d2 f1e1,1228,mate mateIn1 middlegame oneMove
7ieYD,8/p1kn1R2/2p3r1/1p1p4/8/1P1N4/P1P3P1/6K1 b - - 5 34,c7d6 f7d7 d6d7 d3e5 d7e6 e5g6,1229,attraction crushing endgame fork long sacrifice
QQl2y,8/1p1bkn2/p4RK1/3p2p1/3Bp1P1/1P6/P7/8 b - - 3 42,f7d8 d4c5 e7e8 f6f8,1229,endgame master mate mateIn2 operaMate short
AodWN,4Q1R1/p1b2p1p/5k2/2P5/3p4/3B1bp1/P1P2P1P/6K1 w - - 0 33,g8f8 g3h2 g1f1 h2h1q,1234,advancedPawn endgame mate mateIn2 promotion short
p3d7z,r2qr2k/8/p5Q1/1pP1Bpp1/2n3b1/1BP5/PP3PpP/3R1RK1 b - - 3 25,c4e5 g6h6,1234,mate mateIn1 middlegame oneMove
QXbxY,5R2/5P2/8/2p5/5r2/p1K5/k7/8 b - - 0 54,a2b1 f8b8 b1c1 f7f8q f4f8 b8f8,1235,advancedPawn clearance crushing endgame long promotion rookEndgame
yFXUL,1k6/1pr4p/pQ3p2/4pp2/P1q5/5P2/5P1P/3R2K1 b - - 1 35,c4a4 d1d8 c7c8 b6d6 b8a7 d8c8,1235,crushing deflection endgame long
aJmG6,2r2k2/5ppb/2BRp2p/pp2P2P/6P1/1n6/r4P2/3R2K1 b - - 1 34,b5b4 d6d8 c8d8 d1d8 f8e7 d8e8,1237,long mate mateIn3 middlegame operaMate
u8Acb,r1k5/1pp2ppp/p7/3np3/8/5PPB/PPP4P/2K4R b - - 1 19,c8d8 h1d1 c7c6 c2c4 d8c7 c4d5,1237,advantage endgame long pin
POvje,r1bq1r1k/pppp4/2n1Np2/b7/3PB2n/2P5/PP1Q2P1/RN3RK1 b - - 1 17,d7e6 d2h6 h8g8 h6h7,1238,fork mate mateIn2 middlegame short
tgufV,8/6p1/p1kpq3/4p1Q1/1p2P3/2n5/2r5/2KR3R w - - 0 47,c1c2 e6a2 c2d3 a2e2,1240,endgame mate mateIn2 short
EHAjd,3r2k1/1r1b1ppp/p1p5/6q1/3N4/1P3P2/PP4PP/R2QR2K w - - 1 25,d4e2 d7h3 g2h3 d8d1,1243,advantage discoveredAttack middlegame short
kRI0q,r4r1k/1p4pp/p7/8/6Q1/P1P5/1q3PPP/3RRNK1 w - - 0 26,d1d7 b2f2 g1h1 f2f1 e1f1 f8f1,1244,backRankMate deflection fork long mate mateIn3 middlegame
Bjeya,1k6/p7/2R5/6rp/N7/1P3n2/P4P1P/5K2 w - - 1 35,h2h3 g5g1 f1e2 f3d4 e2e3 d4c6,1245,crushing endgame fork long
Fn3d4,4k3/R2r4/2Q1P3/3p2p1/3P4/bPP1P3/1K5N/6q1 w - - 5 36,b2c2 g1c1 c2d3 c1d1,1245,endgame epauletteMate mate mateIn2 short
W826e,3q2k1/5pp1/p6p/2R5/8/4P1QP/r4PP1/6K1 w - - 0 25,g3g4 a2a1 g1h2 d8d6 g4g3 d6c5,1245,crushing endgame fork long
gOBkt,8/p2N1k1p/5p2/4p1pP/n1K1P1P1/8/P4P2/8 b - - 3 42,f7e6 d7c5 a4c5 c4c5,1245,crushing endgame knightEndgame short
plG9c,3r3r/p1pk1Rpp/2pb4/4p1q1/4Q3/3P3P/PPP3P1/R6K b - - 0 18,d7e6 e4c4,1247,mate mateIn1 middlegame oneMove
9U8Hs,r4k2/1b1n1pp1/2N4p/2Rp4/1p1P4/3BP2P/1P3PP1/6K1 w - - 1 24,c5a5 b7c6 a5a8 c6a8,1249,advantage endgame hangingPiece short
5cs5f,r1b1kb1r/pppp2p1/5p1p/q3p3/2BnP3/2NP1N2/PPP2PPP/1R1QK2R w Kkq - 0 11,f3d4 e5d4 e1g1 d4c3,1250,advantage opening short
fEsCB,4rr1k/p1R3p1/5qp1/8/4Q3/8/5PPP/5RK1 w - - 2 26,e4a4 f6f2 f1f2 e8e1 f2f1 e1f1,1250,endgame long mate mateIn3 sacrifice
2iqeF,5r2/2qn2k1/2pbRnB1/pp1p2Q1/3P2P1/2P4P/PP3P2/5K2 b - - 4 27,d6f4 e6e7 f8f7 e7f7,1251,crushing middlegame short
MDjm3,r1b1k2r/pp3ppp/2q1pn2/8/1b6/2NQ1B2/PPP2PPP/R1B1K2R b KQkq - 1 10,c6c7 d3b5 c8d7 b5b4,1251,crushing fork opening short
nnoP1,3r1r1k/pppqp1bp/6p1/8/2Qp1P2/2N1B3/PPP4P/3R1RK1 w - - 4 19,c3b5 d7g4 g1h1 d4e3 d1d8 f8d8,1251,crushing long middlegame
oWQei,8/3b4/2p3B1/1pP2p2/1Pk2K2/6P1/8/8 w - - 3 42,g6f5 d7f5 f4f5 c4b4 g3g4 b4c5 g4g5 b5b4 g5g6 b4b3 g6g7 b3b2 g7g8q b2b1q,1252,advancedPawn bishopEndgame crushing endgame promotion quietMove veryLong
q8tRj,4r1k1/5Rp1/p2pP1q1/P1p2Q2/4p1Pp/7K/2P2P2/8 b - - 4 43,g6e6 f7f8 e8f8 f5e6,1252,crushing deflection endgame master short
dkL1T,1n3Q2/8/kr4p1/6K1/pp3P2/8/2P5/8 w - - 0 60,f8c5 b6b5 c5b5 a6b5,1255,crushing endgame master pin short
8seu4,4r3/3k4/p2r4/R2pKpPp/2pP3P/2R1P3/8/8 w - - 6 47,e5f5 e8f8 f5e5 d6e6 e5d5 f8f5 d5c4 f5a5,1256,advantage endgame rookEndgame skewer veryLong
Mpszn,5r1q/pp2n1bk/2p4p/6NQ/3PP3/2P5/PP4PP/5RK1 b - - 5 24,h7g8 f1f8 g7f8 h5f7,1257,kingsideAttack mate mateIn2 middlegame short
X8aPN,5rk1/2pR2pp/1p3p2/p3p3/4P1Q1/2P4P/1q3PP1/6K1 b - - 1 23,f8f7 d7d8 f7f8 g4e6 g8h8 d8f8,1257,backRankMate deflection endgame long mate mateIn3
eBdHE,3Qnk2/p1pb1ppp/1p6/1P6/3q4/7P/P5P1/4R2K b - - 6 32,d4f2 d8e7 f8g8 e7e8 d7e8 e1e8,1257,backRankMate deflection endgame fork long mate mateIn3 sacrifice
BRQI3,r3k2r/pp2nppp/2b1p3/q1bpP3/8/2NQ1N2/PPPB1PPP/R4RK1 b kq - 5 11,a5b4 c3d5 e7d5 d2b4,1259,advantage discoveredAttack middlegame short
9rNyX,6Q1/8/3b1p2/p1pk4/8/1P1P2PP/q4PK1/8 b - - 15 51,d5d4 g8c4 d4e5 c4e4,1261,endgame mate mateIn2 short swallowstailMate
gas96,5rk1/5ppp/3p4/Q2P4/4P3/2r1qRPP/P5BK/8 b - - 5 27,c3a3 a5a3 e3a3 f3a3,1261,crushing endgame short xRayAttack
yHsZa,2k2b1r/pppq2pp/3rp3/2Q5/3P2b1/2N1P3/PP1BNP2/R3K2R w KQ - 3 16,c5a7 d6a6 a7a6 b7a6,1261,advantage middlegame short trappedPiece
viCsO,1r5k/R6p/5p2/8/p3P3/3B1PP1/1p5P/7K b - - 1 37,b2b1q d3b1 b8b1 h1g2 b1b2 g2h3,1262,crushing defensiveMove endgame long
60n6t,r4rk1/pb3Bpp/1p6/4N3/3qpP2/1Q6/PP4PP/2R2n1K b - - 0 19,g8h8 e5g6 h7g6 b3h3,1263,mate mateIn2 middlegame sacrifice short
KD4sP,1r6/1PR5/8/5Kpk/8/8/8/8 b - - 2 62,h5h4 c7h7 h4g3 f5g5,1264,crushing deflection endgame rookEndgame short
LGPxZ,6k1/6p1/R2N3p/3nPp2/5P2/1P4P1/1P5r/1K6 w - - 0 29,d6f5 h2h1 b1c2 d5b4 c2c3 b4a6,1265,advantage endgame fork long
Okrvv,2k1r2r/1pp2pbp/p2p4/5q2/2Pp3Q/1P1P4/PB3PPP/R4RK1 b - - 5 18,f5d3 h4g4 c8b8 g4g7,1265,advantage fork middlegame short
80zKV,3rQ1k1/pbp2pp1/1p1q3p/8/8/3B1P2/PP4PP/4R2K b - - 4 23,d8e8 e1e8 d6f8 d3h7 g8h7 e8f8,1267,advantage endgame long pin
qjJhC,r1b3k1/pp4pp/4p3/3p4/P1nB1r2/1qP5/4Q1PP/RN2KB1R w KQ - 0 18,g2g3 f4e4 e2e4 d5e4,1268,advantage middlegame pin short
rXoSU,3Q4/1p3p1p/p1bp1Bpk/2p5/2P2P2/1P5P/P2q2P1/6K1 b - - 0 31,d2f4 d8f8 h6h5 g2g4 f4g4 h3g4,1268,crushing endgame long
YR1LF,1r2k1r1/b1pbqp2/pp1p4/3B2P1/3PPQ2/2P2K2/PP3P2/R4R2 b - - 0 23,e7g5 f4f7 e8d8 f7g8 g5g8 d5g8,1269,attackingF2F7 crushing long middlegame
0qXfy,1R2R3/p4pk1/2p3p1/p2p2P1/8/2r4r/5K2/8 b - - 1 34,f7f5 b8b7,1270,endgame mate mateIn1 oneMove rookEndgame
WdfWE,5rk1/pp3p1p/2b1pPp1/3pP1Q1/q4P2/5N2/P6P/R6K b - - 1 24,g8h8 g5h6 f8g8 f3g5 a4e4 g5e4,1270,crushing endgame long
kXXp2,r2qkb1r/pp1n1ppp/3p2n1/1B1Ppb2/4N3/3Q1N2/PPP2PPP/R1B1K2R w KQkq - 5 12,e4d6 f8d6 d3f5 d8a5 f3d2 a5b5,1271,crushing fork long middlegame
sqpCl,r1b1kbnr/pppp1ppp/8/4N3/2B1P2q/6p1/PPPP3P/RNBQK2R w KQkq - 0 7,e5f3 g3g2 f3h4 g2h1q,1272,advancedPawn advantage discoveredAttack discoveredCheck opening promotion short
t8Iuk,8/7p/1p6/p3p3/k4P2/7P/4K1P1/8 w - - 0 46,f4e5 a4b5 e5e6 b5c6 e6e7 c6d7,1272,crushing endgame long pawnEndgame
wVjCf,3k4/1p4R1/p2P4/8/7p/1K4nP/PP4rB/8 w - - 0 37,h2g3 g2g3 b3c2 g3g7,1272,crushing endgame master masterVsMaster short
sPssv,rn1q1k1r/p2b1Bpp/1p3n2/8/3p4/1QN1P3/PP3PPP/R1B1K2R w KQ - 1 12,e3d4 d8e7 c1e3 e7f7,1273,advantage opening short
6Y2cL,8/7p/1k1R2p1/4P3/3P4/7r/br5B/2R4K b - - 3 50,b6b5 c1c5 b5b4 d6b6,1274,crushing endgame master masterVsMaster short
Epqay,r2q1rk1/pp3p2/2p1pn1Q/3n2N1/3P1b2/2PB3P/PP3PP1/R3K2R b KQ - 2 16,f8e8 d3h7 f6h7 h6h7 g8f8 h7f7,1274,kingsideAttack long mate mateIn3 middlegame
i6WoZ,6k1/5pp1/7p/2N2P2/p4RPb/2rP1K1P/8/8 w - - 0 35,f4c4 c3c4 d3c4 a4a3,1274,advantage endgame master short
ElAg7,r3R1k1/5p2/p1p2npQ/5bN1/8/2q5/P4PPP/4R1K1 b - - 1 23,a8e8 e1e8 f6e8 h6h7 g8f8 h7f7,1275,long mate mateIn3 middlegame
gJLU9,2kr1b1r/ppp2ppp/5q2/8/8/2N5/PP2QPPP/R4RK1 b - - 1 13,f8b4 e2g4 c8b8 g4b4,1276,advantage fork middlegame short
PmAZW,3r2k1/1p1r1ppp/2p1pqn1/p7/PnBPP2P/2N2QP1/1P1R1P2/3R2K1 b - - 0 22,d7d4 f3f6 g7f6 d2d4,1277,crushing intermezzo master middlegame short
vPKMs,r5k1/1p3ppp/p7/4r3/3B2Q1/P2q2PP/5P2/2R3K1 b - - 1 27,d3d2 c1c8 a8c8 g4c8 e5e8 c8e8,1277,endgame long mate mateIn3
yuEFt,6Q1/p3k3/1p2P3/3p1p2/2pBnP2/P1P2K1P/1q6/8 b - - 1 53,b2d2 g8f7 e7d6 f7d7,1278,endgame mate mateIn2 short
VWFbs,r4rk1/p1p2ppp/1p1p1b1q/8/4PP2/3B2Pb/P1P2R1P/1R1Q2NK b - - 1 19,f6d4 g1h3 d4f2 h3f2,1279,advantage middlegame short
1s0QI,8/pk6/2p1P3/1p1p1r2/1qnP1Q2/6P1/PPP5/2KN4 w - - 0 35,f4f5 b4d2 c1b1 d2d1,1280,deflection endgame mate mateIn2 short
2YIHR,5r2/pp2bPk1/4qRp1/3nP2r/2pPQ3/PpP3R1/7P/2B3K1 b - - 12 29,d5f6 e4g6 g7h8 g6g7,1280,mate mateIn2 middlegame short
QtZic,2k5/ppp4N/8/3n4/1P3KP1/P4P2/2r1r2P/R5R1 w - - 1 27,f4g5 e2e5 g5h4 c2h2 h4g3 h2h7,1280,advantage discoveredAttack endgame long master skewer
Y6K5I,8/8/3p4/8/2p1PK2/3k4/1P6/8 w - - 4 56,f4f5 d3c2 f5e6 c2b2 e6d6 c4c3 e4e5 c3c2,1281,advancedPawn crushing endgame pawnEndgame veryLong
LRbXW,3Rr3/1p2P1pk/p3Q2p/5p2/4bP2/1P5P/P1r4K/3R4 w - - 4 36,h2g3 c2g2 g3h4 g7g5 f4g5 h6g5 h4h5 e4f3,1282,endgame mate mateIn4 morphysMate veryLong
9hWgf,3r1rk1/ppp3pp/4R3/2qn4/8/1QN5/PP3PPP/R5K1 w - - 0 18,c3d5 c5f2 g1h1 f2f1 a1f1 f8f1,1284,backRankMate long mate mateIn3 middlegame sacrifice
XOGjP,1r4rk/2p2qb1/p2p2Rp/4pP1P/4PR2/1PQ5/1B6/1K6 b - - 0 33,e5f4 g6h6,1284,mate mateIn1 middlegame oneMove pin
pGSr4,1b3rk1/5ppp/8/3p4/1Q1P4/4R2P/6q1/rN1KR3 b - - 3 43,g2a2 b4f8 g8f8 e3e8,1284,attraction mate mateIn2 middlegame sacrifice short
uygFM,r1bq1r2/pp3pk1/2n1p1pp/3p4/5N2/3QP3/PPB2PPP/R4RK1 b - - 3 18,d8f6 f4h5 g7h8 h5f6,1284,crushing middlegame short
HX4bE,2r1r1k1/1p2Rpp1/p6p/3p4/3P1q2/Q6P/PP2RPPK/8 w - - 3 28,h2g1 c8c1 e2e1 c1e1 e7e1 e8e1,1286,endgame kingsideAttack long mate mateIn3 xRayAttack
qOQ5h,3r4/p1R2k2/1p3np1/1R6/3b1P2/8/P5PP/7K b - - 5 29,d8d7 c7d7 f6d7 b5d5 f7e6 d5d4,1286,advantage endgame fork long
yIL6j,r5k1/1pp2p2/pn6/4rbBQ/8/2PB2P1/P1P5/R6K w - - 1 24,g5f6 f5e4 d3e4 e5h5,1286,advantage collinearMove discoveredAttack master middlegame short
MgclQ,3R4/5pkp/6p1/1p2q3/1Q2P3/1P3P1P/P1p3P1/6K1 w - - 1 29,b4e1 e5c5 g1h1 c2c1q,1287,advancedPawn advantage endgame promotion short
tvp1G,1q4k1/6pp/2p4r/2Pp4/3Pp3/P1B1Pr2/1K3R2/R3Q3 w - - 8 36,c3b4 f3f2 e1f2 h6h2 f2h2 b8h2,1288,advantage long middlegame pin
HGLtk,8/1R1b2P1/3k3n/7P/1p5K/p7/B2b4/8 b - - 0 53,d7e6 b7b6 d6c5 b6e6,1289,advantage deflection endgame master short skewer
NT4mi,5rk1/pp2r2p/6p1/5q2/2p5/2Q5/PP3PPP/4R1K1 w - - 0 28,e1e7 f5f2 g1h1 f2f1,1289,endgame mate mateIn2 short
hFa1q,r5k1/6b1/1p2q3/p1p1p2Q/2P1Pp2/1P3P2/P2r1B1P/R4R1K w - - 2 28,f2h4 e6h3 f1f2 d2f2 h4f2 h3h5,1289,crushing long master middlegame
vJHK2,3r4/1Bn4k/p4Rpp/4n3/bP5B/2P5/4N1PP/5K2 w - - 3 28,h4g3 d8d1 f1f2 e5g4,1290,advantage middlegame short
M5WTh,r2b1r1k/1b1p1p1p/p1qn1n1B/1p4QN/8/8/P1B2PPP/R3R1K1 b - - 5 22,f8g8 h6g7 g8g7 g5g7,1292,kingsideAttack mate mateIn2 middlegame short
UBpnU,8/8/4Kpk1/7p/7P/6P1/8/8 w - - 13 59,e6d5 g6f5 d5d4 f5g4,1292,crushing endgame master pawnEndgame short
Hq5wi,1r3rk1/p4ppp/3R4/2P5/3QP3/q6P/P1P3P1/K6R w - - 1 29,h1b1 b8b1 a1b1 f8b8 d6b6 a7b6,1293,attraction crushing endgame long
XnnRq,r1b1r1k1/ppp1q1p1/2n1pnQp/3p4/5B2/2PBP3/PP1N1PPP/R4RK1 w - - 2 14,f4h6 c6e5 g6g7 e7g7 h6g7 g8g7,1295,advantage long middlegame
xcCIo,2krr3/1pp2pp1/p4n1p/3pNp2/P2Pq3/1PP1P1P1/1B3PP1/2R1Q1K1 b - - 1 18,e8e7 f2f3 e7e5 f3e4,1295,advantage middlegame short trappedPiece
5DP6R,r4rk1/pb5p/1p2qpp1/2bp1p2/5P2/1PNBP3/P2P2PP/2R1QRK1 b - - 5 18,d5d4 d3c4 e6c4 b3c4,1296,crushing middlegame pin short
89bHJ,r1b1nqk1/pppn2bp/3p2p1/1P2pp2/2PP4/3BP3/PB3PPP/RN1QK2R w KQ - 0 12,d4d5 e5e4 b2g7 f8g7 b1d2 e4d3,1296,advantage interference long opening
RMJD3,6r1/1pq2p1k/2n1RQpp/2p5/8/7P/P4PP1/BB4K1 b - - 0 34,f7e6 b1g6 g8g6 f6h8,1296,endgame mate mateIn2 sacrifice short
YTj2K,8/6k1/8/8/pp4PP/1P3R1K/r7/8 w - - 0 61,b3a4 a2a3 f3a3 b4a3,1296,crushing endgame rookEndgame short
Hezwl,rn2k3/2pp1p1p/5N2/p1Pbp2B/8/2P3P1/P3K2P/R1r5 b q - 1 22,e8e7 f6d5 e7f8 a1c1,1298,crushing hangingPiece middlegame short
NQnYp,8/8/pp1p1k2/3P4/1PP1K2p/7P/8/8 w - - 2 43,e4f4 a6a5 b4a5 b6a5 f4e4 a5a4,1300,crushing defensiveMove endgame long pawnEndgame
cvv6k,6k1/1p2Q1pp/p1p1p3/1r3q2/8/P6P/5PP1/4R1K1 b - - 17 33,f5f6 e7e8 f6f8 e8e6,1300,crushing deflection endgame short
nCWJA,5rk1/p1p3pp/3p4/3B1P2/2n5/1K4P1/PP2qP2/R6R b - - 3 20,g8h8 h1h7 h8h7 a1h1 e2h5 h1h5,1301,attraction endgame long mate mateIn3 pillsburysMate sacrifice
5g7Ed,5r1k/4qrp1/5pQp/pp2BP2/6R1/4P2R/6PP/6K1 b - - 0 36,e7e5 h3h6 g7h6 g6h6 f7h7 h6f8,1302,deflection endgame long mate mateIn3 sacrifice
G8yRL,8/6pk/7p/8/4b3/1q5P/1P1Q2P1/5B1K w - - 13 45,f1e2 b3h3 h1g1 h3g2,1302,endgame mate mateIn2 pin short
PB0q3,r2qkb1r/ppp2ppp/4p1b1/3pP3/2PPn1P1/2N5/PP2P2P/R1BQKBR1 w Qkq - 1 10,f1g2 d8h4 e1f1 h4f2,1303,mate mateIn2 opening short
fOujy,4r3/8/p5k1/2pn1r1p/1p2N3/2PP2P1/PP1K2NP/7R b - - 5 32,d5f6 g2h4 g6h7 h4f5 f6e4 d3e4,1303,advantage endgame fork long
DI8RG,2r2rk1/p4ppp/1p6/3P4/8/1R1nqBQ1/P5PP/3R3K b - - 3 24,c8c1 b3d3 e3d3 d1c1,1305,capturingDefender crushing deflection master middlegame short
JcpgC,8/5p2/6k1/5p2/3K4/PR6/r5PP/8 b - - 1 36,a2g2 b3g3 g2g3 h2g3 f5f4 g3f4,1305,crushing endgame long rookEndgame
Kin0I,r2q1r1k/pppbb1pp/3p1p2/3Nn3/3QP2N/6B1/PPP2PPP/3RR1K1 w - - 14 15,g3e5 f6e5 h4g6 h7g6,1305,crushing middlegame short
bPhHe,1r5k/7p/p4R1P/3QpPp1/4P3/q7/r7/K6R w - - 0 38,d5a2 a3c3 a2b2 c3b2,1305,endgame master mate mateIn2 short
sC5bW,2r1r1k1/p2N1pp1/bb6/2Pp2p1/8/N1P5/P4PPP/2KRR3 b - - 0 20,b6c5 e1e8 c8e8 d7c5,1305,advantage middlegame short
DKvSa,6k1/1p4pp/3pp1rq/p2p1pN1/P2PbP2/2P1P2r/1P3QP1/R5RK w - - 0 33,g5h3 h6h3,1306,kingsideAttack mate mateIn1 middlegame oneMove pin
y4Uny,r1bqk1r1/3p2p1/p1n1P1Np/1p1Q1p1P/2p1nB2/2P5/P1P1PPP1/R3KB1R b KQq - 4 14,e4c3 e6d7 c8d7 d5g8,1307,advancedPawn discoveredAttack fork mate mateIn2 middlegame short
ApIvh,4rrk1/p1b3pp/2pq4/5p2/2P2P2/1P5P/1P3QP1/R1B2RK1 w - - 1 26,c1e3 e8e3 f2e3 c7b6 e3b6 a7b6,1308,advantage long middlegame pin sacrifice
55RVi,1r6/5p1p/5p2/6k1/1pK3P1/4P2P/1R3P2/8 w - - 10 37,b2b4 b8b4 c4b4 g5h4 f2f3 h4h3,1309,crushing endgame long rookEndgame
13TQ7,r1bq1rk1/1p2bppp/4pn2/3p4/1n1P4/BQ2PN2/3NBPPP/R4RK1 b - - 1 13,b4c6 a3e7 a8a1 e7d8,1310,advantage middlegame short
3LzDz,2r3k1/pQpb1ppp/1p1p4/3P4/8/P1q4P/6B1/4R2K b - - 3 29,a7a5 b7c8 d7c8 e1e8,1310,backRankMate endgame mate mateIn2 sacrifice short
fHVcS,2Q1k2r/3r2pp/4p3/3n4/8/B3P3/P1Pq1PPP/5RK1 b k - 4 21,d7d8 c8e6 d5e7 e6e7,1312,mate mateIn2 middlegame short
Bx1OH,8/5R2/6N1/8/4pp2/4k2P/r4b2/5K2 w - - 0 37,f7f4 a2a1 f1g2 a1g1 g2h2 g1g6,1313,crushing endgame exposedKing long skewer
MHwg8,2kr2nr/pppq4/1bn2p1p/3p2p1/N2P4/5NB1/PPP1QPPP/R3R1K1 b - - 5 18,c6d4 a4b6 a7b6 f3d4,1313,advantage intermezzo middlegame queensideAttack short
EWqv6,r2r2k1/3P1ppp/pp3n2/2p5/4q3/5Q2/1B3PPP/3R1RK1 w - - 1 23,b2f6 e4f3 g2f3 g7f6,1314,advantage intermezzo master middlegame short
geElk,4r1k1/R7/6p1/1p2np1p/2pP3P/2P3P1/1P2r3/3R1K2 w - - 0 39,f1e2 e5c6 e2f3 c6a7,1314,advantage discoveredAttack discoveredCheck endgame short
n6oGP,5r1k/8/5P2/Q6p/1p4P1/1P5P/6R1/5q1K w - - 11 45,g2g1 f1h3,1314,endgame mate mateIn1 oneMove
LoBFn,4r2k/3b1pp1/p6p/8/1qP1N3/1P3PQP/P5P1/4RK2 w - - 3 32,e4d6 e8e1 g3e1 b4d6,1315,advantage endgame short
Q7oFY,r4r2/3nppbk/6p1/1p4BN/1q6/p1NP4/K2Q4/3B3R b - - 0 25,g7c3 h5f6 h7g7 h1h7,1315,discoveredCheck doubleCheck mate mateIn2 middlegame pillsburysMate short
YCI2y,r7/pbknR3/1p1p4/5P2/3P3K/2PB1P2/P1P3r1/R2Q4 w - - 1 24,d3e4 a8h8 e7h7 h8h7,1315,mate mateIn2 middlegame short
12yTE,2k1r3/1p3ppp/2p5/8/1P2nqP1/P1r1B2P/5P2/3RQRK1 b - - 4 24,f4e5 e3d4 e5f4 d4c3,1316,crushing fork middlegame short
EnWJB,r5k1/pp2nqp1/7r/3pP1QP/2p5/2P5/PPP5/2K3RR b - - 2 26,a8f8 g5h6 f7f4 h6f4,1316,advantage middlegame pin short
KNx2H,r4rk1/ppQ3p1/4pp1p/8/3P1Pq1/8/PPP4P/2K3RR b - - 0 19,f8f7 c7f7 g8f7 g1g4,1317,crushing endgame kingsideAttack short
Y749H,6r1/pp3kp1/2p2q2/2Q2b1p/3r4/5R1P/P4PP1/R5K1 b - - 0 27,g8d8 f3f5 d8d5 f5f6,1317,crushing middlegame pin short
aSb1j,2r2r1k/2p3pp/p3p3/1pPb4/3P1B2/P1P1QP1P/1q4P1/3RK1R1 w - - 5 29,e3d3 f8f4 d3d2 b2d2,1317,advantage hangingPiece middlegame short
vSrf3,3r3r/pp6/5kp1/5p2/2BN1n2/1PB5/P1P3K1/R7 w - - 0 31,g2f3 h8h3 f3f2 h3c3,1318,crushing middlegame short skewer
alIaP,1r4k1/5pp1/8/3r4/PPR5/7P/3p1PP1/3R2K1 w - - 0 39,b4b5 b8e8 g1h2 e8e1 d1d2 d5d2,1319,advantage endgame long quietMove rookEndgame
mo3h5,5rk1/p1q2b2/2p5/2b2B2/3p2P1/6NP/PP4Q1/5R1K w - - 0 37,g3h5 f7d5 f5e6 d5e6,1320,crushing middlegame pin short
oJzQO,8/8/3k4/8/3rp1R1/6K1/6PP/8 w - - 0 49,g3f2 e4e3 f2e3 d4g4,1321,crushing discoveredAttack endgame master masterVsMaster rookEndgame short
RBbwm,4Q3/2p3k1/pp1q2pp/8/1P6/PnPr4/6PP/5RK1 b - - 5 39,d6d7 e8f8 g7h7 f1f7 d7f7 f8f7,1322,advantage endgame fork long
CsssI,3r1rk1/p3ppb1/1p4pp/4p3/4N2Q/q7/5PPP/R3R1K1 b - - 1 24,a3b4 e4f6 g7f6 h4b4,1323,crushing discoveredAttack master middlegame short
qngrQ,rnbqkbnr/ppp3pp/8/8/4pp2/1NN2P2/PPPP2PP/R1BQKB1R w KQkq - 0 8,f3e4 d8h4 g2g3 f4g3 d1f3 g3g2,1323,advancedPawn advantage discoveredAttack discoveredCheck long opening
zmIop,2kr4/p1q4p/5Q2/1ppR1N2/8/4P2P/PPK2Pr1/7R b - - 0 24,d8d5 f5e7 c7e7 f6e7,1324,crushing endgame fork short
NU70g,3r2k1/5ppp/8/8/Q1P5/1P1q1p1P/P4PP1/5RK1 w - - 2 28,a4c6 d3f1 g1f1 d8d1,1325,attraction endgame mate mateIn2 sacrifice short
u0iqe,r1bq1rk1/pp2bpp1/2n2n1B/4p3/3p3Q/P2B1N2/1PP1N1PP/R4RK1 b - - 0 13,g7h6 h4h6 f6e4 d3e4,1328,crushing master middlegame short
oTo3T,3q1r1k/pp4p1/3bQ3/3p3p/3r1P2/P1B4P/1Pb3P1/R4RK1 b - - 1 22,d4e4 e6h6 h8g8 h6g7,1330,kingsideAttack mate mateIn2 middlegame pin short
xkhtk,2k4r/Q4p2/2p1p3/4qp2/2p5/2P3P1/P2RKPP1/8 w - - 0 28,e2d1 h8h1 d1c2 e5e4 c2b2 e4b1 b2a3 b1c1 a3b4 c1d2,1330,crushing endgame exposedKing fork veryLong
845zS,8/8/P4kp1/1r3p2/8/1PR5/6K1/8 b - - 0 52,f6e5 a6a7 b5a5 c3c5 a5c5 a7a8q,1331,advancedPawn crushing deflection endgame long promotion rookEndgame
gIvjI,r5kr/1pp1n1pp/p1n3q1/6N1/3b1BQ1/8/PP3PPP/RN2R1K1 w - - 2 15,g4e6 g6e6 g5e6 d4b2 b1d2 b2a1,1331,advantage long middlegame trappedPiece
1wD5l,R5nr/1pk2Bp1/p1b1p2p/2p1P3/3p4/2P1q3/PP1N2P1/R2Q3K w - - 0 22,a8g8 e3h3 h1g1 h3g2,1333,kingsideAttack mate mateIn2 middlegame pin short
Re0YG,8/6R1/3k1p2/5Bp1/3P4/1r1K3P/4P3/5n2 w - - 7 54,d3c4 f1d2,1333,cornerMate endgame mate mateIn1 oneMove
pst8k,N6k/8/2P2p2/3npP1p/1P6/8/8/2K5 w - - 0 45,c6c7 d5c7 a8c7 h5h4 c7d5 h4h3 d5e3 h3h2,1333,advancedPawn crushing endgame knightEndgame quietMove sacrifice veryLong
Ii4KF,5k2/pp6/7p/4p3/1P1p1q2/3P4/1BPn2R1/4K1R1 w - - 0 39,g2d2 f4e3 d2e2 e3g1,1334,crushing endgame fork short
DX2Fh,r6k/p1p1N1RP/1p6/4n3/8/3B1r2/P1PQK3/1q5R b - - 2 23,b1h1 g7g8 a8g8 h7g8q,1335,advancedPawn mate mateIn2 middlegame promotion short
oBTWP,r2qkb1r/pp1b1ppp/Q4n2/1N1Np1B1/2Pp4/8/PP2PPPP/R3KB1R b KQkq - 0 10,b7a6 b5c7 d8c7 d5c7,1335,advantage fork opening short
GJykO,1n2r3/1kp2q2/pp1p2pp/3P2b1/Q2P2P1/2N1p3/PPP1B3/1K1R4 b - - 5 28,f7d7 e2a6 b8a6 a4d7,1336,crushing deflection middlegame short
TDpzw,r2q1rk1/4bppp/p2p4/1pnP1Q2/2p1PB2/P4P2/1PB3PP/R4RK1 b - - 0 20,e7f6 e4e5 g7g6 f5f6 d8f6 e5f6,1337,crushing long master middlegame
E7DGk,7r/1p4R1/p3kp2/B5p1/1P1pP3/4nN2/P3Q1PP/2q3K1 w - - 1 28,g1f2 e3g4 f2g3 c1f4,1338,mate mateIn2 middlegame short
gADk2,3r2k1/3Pqp1p/1p1r2p1/8/P5N1/2Q4P/5PPK/8 b - - 5 33,d8d7 g4h6 g8f8 c3h8,1338,endgame mate mateIn2 short
erSfc,rnb1kb1r/pp3ppp/4p3/3P4/2Bq4/5Q2/PP3PPP/R1B1K1NR w KQkq - 1 11,d5e6 f8b4 e1f1 d4c4,1339,advantage opening short
vgROK,r2qk2r/pp1n1ppp/2p1p3/3p4/3PPn2/2BB1P2/PPP1QP1P/R4RK1 w kq - 1 12,e2e3 d8g5 g1h1 g5g2,1339,kingsideAttack mate mateIn2 middlegame short
VdC3Q,r3kb2/1p1q1p1r/2p1b2p/p2nB1pQ/2Bp4/P2P4/1PP2PPP/RN3RK1 w q - 4 15,b1d2 e6g4 h5g4 d7g4,1340,crushing middlegame short trappedPiece
6kH5C,2q3k1/5p2/1B4p1/P2PQ2p/1br4P/1p2P1P1/b1B2P2/5RK1 b - - 0 37,c4c2 b6d4 f7f6 e5f6,1341,advantage master middlegame quietMove short
ftt3s,r1bq1r2/pppp2p1/2nk3p/2bn4/4Q3/2PB4/PP1N1PPP/R1B2RK1 b - - 5 14,d8e7 d2c4,1341,mate mateIn1 middlegame oneMove
wYSuz,1rq1r3/2p2p1k/p2p1bp1/2pP3P/8/1P1Q4/P1P2PP1/1K1R3R b - - 0 22,c8f5 h5g6 h7g6 h1h6 g6h6 d3f5,1341,advantage attraction deflection discoveredCheck doubleCheck long middlegame pin
ASdPn,6k1/p4pp1/2P1p2p/3nN3/3Q1P2/6P1/P3q1KP/8 w - - 3 30,d4f2 d5e3 g2g1 e2d1 f2e1 d1e1,1342,endgame long mate mateIn3
WVHGN,r1bqr1k1/ppp3pp/1b1p2n1/6N1/1PP1pP2/P6P/2B3P1/R1BQK2R b KQ - 1 14,h7h6 d1d5 c8e6 g5e6,1343,advantage kingsideAttack middlegame short
z7QS3,r2qk2r/pp4p1/2nbp1Q1/2pp3n/3P1B2/2P1P3/PP1N1PPP/R3K2R b KQkq - 0 12,e8e7 f4g5 e7d7 g5d8,1343,advantage middlegame short skewer
1Gf2R,8/6pp/3p1p2/4k3/1N2P2P/r4PP1/5K2/8 b - - 4 37,a3b3 b4c6 e5e6 c6d4,1344,crushing endgame short
JQBLm,2r4r/1pq3k1/1b3np1/pP1pNnB1/P2P4/1N6/5PPP/2RQ2K1 b - - 3 22,c7b8 g5f6 g7f6 e5d7 f6g7 d7b8,1346,attraction crushing fork long middlegame
YOqvo,8/p1p1kn1b/7Q/1p6/1b1p3N/qP1Pr2P/2PN2B1/1K1R2R1 w - - 0 30,h6h7 b4c3 h7f7 e7f7,1346,crushing middlegame short
Ov0Hv,5rk1/p1qp1pbp/1p2p1p1/4Pn2/2r5/1Q4B1/PP2BPPP/R3R1K1 b - - 3 19,f5d4 b3c4 c7c4 e2c4,1347,advantage middlegame short
QUufm,r1bqk2r/pppp2pp/2n5/2b1P3/3Np3/2P5/PP3PPP/RNBQK2R b KQkq - 0 9,c6e5 d1h5 e5f7 h5c5,1347,advantage fork opening short
ubHPW,4rk2/pp2pp1Q/3pbbp1/4n3/8/2B2N2/qPP5/2KR1B1R w - - 0 24,f3e5 f6g5 c3d2 a2a1,1347,master mate mateIn2 middlegame short
QCYF8,8/p1qPk1p1/4p2p/1Q3p2/1P6/P6P/6P1/7K w - - 1 41,b5c5 c7c5 b4c5 e7d7,1348,crushing endgame queenEndgame short
pCKsW,2k5/Rb1r1p2/3Bp3/3p4/5P2/4K3/2P3r1/1R6 b - - 3 32,g2c2 a7a8 b7a8 b1b8,1348,endgame mate mateIn2 operaMate sacrifice short
h5Km4,7k/1p1B3p/4p3/3pPp2/3P1QpP/r1P2bP1/4qP2/5RK1 w - - 0 37,d7e6 e2f1 g1f1 a3a1 f4c1 a1c1,1350,attraction endgame long mate mateIn3 pillsburysMate sacrifice
dSH9O,2R5/8/8/8/3k1PP1/7K/2pr3P/8 w - - 3 56,f4f5 d2d3 h3h4 d3c3,1351,crushing endgame rookEndgame short
TPb1o,6k1/2p5/3p3p/2pP2p1/2PbrqP1/P4r1P/1PQ1RPK1/7R w - - 0 34,e2e4 f3f2 c2f2 f4f2,1352,endgame fork mate mateIn2 short swallowstailMate
xR8ax,2k2r2/pp4R1/4p3/1b1pP1P1/3P4/P1P1KN2/1n3B2/8 w - - 4 31,f3d2 b2d1,1353,endgame mate mateIn1 oneMove
PUdAz,2r3k1/5ppp/4b3/8/p7/P3B3/2q2PPP/R3Q1K1 b - - 1 25,c8c3 a1c1 c2c1 e3c1,1354,crushing endgame short
pWYrQ,r2q1k1r/pp1nb1p1/4RpQ1/1p6/3P3B/2P5/P4PPP/4R1K1 b - - 2 20,h8h4 e6e7 d8e7 e1e7 f8e7 g6g7 e7e6 d4d5,1354,advantage attraction capturingDefender middlegame veryLong
CavGO,8/6pp/4pbk1/6q1/2r1P3/P6P/5QP1/5R1K b - - 7 40,f6d4 f2f7 g6h6 f7e6 g7g6 e6c4,1355,crushing endgame exposedKing fork long
J5pZt,4b3/3q2k1/p3pp1p/1p4n1/1P3B1P/P2r4/5PP1/1QR3K1 b - - 0 32,g5h7 c1c7 d7c7 f4c7,1355,advantage middlegame pin short
2DmjS,3k2r1/1p4p1/r2pQp1p/4p3/Pq2P3/3R4/3R2PP/7K b - - 3 27,g8e8 d3d6 b4d6 d2d6 a6d6 e6d6,1356,advantage endgame exposedKing long
PMoHN,4r2k/2qn3R/p5p1/1ppQ4/5NP1/8/1PP2P2/2K5 b - - 0 28,h8h7 d5f7 h7h6 f7g6,1356,endgame fork mate mateIn2 short
WlXWJ,4r1k1/p1R2pp1/7p/2bN4/8/3P2Pb/P1PQ1q1P/6KB w - - 0 22,d2f2 e8e1,1357,master mate mateIn1 middlegame oneMove pillsburysMate pin
0oVu1,6k1/3R4/4Kp1p/6pP/4P1P1/8/8/3r4 b - - 45 75,d1d7 e6d7 g8f7 d7d6 f6f5 e4f5,1358,crushing endgame long
6Vu0c,r1b2k1r/3n2pp/p7/6B1/2q1P3/2N2N2/1P3RPP/4R1K1 b - - 1 22,c8b7 f3e5 f8g8 e5c4,1358,crushing discoveredAttack discoveredCheck middlegame short
MQkW5,r3kb1r/pp3pp1/4P3/3pq1N1/1p5P/P2PBQ2/2n1K3/1N6 b kq - 3 21,c2e3 f3f7 e8d8 f7d7,1358,attackingF2F7 mate mateIn2 middlegame short
7bSiN,7R/4k1p1/p5p1/2NKp3/1pP1P3/1P3P2/5qP1/5B2 w - - 4 31,h8h1 f2d4 d5c6 d4d6 c6b7 d6c5,1359,advantage deflection endgame long
CXpHm,r1b2rk1/p4ppp/2N5/3Q4/5b2/8/Pq3NPP/R4RK1 b - - 0 17,f4e3 c6e7 g8h8 d5a8,1361,advantage discoveredAttack middlegame short
H6VUm,r1b1kb1r/pp3pp1/3q3p/2p5/2Bn2n1/2N2N2/PPP2PPP/R1BQ1RK1 w kq - 2 11,c3e4 d4f3 g2f3 d6h2,1361,kingsideAttack mate mateIn2 opening short
aE8xn,r2q1r2/p3ppkp/2pp1np1/2p1P3/6b1/2NP1N2/PPPQ1PPP/R3K2R b KQ - 0 11,g4f3 e5f6 e7f6 g2f3,1361,advantage intermezzo middlegame short
mqh13,4r1k1/6p1/p4rqp/8/3pBP2/5Q2/PP2R1PP/6K1 b - - 0 29,g6f7 e4d5 e8e2 d5f7 f6f7 f3e2,1361,advantage endgame long pin
18wRL,r1b2rk1/ppp1qppp/1n1p1n2/4P1B1/8/2N2N2/1P3PPP/R2QKB1R w KQ - 0 12,c3d5 b6d5 d1d5 f6d5 g5e7 d5e7,1362,advantage long opening pin
v86nd,2Rb2r1/kp6/p5qp/4Q3/1P2Pp2/P4N1P/4KP2/8 w - - 3 30,e5c5 d8b6 c5f5 g6f5 e4f5 g8c8,1362,advantage capturingDefender defensiveMove endgame long
w2L3q,6k1/6p1/p6p/1p1PpR2/1P2P3/P1rp3P/6P1/6K1 w - - 0 29,f5f1 d3d2 g1f2 c3c1 f2e2 c1f1,1362,advancedPawn crushing endgame long rookEndgame
caBLj,r3qrk1/5p1p/pb2p1p1/1p2P3/1P3n2/P1N2P2/2Q2P1P/1BRR2K1 w - - 0 22,c2e4 f4h3 g1g2 h3f2,1363,advantage kingsideAttack middlegame short
sLokF,2k5/2p5/1p6/1P2p2P/P1P1n1P1/1NR5/6K1/3r4 w - - 0 34,h5h6 e4c3 h6h7 d1d8,1363,advantage defensiveMove endgame hangingPiece master short
ua6hz,r2q2kr/5p2/p4np1/1p3N2/4p3/6Q1/PP3PPP/1BR3K1 b - - 1 28,a8c8 c1c8 d8c8 f5e7 g8g7 e7c8,1363,advantage attraction fork long middlegame pin
MN9BF,q2r2k1/3N2p1/1P1Q1p2/3b1P2/3B3p/8/2P4P/2K5 b - - 4 40,a8c6 d7f6 g7f6 d6d8,1364,crushing discoveredAttack endgame master masterVsMaster short
dlDs3,r1bqk1nr/ppp2ppp/8/8/1b1Pp3/2N2P2/PP4PP/R2QKBNR b KQkq - 2 8,g8f6 d1a4 c7c6 a4b4,1364,advantage fork opening short
hOZNB,r1b2rk1/2p2ppp/1pQ1p3/p7/3P4/2Pq1N2/PP3PPP/R3K2R w KQ - 0 14,c6a8 c8a6 a8a6 d3a6,1364,advantage middlegame quietMove short
BwmEQ,5rk1/1p4pp/p2Q4/2P1p2n/1P2q3/P6P/6P1/R4B1K w - - 1 31,d6d3 f8f1 d3f1 h5g3 h1h2 g3f1,1365,attraction crushing endgame fork long sacrifice
Kw89t,1r3r1k/Q5pp/8/2p5/2B5/3P4/P1P3PP/1q3R1K w - - 3 22,f1g1 b1g1 h1g1 b8b1,1365,attraction endgame mate mateIn2 sacrifice short
NIXdL,8/6pk/3q2rp/8/8/4B1b1/P1Q2P2/2R3K1 w - - 0 39,f2g3 d6g3 g1f1 g3e3,1365,crushing endgame fork short
2Oor1,2n1r2r/1pp3k1/1b1pPq1p/pP3p1Q/P1B4P/2PP4/3K2P1/4R2R b - - 0 25,c8e7 h5f7 f6f7 e6f7 e8d8 e1e7,1366,advancedPawn advantage capturingDefender long middlegame
R097b,6k1/7p/4p3/1pqpPp2/5P2/1Q4P1/1P4KP/8 w - - 0 32,b3c3 c5c3 b2c3 d5d4 g2f3 d4c3,1366,crushing endgame long queenEndgame
TYNKh,2r1r3/1p2k3/p7/3p1Q2/3P3p/BP5P/P3q1P1/7K b - - 5 32,e7d8 f5d5 d8c7 d5d6,1366,dovetailMate endgame mate mateIn2 short
0v2i4,8/6pk/1pQ4p/p2Pq3/8/P7/KP6/8 b - - 5 41,e5f6 c6f6 g7f6 d5d6 h7g6 d6d7,1367,advancedPawn crushing endgame long queenEndgame
AHR4A,1k5r/5pR1/2p1p3/p6q/8/1P2N3/P2QKP2/8 w - - 17 42,e2d3 h8d8 d3c2 d8d2,1367,advantage endgame short skewer
e1Aay,r3k2r/1pqb1pp1/p1n1p3/6Np/2BP4/4P1bP/PPPKN1P1/R2Q3R w kq - 3 15,d1f1 c7a5 e2c3 a5g5,1367,advantage fork middlegame short
nuwK7,r4rk1/pp2q1p1/1nn1p3/3pPpPQ/8/2N4R/PPP3PP/R5K1 b - - 0 23,g7g6 h5h8 g8f7 h3h7 f7e8 h7e7,1367,advantage exposedKing kingsideAttack long middlegame skewer
SoNnc,8/2p5/3b4/3P4/1pK2k2/pB6/4R3/1b6 w - - 12 62,e2e6 a3a2 b3a2 b1a2,1368,advancedPawn crushing endgame short
hP13G,r2qkbnr/ppp3pp/2np1p2/4N2b/2B1P3/2NP3P/PPP2PP1/R1BQK2R b KQkq - 0 7,h5d1 c4f7 e8e7 c3d5,1368,mate mateIn2 opening short
iVmLx,6k1/8/1p1p3p/3P1pp1/2P1qP2/pPBp4/P4Q1P/6K1 w - - 0 33,f2d4 e4d4 c3d4 d3d2,1368,advancedPawn crushing endgame short
Ptaq9,8/8/4Pbk1/3K4/5pp1/5P2/5P1p/1R6 w - - 0 50,d5e4 g4g3 f2g3 f4g3,1369,crushing endgame master short
hjUrp,r4r2/1pp3k1/p3pp1p/n5bQ/q5Pn/5NRP/1P6/1B3R1K b - - 1 28,h4f3 h5g6 g7h8 g6h7,1370,mate mateIn2 middlegame short
uXjot,2r1r1k1/p3pp1p/1p2b1p1/n1q1P1B1/7Q/2P5/P3BRPP/3R2K1 b - - 7 24,c8d8 d1d8 e8d8 g5e7 c5c3 e7d8,1370,advantage attraction fork long master middlegame
Jcu4B,r1b2rk1/pp3p2/4pB2/q3n3/3p4/2P5/P4PPP/2RQKB1R w K - 0 17,d1h5 e5d3 f1d3 a5h5,1371,advantage discoveredAttack middlegame pin short
tCGQT,3rr1k1/pp3ppp/2p5/4n3/4P1n1/2P1BNq1/PPB1Q1P1/R3R1K1 b - - 3 18,e5f3 e2f3 g3h2 g1f1 g4e3 f3e3,1371,advantage long middlegame
4owBd,r4r2/pkp3pp/1pN5/1Pb5/R1P2B2/3K2PP/8/8 b - - 2 33,a8e8 a4a7 b7c8 a7c7,1373,endgame mate mateIn2 operaMate short vukovicMate
bUPdt,1n6/5B1k/7P/1p4PK/2pP4/2P5/p7/8 b - - 1 56,a2a1q g5g6 h7h8 g6g7 h8h7 g7g8q,1373,advancedPawn endgame exposedKing long mate mateIn3 promotion
D2UDd,r4rk1/2q3pp/p3pn2/3p1p2/Pb1N4/2P1B2P/2Q2PP1/3R1RK1 b - - 1 21,f8e8 c3b4 c7c2 d4c2,1374,advantage hangingPiece middlegame short
EJUsw,r1bq1rk1/ppp1bppp/8/4R3/2B5/3p4/PPPN2PP/R1BQ2K1 w - - 0 13,c4d3 d8d4 e5e3 d4e3,1374,advantage fork opening short
ppDIq,r5k1/3q2bp/2p5/1pPp1N2/4p3/4P1Q1/1r4PP/5RK1 b - - 0 29,a8f8 f5h6 g8h8 f1f8 g7f8 g3g8,1374,deflection discoveredAttack long mate mateIn3 middlegame pin
BGkPq,5rk1/pp4pp/4R3/2Pp4/7n/3Q1Nq1/PP4P1/1R4K1 w - - 1 24,e6e2 h4f3 d3f3 f8f3,1375,crushing middlegame pin short
jc943,r2q1rk1/5ppp/p1nbpn2/1p1pN2b/3P4/1BNQ3P/PPP2PP1/R1B1R1K1 b - - 7 13,c6e5 d4e5 d6c7 e5f6,1375,advantage fork middlegame short
oJj6Y,r7/6k1/3p2pp/3P2P1/8/pK5P/R7/8 w - - 0 40,a2a3 a8a3 b3a3 h6g5,1375,crushing endgame rookEndgame short
v8fgB,r1b2rk1/ppp2pp1/6np/3q4/5B2/3P4/PPP1B1PP/R2Q1RK1 w - - 0 13,f4c7 d5c5 d3d4 c5c7,1375,crushing fork middlegame short
TBnsJ,rnb1k2r/pp2bppp/1qp1pn2/3p4/3PP3/P1N1BP1N/1PP3PP/R2QKB1R b KQkq - 3 7,b6b2 c3a4 b2a1 d1a1,1376,advantage master opening short trappedPiece
X2ILs,8/p5pk/3q3p/8/2Q5/1P4PP/7K/8 w - - 0 50,c4f4 d6f4 g3f4 h7g6,1376,crushing defensiveMove endgame queenEndgame short
euIUA,r4rk1/p1p3pp/1p2p3/7q/2NPp1n1/P1P5/2PBQPP1/1R2R1K1 w - - 0 19,e2e4 h5h2 g1f1 f8f2,1376,kingsideAttack mate mateIn2 middlegame short
jK6rX,6r1/pp2P3/1kp2Q2/3pP3/3P4/2P3q1/PP3R1K/RN6 w - - 3 30,h2h1 g3g1,1376,endgame mate mateIn1 oneMove
jLIrH,2Q3rk/6pp/p6r/8/1P6/2Q1pq1P/P7/6RK w - - 1 40,g1g2 h6h3 c8h3 f3h3,1376,crushing endgame master short
uIcqB,k6r/p7/1p4p1/4p3/2Qpb1p1/P7/2PN1qPP/6RK w - - 2 33,d2e4 h8h2 h1h2 f2h4,1377,attraction endgame mate mateIn2 sacrifice short
E4dJt,2q4r/5kp1/p3pp2/1p1p4/5P2/P5p1/2P1Q1P1/3N1RK1 w - - 0 29,e2e3 h8h1 g1h1 c8h8 h1g1 h8h2,1378,attraction endgame long mate mateIn3 sacrifice
LcdFz,r3kb2/pppqp3/4N2p/3P4/2n5/1PNn4/P5QP/R3K2R w KQq - 1 22,e1d1 c4e3 d1d2 e3g2,1378,crushing fork middlegame short
c310t,r4rk1/pp4bp/3p1np1/2pNp1q1/2P1P2P/1P1P2P1/PB2QP1K/R6B b - - 0 20,g5g4 d5f6 f8f6 e2g4,1378,crushing kingsideAttack middlegame short
yhUj9,3r1r2/pp2pkbp/4b1p1/n6n/2p5/2P2N2/PP1B1PPP/RN2R1K1 b - - 1 17,b7b5 f3g5 f7g8 g5e6,1378,advantage deflection middlegame short
u11jV,r1bqk2r/pppnppbp/2n3p1/1B1NP1B1/8/8/PPP2PPP/R2QK1NR b KQkq - 4 8,c6e5 g5e7 d8e7 d5e7,1379,advantage master opening short trappedPiece
6m2zJ,8/1p3p2/p7/4k3/PR2b1p1/1P6/2P2P1r/5KN1 b - - 1 42,h2g2 b4e4 e5e4 f1g2,1380,crushing endgame short
oFIGq,5r1k/5rp1/pp5p/3R4/P2QN2P/6P1/1P2q3/3R2K1 w - - 3 36,d4d3 f7f1 d1f1 f8f1,1380,mate mateIn2 middlegame short
yq57i,8/5pk1/2P5/3p2pp/Q2P1bb1/P7/4r1K1/1B3R2 w - - 3 47,f1f2 g4h3 g2h3 e2f2,1380,crushing deflection endgame short
SOAaz,8/3N1prk/1p2n2p/pP1R4/P6P/2P3P1/4r2K/6R1 w - - 3 40,g1g2 e2g2 h2g2 e6f4 g2f3 f4d5,1381,advantage attraction endgame long pin
8s7hr,2r1bQ2/8/p5kp/1p1q1pp1/8/7P/PP3PP1/4R1K1 b - - 0 29,d5f7 f8d6 g6g7 e1e7,1382,advantage endgame pin short
1prpM,r1bqkb1r/1p3ppp/p1np1n2/1B1P4/Q7/5N2/PP3PPP/RNB1K2R b KQkq - 1 9,f6d5 b5c6 b7c6 a4c6 c8d7 c6d5,1384,advantage fork long opening
L5ul1,2r5/1p3n1p/p2pk3/6p1/4P3/2r3B1/1Kn1B1PP/3R3R b - - 1 31,c3c6 e2g4 e6e7 g4c8,1384,advantage middlegame short skewer
X0sZ9,r4rk1/ppp3pp/3q2b1/3pp3/1n4P1/1P2PN1P/PB1N1P2/2RQK2R w K - 3 16,b2e5 b4d3 e1f1 d3e5 f3e5 d6e5,1384,advantage fork long middlegame
tJuoJ,6r1/3p1Qpk/4p1Rp/4Pp1P/2p2P2/3q2PK/8/8 b - - 0 46,c4c3 g6h6 h7h6 f7g6,1384,attraction endgame mate mateIn2 pin sacrifice short
CbsbL,1r3r1k/6p1/6Bp/2Rpp3/8/P1QPnP2/2P3PP/6K1 w - - 3 27,c3e5 b8b1 g1f2 e3g4 f2g3 g4e5,1385,crushing endgame long pin
THuhP,7k/pp5p/5p2/6p1/1P2pN2/1Q2P2P/P2P1qPK/2B1n3 w - - 0 27,b3f7 e1f3 h2h1 f2e1,1385,endgame mate mateIn2 pin short
gLMwo,r3k2r/pp3pp1/2n1pn1p/3p4/3P2b1/P1N2NqP/1PP1B1P1/R2Q1K1R w kq - 0 15,h3g4 f6g4 d1e1 g4e3 f1g1 g3g2,1385,long mate mateIn3 middlegame
nw8To,r5k1/p2R1p1p/1p2p3/4B3/4qP2/7K/PP5P/2R5 b - - 0 29,h7h5 c1g1 g8h7 d7f7,1385,crushing deflection endgame master short
o64NW,8/1p4Q1/p3k2p/P4p2/8/4PPKP/8/4q3 w - - 3 47,g3f4 e1h4 g7g4 f5g4,1385,crushing endgame queenEndgame short
tA2tb,r2qkb1r/pp1B1p1p/5p2/3N4/3n4/5N2/PPP2PPP/2KR3R b kq - 0 12,d8d7 d5f6 e8d8 f6d7 f8h6 c1b1,1385,advantage defensiveMove fork long middlegame
W49am,r1bqk2r/ppppn1pp/2n2p2/2b5/Q7/2N2N2/PPPBPPPP/R3KB1R b KQkq - 1 7,e8g8 a4c4 d7d5 c4c5,1387,crushing fork master opening short
jWZ7n,6k1/pp3R2/2p3B1/8/8/6QP/PPP3P1/3rq1NK w - - 3 31,g6h5 e1g3 h5d1 g8f7,1387,advantage endgame hangingPiece short
EF9XU,r3kb1r/2p2ppp/p1pp4/6P1/3P3N/2P4P/P1bK1P2/R1B4R b kq - 1 16,c2e4 h1e1 d6d5 f2f3,1388,advantage middlegame pin short
IPNKY,5rk1/pppq1ppp/2nbr3/8/3p3Q/P2P1N2/1PPB1PPP/R4RK1 w - - 5 16,f3g5 e6h6 h4h6 g7h6,1389,crushing middlegame short
JZ6JD,3q1k2/3P1p1p/8/4p1P1/p3p3/P7/1P1QKP2/8 w - - 3 42,e2e3 d8g5 e3e2 g5d2,1389,crushing endgame queenEndgame short
QCHMG,3r4/pkp5/1p6/1N2p2Q/Pn6/7P/1PPq1P2/1K4R1 w - - 3 27,h5h7 d2d1 g1d1 d8d1,1389,endgame mate mateIn2 sacrifice short
bkR6z,8/3R4/2r5/p3rp1p/P1B2k2/1P3P2/5KP1/8 b - - 9 55,h5h4 d7d4 e5e4 f3e4,1389,crushing endgame short
h95jr,r3kb1r/1p1b1ppp/p7/3p4/6B1/8/PP1B1PP1/2RKR3 b kq - 1 20,e8d8 d2a5 b7b6 a5b6,1389,mate mateIn2 middlegame morphysMate short
pdlba,b5r1/2Q2R2/2pNq1k1/2Ppn3/3Pp3/4P1PK/P4P2/5N2 w - - 1 44,h3g2 e5f7 d6f7 e6f7,1389,advantage master middlegame short
5jUUY,r2q2k1/ppp2pp1/8/2nP1Qp1/2P5/5N2/PP3KPP/R7 w - - 3 18,f3g5 d8g5 f5g5 c5e4 f2e3 e4g5,1390,advantage attraction endgame fork long sacrifice
EtmRq,r4rk1/5ppp/1ppb4/p2n4/7q/1PPP2N1/1P3PPP/R1BQR1K1 w - - 4 17,d1h5 d6g3 h5h4 g3h4,1390,crushing middlegame short
WvXZN,2r3k1/p4pB1/1p5p/2b2N2/4QPq1/1P6/P2r3P/4R2K b - - 0 31,c8d8 f5h6 g8g7 h6g4,1390,crushing fork middlegame short
ZhdS7,8/Q5kp/1p1p2p1/1Pp5/P1q4P/6P1/5K2/8 b - - 0 40,c4f7 a7f7 g7f7 a4a5 b6a5 b5b6,1390,crushing endgame long queenEndgame
JnH7f,r2q2k1/1pp2p2/p7/8/3b4/P3Q2P/BP4P1/R4RK1 w - - 1 25,g1h1 d4e3 f1f7 g8h8,1391,crushing defensiveMove middlegame short
dwcsL,2r4r/p3q1k1/1pB1bp1p/4p3/8/4Q1P1/PP2PPK1/R6R w - - 1 25,a1c1 c8c6 c1c6 e6d5 f2f3 d5c6,1391,advantage attraction fork long middlegame sacrifice
R8O8R,5Q2/7p/8/6K1/8/6qP/3k4/8 w - - 1 56,g5h6 g3g6,1393,endgame mate mateIn1 oneMove queenEndgame
5pFuE,2r3k1/1b1p1ppp/1p2p3/p3P3/3P1N2/1q2BPQ1/2r3PP/4R1K1 b - - 3 26,a5a4 f4h5 b3e3 e1e3,1394,advantage middlegame short
DspVK,r1qb1rk1/5ppp/p1p1p1b1/3pPn2/1P1P1QP1/2P2N1P/5P2/R1B1RNK1 b - - 2 20,f5h4 f3h4 d8h4 g4g5 h4g5 f4g5,1394,crushing long middlegame quietMove trappedPiece
TxGuu,1r3r1k/6pp/p3Rp2/Pn1B2P1/1Pp2q1P/2P5/2Q5/3R2K1 w - - 1 33,e6e4 f4g3 c2g2 g3g2 g1g2 b5c3,1394,crushing exposedKing kingsideAttack long master middlegame
VjujE,6k1/7p/6q1/p1p5/2P2P2/1P3rP1/P6Q/3R2K1 w - - 0 35,g1g2 g6c2 g2f3 c2h2,1395,advantage deflection endgame fork short skewer
Pz7XS,8/6pk/4q3/P1p3Q1/7B/7P/2rp1PP1/3R2K1 w - - 2 34,g5e3 e6e3 f2e3 c2c1 g1f2 c1d1,1396,advantage endgame long pin
SmUL9,r1b2rk1/p4pb1/1pn3p1/1BpN3p/4p2P/2P1B3/PP1R2P1/1K5R b - - 1 18,c8b7 b5c6 b7c6 d5e7 g8h7 e7c6,1397,advantage fork long middlegame
aVMNm,rn1k1bnr/1b1p1ppp/p7/1p1P4/3q4/3BB3/PPP2PPP/R2QR1K1 b - - 3 11,d4d5 e3b6 d8c8 e1e8,1397,mate mateIn2 opening pillsburysMate short
cOTx8,5r1k/p1p3b1/8/7p/4Q3/1P4P1/P1RN2K1/3q4 w - - 6 37,d2f3 f8f3 e4f3 d1c2,1397,advantage deflection endgame master short
d5bF7,r2r4/ppk4p/2p2pp1/4b3/4P3/Pb1PN2P/1P1KN1P1/5R1R b - - 3 23,e5b2 f1b1 b2a3 b1b3,1397,advantage middlegame short
x96Nf,8/8/3k3p/pp4p1/3K2P1/1PP5/7P/8 b - - 0 44,a5a4 b3a4 b5a4 d4c4 a4a3 c4b3,1397,crushing endgame long pawnEndgame
itXCd,r2q1k1r/pp1bn3/3p1b1B/4pp1Q/2P5/6P1/PP3PBP/R4RK1 b - - 0 16,f8g8 g2d5 e7d5 h5g6 f6g7 g6g7,1398,exposedKing kingsideAttack long mate mateIn3 middlegame sacrifice
mWRru,2r3k1/4B1n1/3p2p1/2qP4/8/2p2P2/1P1QB3/2K4R w - - 0 31,d2c3 c5e3 c1b1 c8c3,1398,crushing discoveredAttack middlegame pin short
Bsuip,r2q1r1k/pp4p1/2p1Q2p/4Bp2/5P2/3BP2b/PP5P/R5K1 b - - 1 21,d8d3 e6h6 h8g8 h6g7,1399,kingsideAttack mate mateIn2 middlegame pin short
nJ5eu,6k1/1R4p1/1p5p/8/p2P4/2P2P2/1r4PP/6K1 w - - 0 32,d4d5 a4a3 b7a7 a3a2 h2h3 b2b1,1399,advancedPawn crushing endgame long rookEndgame
s0GJ9,8/3nk3/P1p4p/3p2p1/1P1K4/2P4P/6P1/8 b - - 0 44,d7b6 d4c5 b6c8 c5c6 d5d4 c3d4,1399,crushing endgame knightEndgame long
35Nm4,2k2r2/pbpqn1Q1/1p2pr2/3p4/3P4/3B4/PRPN1PPP/5RK1 w - - 2 19,d2f3 f6f3 g2f3 f8g8,1400,advantage master middlegame pin sacrifice short
D8FtT,5r1k/1p3rpp/p1p5/P2p2q1/1Q1P4/4PpPb/1P2BR1P/4R1K1 b - - 0 23,f3e2 b4f8 f7f8 f2f8,1400,backRankMate mate mateIn2 middlegame short xRayAttack
HuLa4,rn2q1nr/1b1kbRpp/p3B3/2p1P2Q/1pPp4/8/PP1P2PP/RNB3K1 b - - 0 15,d7e6 h5f5,1400,mate mateIn1 oneMove opening triangleMate
46bYm,6k1/3R4/bp2R3/2p5/3b4/1P4P1/5r1P/7K b - - 1 29,a6e2 e6e8 f2f8 e8e2,1401,advantage deflection endgame short
z2oIM,3r1rk1/pppR1Rpp/8/q2P4/8/8/P3Q1PP/6K1 b - - 0 22,f8f7 d7d8 f7f8 e2e6 g8h8 d8f8,1401,backRankMate deflection endgame hangingPiece long mate mateIn3
znACX,3n3k/1p2q1p1/pQ1N3p/4p3/8/6P1/PP3PP1/6K1 b - - 2 33,e7d7 b6d8 d7d8 d6f7 h8g8 f7d8,1401,attraction crushing endgame fork long sacrifice
VgM7s,r2r3k/pbq3pp/1p3pn1/2pBp3/2P1P3/B1P3P1/P1Q2P1P/3R1RK1 b - - 0 21,d8d6 d5b7 d6d1 b7a8 d1f1 g1f1,1403,crushing long middlegame
bV7k1,r1b3k1/1p1n3p/2p1p2r/1P1p1p2/2PPBP1q/4P1p1/2QN2P1/1RB1NRK1 w - - 0 20,f1f3 h4h1,1403,master mate mateIn1 middlegame oneMove
RrrIc,5rk1/pb1q4/2N2p1p/1P1p4/Q1p5/2P1PB2/1P4PP/6K1 b - - 2 26,d7e6 f3d5 e6d5 c6e7 g8g7 e7d5,1404,attraction crushing endgame exposedKing fork long pin sacrifice
Ux4GF,2k3rr/3p4/p1b1p3/1pQ5/4P3/3R1PP1/1qPR2KP/8 b - - 2 26,b2f6 d3d7 h8h2 g2h2 f6h6 h2g2 h6d2 d7d2,1404,crushing middlegame pin veryLong
kOJcP,5rk1/ppp3pp/1q2p3/1N6/P3n3/3r4/1PQ2PPP/1R3RK1 b - - 1 18,e4f2 f1f2 f8f2 c2f2 b6f2 g1f2,1406,advantage long middlegame
0P4lb,6r1/pp1R1prk/2p1p2p/7Q/P3qp2/2P1b1P1/BP5P/3R1K2 b - - 1 32,e4c2 a2b1 c2b1 d1b1,1407,advantage middlegame pin short
1SiBD,r3nrk1/1pq1bp1Q/p3p1p1/2p3R1/4b3/1P1BR3/PBPP1PPP/6K1 b - - 0 19,g8h7 e3h3 h7g8 h3h8,1407,mate mateIn2 middlegame short
3vdQl,4r1k1/p1q3pp/1p2p1n1/3p4/3Pp3/4Q3/PBr2PPP/2R2RK1 b - - 1 24,e8c8 c1c2 c7c2 f1c1 c2b2 c1c8,1407,advantage clearance long middlegame skewer
AHimR,5r1k/1pp4p/p1q5/2P3pr/PPQ1Np2/4bP2/6PP/3R1R1K w - - 0 34,b4b5 h5h2 h1h2 c6h6,1407,attraction kingsideAttack mate mateIn2 middlegame sacrifice short
nce69,r3r1k1/ppp2ppp/2nb4/3p1b2/3Pn3/2PB1N1P/PP1N1PP1/R1B2RK1 w - - 5 13,f1e1 e4d2 e1e8 a8e8 d3f5 d2f3,1407,crushing long middlegame
Q1VjJ,8/4ppkp/p2p2p1/4n3/4q3/2P3Q1/5P1K/2RR4 w - - 0 36,d1e1 e5f3 g3f3 e4f3,1408,crushing endgame fork short
by3wF,N7/pQ6/3p2pk/2q3n1/4P3/5K2/P2P1PPP/8 w - - 23 34,f3g3 c5e5 f2f4 g5e4 b7e4 e5e4,1408,crushing endgame exposedKing long
WyCql,4R3/2r1npk1/4pNp1/1K2P2p/5P1P/6P1/8/8 b - - 16 44,c7b7 b5a6 b7b3 e8e7,1409,crushing defensiveMove endgame short
L8YOX,r5k1/5p2/1q1pp1p1/7R/8/1P6/PQ1R4/1K6 b - - 0 38,g6h5 d2g2 g8f8 b2h8 f8e7 h8a8,1410,advantage endgame long skewer
uzRli,1r4k1/5pp1/Q3p2p/Pp1r4/3PqP2/2P1P3/5P1P/R1R3K1 w - - 1 34,a6c6 d5g5 f4g5 e4c6,1411,advantage discoveredAttack endgame short
yvonW,2Q5/pp4pk/2p2n1p/3pN3/3P4/2P1r1qP/PP4P1/5RK1 w - - 2 27,f1f6 e3e1 f6f1 g3e3 g1h2 e1f1,1411,advantage clearance deflection endgame long
LOIYO,8/6p1/4k2p/P2R1p2/5P2/5K2/r5B1/8 w - - 5 43,f3g3 a2g2 g3g2 e6d5 a5a6 d5c6 a6a7 c6b7 a7a8r b7a8,1413,crushing endgame veryLong
LzEgr,2k3r1/p2N1p2/1pq1p2p/5p2/P1pQ1P2/6rP/6P1/5RRK w - - 0 34,d7e5 g3h3,1414,kingsideAttack mate mateIn1 middlegame oneMove pin
wGq0Y,6k1/1R4pp/8/3P4/2p5/8/3r2PP/6K1 w - - 1 29,b7b6 c4c3 b6c6 c3c2,1414,advancedPawn crushing endgame rookEndgame short
dQg4h,1r1qkb1r/1b1p1p1p/p7/1ppNP2p/4Q3/8/PPP2PPP/R1B1K2R w KQk - 0 14,d5f6 d8f6 e5f6 b7e4,1415,crushing middlegame short
QUxZ8,5k2/p4p1p/8/6Q1/8/1PPp2P1/P3qP1P/6K1 w - - 1 37,g5e3 e2e3 f2e3 d3d2,1416,advancedPawn crushing endgame queenEndgame short
dKuba,1rb2rk1/5ppp/ppn2q2/3N4/3Pp3/4B3/PPQ2PPP/R3K2R b KQ - 3 17,f6g6 c2c6 g6c6 d5e7 g8h8 e7c6,1417,attraction crushing fork long middlegame sacrifice
Eu9qu,3rkB2/5p1n/p1p1p3/1pp3R1/8/2P1PQ2/PP3P1q/R3K3 w Q - 3 21,g5h5 h2g1 e1e2 g1a1 f3c6 e8f8,1419,crushing long middlegame skewer
OLbeK,2r3k1/5pp1/pp2p2p/3bq3/P6P/2P2P2/1R4P1/1B1Q3K b - - 3 32,e5c3 b2c2 c3c2 b1c2,1419,advantage endgame short
Z3DWB,1k6/pb6/1p6/2p1b1B1/P5r1/2N4r/1P3K2/2R1R3 w - - 0 33,e1e5 g4g2 f2e1 h3h1,1420,mate mateIn2 middlegame short
gZiVV,q1r3k1/p2Rppbp/Pp4p1/1Q6/3nBB2/2P3P1/1P5P/6K1 w - - 1 29,d7d4 g7d4 c3d4 a8e4,1421,crushing kingsideAttack middlegame short
wU23o,8/4k1R1/pKP5/6P1/8/P2b4/2r5/8 b - - 2 62,e7d6 g7d7 d6e5 d7d3,1421,crushing endgame master short skewer
erJj5,r1b1kb1r/ppp2pp1/2qp1n1p/4P3/2B5/2N5/PPP2PPP/R1BQ1RK1 b kq - 0 9,d6e5 c4b5 c8d7 b5c6,1422,crushing opening pin short
g8ivz,8/1p4pk/p1bQ3p/4p3/1PB1Pp2/P4P1P/5KP1/q7 w - - 7 34,d6d8 a1b2 f2g1 b2c1 g1h2 c1c4,1422,crushing endgame fork long
S3nKl,1q2b1k1/5R1p/3p2p1/2pP2N1/1pPb1Q2/1P4PP/r4PB1/6K1 b - - 0 33,a2f2 f7f8 g8g7 g5e6,1423,cornerMate kingsideAttack master masterVsMaster mate mateIn2 middlegame short
oTpaX,5r2/1p2q1kp/p1p3p1/3np3/6Q1/P3P1NP/1P3PP1/3R2K1 b - - 1 27,e7f6 g3h5 g7h6 h5f6,1423,crushing endgame pin short
JSO7k,r2q1rk1/ppp1npp1/2n3b1/b5N1/3P1p1Q/2P4R/PP4PP/RN4K1 b - - 1 16,f7f6 h4h8,1424,mate mateIn1 middlegame oneMove
ne1IX,8/1p3R2/p1b1pB1p/4Pkp1/1R4p1/8/5K1r/8 w - - 4 44,f2g3 h2g2,1424,endgame master mate mateIn1 oneMove
v2DwS,6k1/pp1N2b1/7p/3P3q/3p2n1/5RB1/PPP3B1/6K1 b - - 0 32,g4e3 f3f8 g7f8 d7f6 g8f7 f6h5,1424,advantage exposedKing fork long middlegame sacrifice
a3BsQ,3r2k1/pbp1Rrpp/1p1p2q1/8/1PPQ1P2/P5P1/1B5P/4R1K1 b - - 0 28,g6c2 e7e8 d8e8 e1e8 f7f8 d4g7,1425,kingsideAttack long master mate mateIn3 middlegame
E72CR,5r1k/pR5p/6pN/2p5/2b3P1/5p1P/P5B1/6K1 w - - 0 34,g2f1 f3f2 g1g2 c4d5,1426,advancedPawn crushing endgame short
ezesb,6k1/r1p2p1p/P1Rb4/5q2/2Q5/3R1Np1/2P1r1P1/2B3K1 w - - 7 31,c1b2 e2e1 f3e1 f5f2 g1h1 f2e1,1426,fork long mate mateIn3 middlegame sacrifice
0l6Ml,8/8/1p3PKb/7P/pk6/8/8/8 b - - 0 46,h6f8 h5h6 a4a3 h6h7 a3a2 h7h8q a2a1q h8f8,1427,advancedPawn bishopEndgame crushing endgame promotion veryLong
qW809,8/8/pp4p1/2pPk1P1/2P1p3/PP2K3/8/8 w - - 0 42,b3b4 c5b4 a3b4 a6a5,1427,advantage endgame pawnEndgame short
kA2g1,r2q1rk1/pp1nppbp/3p2p1/3N4/2Q1PP2/P6P/1PP3P1/R1B2RK1 b - - 0 14,a8c8 c4c8 d8c8 d5e7 g8h8 e7c8,1428,attraction crushing fork long middlegame sacrifice
rWn5R,1r6/4k3/pp4Rp/4bQ2/2P1P3/P7/1P1q3P/7K b - - 1 38,d2e1 g6g1 e1g1 h1g1 b8g8 g1h1,1429,advantage defensiveMove endgame long
4O9Lj,6k1/5p1p/1RP1p1p1/r2b4/P7/5P2/6PP/6K1 b - - 0 27,a5a8 c6c7 a8c8 b6b8 d5b7 b8b7,1430,advancedPawn crushing endgame long pin
XlInO,4r1k1/2p3pp/p1p2r2/5Q2/3P3q/P3PP2/1P2R2P/5RK1 w - - 1 23,f5g4 f6g6 g4g6 h7g6,1430,advantage endgame pin short
s4uKT,6k1/5pb1/p5p1/3p4/2PP1qP1/1P1Q2nP/P5B1/4R1K1 w - - 1 33,e1d1 g7d4 d3d4 g3e2 g1h1 e2d4,1430,attraction crushing endgame exposedKing fork long sacrifice
4Vu8d,8/p4N1p/2k5/8/1r6/1b1N2PP/6PK/8 b - - 3 35,b4b7 f7d8 c6b6 d8b7,1431,advantage endgame fork short
qtmMi,1rb5/5pk1/p4pp1/1p1N4/1Rn5/6P1/PP3PBP/6K1 w - - 0 25,b2b3 a6a5 b3c4 a5b4,1431,advantage endgame short trappedPiece
BlROu,r1k5/6R1/1K6/8/8/8/8/8 b - - 9 46,a8b8 b6c6 c8d8 g7g8 d8e7 g8b8,1433,crushing defensiveMove endgame exposedKing long rookEndgame skewer
UU29U,4r1k1/4ppbp/3p2p1/1R1P4/P1rN4/3nB3/5PPP/1R4K1 w - - 0 27,a4a5 g7d4 e3d4 c4d4,1434,crushing middlegame short
TB59r,r2qrnk1/pp3pb1/2p1bn2/3p2N1/3P3Q/2NBR2P/PPP2PP1/R5K1 b - - 6 16,f6h7 d3h7 f8h7 h4h7,1435,crushing kingsideAttack middlegame short
HZL1s,r1b2rk1/pp1q2pp/2np4/5p2/3PN3/2P3Q1/PP1N2PP/R4RK1 w - - 0 17,e4d6 f5f4 f1f4 d7d6,1436,advantage interference intermezzo master middlegame short
2OqsC,r1b1k2r/ppp1npp1/1Bnp3p/3N4/2B1q2N/7P/PP3PP1/R2Q1RK1 b kq - 0 13,e7d5 f1e1 e4e1 d1e1,1438,advantage opening pin short
gfSNV,5q1k/8/1pp5/p2p3p/3Ppr2/P1P3QP/1P6/6RK b - - 3 34,f4f1 g3e5 h8h7 e5h5 f8h6 h5h6 h7h6 g1f1,1438,crushing endgame exposedKing veryLong
cxNlS,8/p4p1p/1p1p1kp1/2p5/2P1n3/PP2P2P/3NKPP1/8 b - - 5 29,f6e5 f2f4 e5f5 g2g4 f5f6 d2e4,1440,advantage deflection endgame knightEndgame long
ixuSi,r7/3q2b1/1p1p2kp/1PpPp1p1/P1B1PB2/7P/2Q3P1/5RK1 b - - 0 32,e5f4 e4e5 d7f5 c4d3 f5d3 c2d3,1441,crushing discoveredAttack discoveredCheck endgame long pin
15s6k,2r2r1k/6pp/8/p2pp3/5b1P/2PBqP2/RPQ3P1/3K1R2 b - - 7 32,d5d4 f1e1 e3d3 c2d3,1443,crushing master middlegame short
4KbOM,rnb1kb1r/1p3ppp/pq2pn2/2ppN3/3P1B2/P1N1P3/1PP2PPP/R2QKB1R b KQkq - 0 7,b6b2 c3a4 b2a1 d1a1,1444,advantage middlegame short trappedPiece
RHaGB,4r1k1/1pp2pp1/1p1p3p/3Pr3/2P3q1/1P4PP/P4PQ1/R4RK1 b - - 0 22,g4g5 f2f4 g5e7 f4e5,1444,advantage endgame fork short
ZLgAD,2k2r2/3qb3/p1pp4/4p3/2P1N1nP/1P2P1Q1/PB4PP/R5K1 w - - 0 25,a1f1 f8f1 g1f1 d7f5 f1g1 f5e4,1444,advantage attraction fork long middlegame
l5zr0,4rrk1/1p4pp/1q1bb3/3Qn3/1Pp5/P4NP1/1B3PBP/R3R1K1 w - - 1 19,d5d4 e5f3 g2f3 b6d4 b2d4 f8f3,1444,crushing fork long middlegame
Ifmx6,r7/4KPR1/1r5k/5PR1/8/8/8/8 w - - 15 61,f7f8q a8a7 e7e8 b6b8,1447,endgame mate mateIn2 queenRookEndgame short
LL6dH,8/7k/1p3p2/3p1P1p/P2P4/2P3K1/8/8 b - - 1 46,h7h6 g3h4 h6h7 h4h5,1447,crushing endgame pawnEndgame short zugzwang
EZEOc,r6r/1pk3p1/p3p3/2bpP3/4nP1p/1QP5/PP4PP/R4R1K w - - 0 23,b3c2 e4g3 h2g3 h4g3 c2h7 h8h7,1448,discoveredAttack discoveredCheck kingsideAttack long mate mateIn3 middlegame pillsburysMate sacrifice
9YITM,3r1bk1/5pp1/p2r3p/1p5b/3PP2q/4BPN1/PPQ2PKP/2R2R2 w - - 5 26,c2c5 h5f3 g2f3 d6f6 f3g2 f8c5,1449,advantage attraction discoveredAttack long master middlegame sacrifice
TFIuL,8/p7/8/5kp1/PP2N3/4K1P1/8/1b6 w - - 1 45,a4a5 b1e4 g3g4 f5e5,1449,crushing defensiveMove endgame short
TqlFf,2r1k2r/ppqbb1p1/4ppp1/3pP3/3N4/P1N1Q3/1P1B1PPP/R4RK1 w k - 0 17,e5f6 c7h2,1449,kingsideAttack mate mateIn1 middlegame oneMove
noph8,r4rk1/4Qp2/p7/2p3p1/P1Pn4/NP6/3B1KBq/R7 b - - 0 26,a8e8 e7g5 g8h7 a1h1 h2h1 g2h1 e8e2 f2f1,1449,advantage middlegame pin veryLong
ylG7u,4rk2/ppp3pQ/1q3R2/6B1/3P4/1PP4P/1P4p1/6K1 b - - 0 27,g7f6 g5h6,1449,endgame mate mateIn1 oneMove
XqMlW,r3r3/1p2k1pp/pP3p2/8/4PB2/PB3b2/3K3P/3R3R w - - 0 23,f4d6 e7d6 d2e3 f3d1,1450,advantage hangingPiece middlegame short
ycY5X,5k2/p4pp1/1p1P4/3p4/Q2p1p2/4r3/PPKN1q2/R7 w - - 0 30,a4a7 d4d3 c2c3 d5d4 c3b3 f2d2,1451,crushing deflection endgame long
8iOyX,8/4kp1Q/p3bRn1/1q1pP3/2pP4/2P4P/Pr4B1/R5K1 w - - 1 31,g1h2 b2g2 h2g2 b5b2 f6f2 b2a1,1452,advantage attraction fork long middlegame sacrifice
cLQgB,r4rk1/p1q2ppp/2pbbn2/2p1N3/Q4P2/2N5/PPPP2PP/R1B2RK1 w - - 8 14,a4c6 d6e5 c6c7 e5c7,1452,advantage middlegame short
o9FWy,r1b1k1nr/ppp2pBp/2np4/1B6/1b3p1q/1P2P3/P1PP2PP/RN1QK1NR w KQkq - 1 7,g2g3 f4g3 g1f3 g3g2,1452,advancedPawn crushing discoveredAttack discoveredCheck middlegame short
EfPEQ,r2r2k1/ppq1bpp1/2pRp2p/4P3/2P3Q1/1P4P1/PB3P1P/4R1K1 b - - 4 21,e7d6 e5d6 f7f5 d6c7,1453,advancedPawn advantage master middlegame short
xZ92w,2r5/1p5p/p3k1p1/P2np2P/8/3K2R1/8/3R4 w - - 2 42,h5g6 c8c3 d3e2 c3g3,1453,crushing endgame master short skewer
9FpG7,2K5/R3Pk2/8/p6p/1p6/8/P2r3P/8 b - - 3 46,d2h2 c8d8 h2d2 a7d7 d2d7 d8d7,1454,crushing defensiveMove endgame long rookEndgame
dn5Z2,6RQ/2r2q2/5pk1/1p1p2p1/1P1Bn3/4P3/6P1/6K1 b - - 5 40,g6f5 h8h3 g5g4 h3g4,1454,endgame mate mateIn2 short
GDqfl,2r5/p5pk/2pb3p/1p6/3Pp3/1QP1B1qP/P5P1/R3R1K1 w - - 0 26,b3f7 g3h2 g1f1 c8f8 f7f8 d6f8,1455,advantage long master middlegame pin
cZBC9,5rk1/pb5p/1pq2pp1/8/2rp4/1BP4P/PP1Q1KPB/R4R2 w - - 2 24,d2d4 c6g2 f2e1 f8e8 h2e5 e8e5 d4e5 f6e5,1456,advantage fork middlegame veryLong
iW80r,6rk/p6p/3Pr3/2P1p3/PP2Q1p1/5pPq/5P1P/R5RK w - - 3 30,d6d7 h3h2 h1h2 e6h6,1456,attraction endgame kingsideAttack mate mateIn2 sacrifice short
s3GgH,2r3k1/2q2p2/6pQ/3p4/1r1Pp1P1/6R1/5PP1/R5K1 b - - 0 28,b4d4 g3h3 c7e5 h6h7,1456,advantage endgame master quietMove short
h41xl,6k1/7p/4pQpP/2K2p2/2Nr4/8/8/4q3 b - - 8 42,d4d5 c5c6 d5d6 c4d6,1457,crushing endgame short
A4Qwe,8/8/6Rp/p3kp2/r2n4/8/1PK5/6R1 w - - 2 40,c2c3 d4e2 c3b3 a4b4 b3a3 e2g1,1458,crushing endgame exposedKing fork long
B5WP0,8/ppPk3p/2nP1n1b/1N6/5p2/BPP2Kr1/P6r/R5R1 w - - 2 24,g1g3 c6e5,1458,mate mateIn1 middlegame oneMove
MlsOQ,8/8/5p1k/R5p1/P1r4p/6P1/3K1P2/8 w - - 0 37,d2d3 h4h3 d3c4 h3h2 a5b5 h2h1q,1460,advancedPawn crushing endgame long promotion rookEndgame sacrifice
efWze,r1bq1r2/ppp2pk1/1b3n1p/4P1p1/2B5/5N1P/PP3PP1/RN1QR1K1 b - - 0 16,d8d1 e5f6 g7f6 e1d1,1460,advantage intermezzo master masterVsMaster middlegame short
nnnj6,1bq1r1k1/1p3ppp/p1nr4/3N4/2P1n3/P1B1PN1P/1P2BP2/R2QR1K1 w - - 1 18,e2f1 d6g6 f1g2 c8h3,1461,advantage middlegame pin short
Nl4x4,8/7K/8/1k1p1pp1/1b1P4/6P1/1B5P/8 w - - 0 41,h7g6 f5f4 b2c1 f4f3,1462,bishopEndgame crushing endgame master short
ojvg9,7r/1p3k1p/2p2p2/4pB1P/2PbP3/pP3P2/P1K3R1/8 b - - 0 32,h8g8 f5e6 f7e6 g2g8,1462,advantage deflection endgame short
SGZmZ,rn1qk2r/ppp2ppp/4bn2/8/2pP4/2B2N2/PP3PPP/R2QKB1R w KQkq - 0 9,f1c4 e6c4 d1a4 b7b5,1463,advantage hangingPiece opening short
p4xzQ,1rr3k1/2q2p1p/p2p2p1/1PpPb3/8/1Q1B4/PP2RPPP/4R1K1 w - - 2 22,a2a4 c5c4 d3c4 c7c4,1463,advantage fork master middlegame short
xhaXl,3q1r1k/6pp/p7/8/2Qn4/8/PPP2PPP/4R1K1 w - - 5 22,e1d1 d4f3 g2f3 d8d1,1463,crushing discoveredAttack endgame short
xysTp,2r2rk1/pp3ppp/4p3/3pPn2/8/1P3NPP/PqnQ1P2/1NR2RK1 b - - 3 19,f5d4 f3d4 b2d4 c1c2,1463,advantage middlegame short
HztZk,2kr1bnr/ppp2ppp/2n5/3p4/3P4/P1NPBN1P/1P3PP1/R3K2R b KQ - 0 11,c6e7 f3e5 f7f6 e5f7,1466,advantage master middlegame short
ZaXYb,6k1/1r3p1p/p3p1p1/3p1q2/8/1P4PP/P3PP1K/2Q2R2 b - - 0 24,b7b4 c1c8 g8g7 c8c3 f5f6 c3b4,1467,crushing endgame fork long
q1aZ1,r2q1rk1/p3bbpp/5p2/3p4/3Np1Q1/2P5/PPB2PPP/R3R1K1 b - - 5 18,d8c8 d4f5 c8f5 g4f5,1468,crushing middlegame short
3BpJo,3Q4/1p2pbkp/5pp1/4P3/3N1P2/3q3P/5K2/8 b - - 4 40,f6e5 d4e6 f7e6 d8d3,1469,advantage discoveredAttack endgame master short
Fd3tB,4r1k1/1p3R1p/p5p1/3pq3/8/3r3P/PP4P1/2Q2R1K b - - 3 27,e5e4 c1h6 d3h3 h6h3,1469,crushing endgame short
QZUWn,3r2k1/3R1ppp/p3pb2/1p6/4q3/N1P3Q1/PP3PPP/3R2K1 b - - 0 25,d8d7 g3b8 f6d8 b8d8 d7d8 d1d8,1469,backRankMate endgame long mate mateIn3 xRayAttack
hboAu,6R1/7k/3r4/1p1r3p/1P1Ppp2/1NR5/1n3KPP/8 w - - 4 39,g8f8 b2d1 f2f1 d1c3,1469,advantage endgame fork short
G7CYA,8/6pp/8/4ppk1/P7/1Q5P/5qPK/8 b - - 1 40,f2f4 b3g3 f4g3 h2g3 g5f6 a4a5,1470,crushing defensiveMove endgame long queenEndgame
qcV3L,4r1k1/p1p1rp1p/1p1p1qpQ/n7/P2P4/2P2PRP/B1P2P1K/6R1 b - - 1 22,e7e2 g3g6 h7g6 g1g6 f6g6 h6g6,1470,crushing kingsideAttack long middlegame pin sacrifice
6HfOL,r4r2/1p2q1kp/p2p2p1/3Pp3/2P2p2/5P1R/PPQ2P2/1K4R1 b - - 0 25,a8c8 h3h7 g7h7 c2g6 h7h8 g1h1 e7h4 h1h4,1471,attraction endgame mate mateIn4 sacrifice veryLong
ZqcHi,r1b1k2r/ppq2ppp/3b1n2/4p3/2PN4/8/P4PPP/RNBQR1K1 b kq - 0 14,e8g8 d4b5 c7c4 b5d6,1471,advantage opening short
mqonI,3r1rk1/p5p1/2b1p2p/1pq1Pp2/2p2P1n/2P1B3/PPB1QRPP/4R1K1 b - - 5 25,c5d5 e1d1 d5d1 c2d1,1471,crushing middlegame short trappedPiece
NUa7U,5r1k/p5np/bp2pNp1/4P3/2Rp4/1P4PB/P2QKP1P/7q b - - 9 28,h1h2 d2h6 a6c4 b3c4 h2h3 h6h3,1472,crushing long middlegame sacrifice
PSyEl,3qr2k/3r2pp/8/3n4/2QN4/1P5P/P4PP1/R2R1K2 w - - 3 30,d4c6 d5e3 f2e3 d7d1 a1d1 d8d1,1472,advantage discoveredAttack long middlegame
nxUJa,b7/Pk4p1/3rp2p/2p2p1B/2P5/4K3/R5PP/8 b - - 3 40,d6a6 h5f3 b7a7 a2a6 a7a6 f3a8,1472,advantage endgame exposedKing long
4vbkg,r3r1k1/pp3p1p/1q3pb1/n1p1b3/2Pp3N/3P3P/PP1QBPP1/2KR1N1R w - - 5 18,f2f4 e5f4 d2f4 e8e2,1474,crushing deflection discoveredAttack middlegame pin short
m7LRa,8/2Q2kp1/4pq1p/P2p4/4n2P/6P1/5PK1/8 b - - 4 39,f6e7 c7e7 f7e7 a5a6 e4f6 a6a7,1475,advancedPawn advantage endgame long
wvOjX,5rk1/p5p1/1p2R3/2p1p1q1/2P1Rn2/2P2P1p/P2Q2PP/7K w - - 0 30,e6e5 h3g2 d2g2 g5g2,1475,advancedPawn endgame mate mateIn2 short
5fBSy,3r2k1/3r2Rp/8/1p6/4p3/1P1p3P/PQq2PP1/3R2K1 b - - 0 40,d7g7 b2c2 d3c2 d1d8 g8f7 d8c8 c2c1q c8c1,1476,advantage endgame veryLong
BS8Qg,2r3k1/1p1b2p1/1q5p/p2p1p2/P2P4/RPN4P/3Q1PP1/6K1 w - - 0 29,c3d5 b6d6 d5e7 d6e7,1476,crushing endgame fork short
ReDvj,4r1k1/pb3p2/1p5p/2q1n1p1/3R4/2N1Q2P/PP3PP1/R5K1 w - - 2 24,d4a4 e5f3 e3f3 b7f3,1476,advantage kingsideAttack middlegame short
6xih8,r3r1k1/2pn2bp/1p1p2p1/pP3p2/R1NP4/4P2P/1P3PPB/4R1K1 b - - 0 22,g7d4 c4d6 c7d6 a4d4,1477,advantage discoveredAttack master middlegame short
UJhGP,3qk3/5pQ1/1p2pr1p/1P1nR3/3P3p/B5P1/5P2/6K1 w - - 0 38,g3h4 f6g6 g7g6 f7g6 e5e6 e8f7,1477,crushing endgame fork long
KHakW,4rr1k/1Bp3pp/3p4/pP1Q4/P1P2p2/3P1RnP/R7/1N4K1 w - - 0 26,a2g2 e8e1 f3f1 e1f1 g1h2 f1h1,1478,exposedKing fork hookMate long mate mateIn3 middlegame
PMUlk,5k2/pp2r1pp/3Q1p2/2N5/2BnP3/1P6/3BKPPP/q7 w - - 5 35,e2e3 d4f5 e3e2 f5d6,1478,crushing middlegame pin short
ALzA5,5rk1/5ppp/p7/2pP4/PpP2b2/1Pq4P/2B2QP1/4R1K1 w - - 0 29,g1h1 f4g3 f2g3 c3g3,1479,crushing endgame short
JKQtP,2r3k1/5ppp/1p2b3/R3P3/4B3/P1r5/1K3PPP/3R4 w - - 0 30,a5a8 c3b3 b2a1 c8a8 e4a8 b3a3,1479,advantage capturingDefender endgame long
KTCpf,r1b1rnk1/ppb1q1pn/2p1p3/3pP2Q/3P4/PP2P2R/1BPN2PP/5RK1 b - - 3 17,b7b6 f1f8 g8f8 h5h7,1480,advantage deflection kingsideAttack master middlegame short
I6Nf0,r1b1k2r/1pp1qp2/p3p2p/3pb1pQ/8/2PBP1P1/PP1N2PP/R4RK1 b kq - 3 14,c8d7 f1f7 e7f7 d3g6 f7g6 h5g6,1481,advantage attackingF2F7 long middlegame pin sacrifice
ffkFb,Q7/1K6/3k4/1q1P4/3PP3/8/8/8 w - - 1 72,b7c8 b5d7 c8b8 d7c7,1481,endgame mate mateIn2 queenEndgame short
hRUWL,4rk2/pbN2pb1/1p1p1q2/3Pr3/2P1P1Q1/8/PP6/1K4RR b - - 0 27,e5e4 h1h8 g7h8 g4g8 f8e7 g8e8,1481,long mate mateIn3 middlegame sacrifice
ju5ld,1r3rk1/p2p1ppp/b2P4/1N2P3/P1ppBP2/4n3/5KPP/RR6 b - - 1 25,a6b7 e4b7 b8b7 b5d4 b7b1 a1b1,1481,advantage long middlegame
BhCMc,8/p6p/4rk1p/3Q4/8/2P1qNK1/PP4PP/8 b - - 6 43,e6e5 d5e5 e3e5 f3e5,1482,crushing endgame short
dF8yM,2r2r1k/2p1q1np/3p1p2/5Rp1/P3P3/1PN3P1/2P2Q1P/5R1K w - - 3 27,c3d5 e7e4 f2g2 e4g2 h1g2 g7f5,1482,advantage kingsideAttack long middlegame
rVZx4,8/2b1k2p/1p2P3/3K1N1P/8/8/8/8 b - - 2 45,e7f6 e6e7 f6f7 d5c6 c7e5 c6d7,1483,advancedPawn crushing defensiveMove endgame long
MbtKa,8/7k/q6p/P2P1pp1/8/4P1P1/Q4K1P/8 w - - 11 54,f2f3 a6f1 a2f2 g5g4 f3f4 f1f2,1484,crushing deflection endgame long queenEndgame
PClM3,r4rk1/pp1b1p1p/1n2p1pQ/3nP3/1q6/5NNP/PPB2PP1/2R2RK1 b - - 1 20,b4f4 f3g5 f4g5 h6g5,1484,crushing middlegame short
3uCzn,r1b1kb1r/ppp2ppp/2n2n2/1N1p4/5q2/5N2/PPPPBPPP/R1BQK2R w KQkq - 6 8,d2d3 f4b4 b5c3 d5d4 e1g1 d4c3,1486,advantage fork long opening
5Cd6N,r3r1k1/ppp2pp1/1bn3bp/4P3/2B1nNPB/5N1P/PP3P2/3R1RK1 b - - 4 17,c6e5 f3e5 e8e5 f4g6,1487,advantage middlegame pin short
y9x6i,7k/1pQ4b/p4N2/3Pp3/PP3b2/8/4R1PK/5q2 w - - 5 40,h2h3 h7f5 h3h4 f1h1,1488,endgame mate mateIn2 short
08s2r,r3k2r/ppp1qpp1/1n2p2p/n3P3/P1PP4/2PQ1N1P/6P1/R1B1K2R b KQkq - 2 15,a5c4 a4a5 c4a5 a1a5,1489,crushing middlegame short
GrNmB,r3r3/2p2qk1/1p1p2pp/3Pb2Q/1P2Np2/7P/1B6/3R2RK w - - 2 35,g1g6 f7g6 d1g1 g6g1 h1g1 e5b2,1490,crushing exposedKing long master middlegame
QPgFK,1r4k1/3P2p1/B6p/4p3/1p6/2p1n1P1/P1P4P/6K1 b - - 0 31,e3c2 a6c8 g8f7 d7d8q,1491,advancedPawn advantage endgame promotion quietMove short
73ujZ,4kb1r/p1pqpppp/r4n2/8/2Pn4/4B3/PP3PPP/RN1Q1RK1 w k - 0 12,e3d4 a6d6 d1f3 d6d4 f3a8 d7d8,1493,advantage long middlegame
XR4Kb,r4r1k/pp3p1n/2n1pq2/3p2bQ/3P4/2NB1P1P/PPP2P2/R5RK b - - 8 18,f6h6 g1g5 h6h5 g5h5,1493,advantage master middlegame short
n8ts4,1r1q1r1k/n1p1pp1p/3p4/pp4Qp/3PP3/2N2P2/PPP1BP2/2K4R b - - 3 17,e7e5 g5h5 d8g5 h5g5,1493,crushing middlegame short
Sk8HK,6k1/p2q1p1p/2r3p1/8/1Q1nN3/8/P4PPP/5RK1 b - - 5 27,c6b6 b4b6 a7b6 e4f6 g8g7 f6d7,1494,advantage endgame fork long sacrifice
0e1Oi,r1bq1b1r/pp1p1ppp/3k1n2/8/3QP3/2N5/PPP2PPP/R3KB1R b KQ - 0 10,d6e7 d4e5,1495,epauletteMate mate mateIn1 oneMove opening
X0QWw,8/2R5/2p5/1k1p4/1r6/K1R5/1P4r1/8 b - - 4 47,b4b2 c7b7 b5a5 b7b2 g2b2 a3b2,1496,crushing endgame long rookEndgame
PDtNT,r1bq1rk1/pp2b1pp/3pp1p1/4n1NP/1PP1N3/8/P1Q2PP1/R1B1K2R b KQ - 0 16,g6h5 e4f6 f8f6 c2h7 g8f8 h7h8,1497,discoveredAttack kingsideAttack long mate mateIn3 middlegame sacrifice
BcbBJ,4R3/8/8/1p2p3/8/1kpp4/8/2K5 w - - 0 61,e8e6 d3d2 c1d1 b3b2 e6e5 c3c2 d1d2 c2c1q,1498,advancedPawn crushing endgame exposedKing master promotion rookEndgame veryLong
QBGHK,r6k/5Qp1/2p1nB1p/1p1p4/8/3q4/P5PP/4R2K b - - 0 30,a8f8 f6g7 e6g7 f7f8,1499,advantage deflection endgame fork short
qaHqj,r2q1rk1/p4ppp/4p3/2p1Pn2/5P1N/3p2NP/1PbB1QPK/R4R2 b - - 0 19,d8h4 g3f5 h4f2 f5e7 g8h8 f1f2,1499,advantage intermezzo long middlegame sacrifice
1i52k,1r4k1/1Pr2pb1/Rn3ppp/N2p4/8/2P1P3/1P3PPP/R5K1 b - - 7 25,b6c4 a6a8 c7b7 a5b7,1500,crushing master masterVsMaster middlegame pin short
OYk7F,1r1q2k1/p2b1pbp/2pQ2p1/3p4/5B2/1NP5/PP3PPP/4R1K1 b - - 2 18,b8b7 b3c5 g7f8 c5b7 f8d6 b7d8,1501,crushing long middlegame
jgGRg,r4rk1/1R1n1pbp/1p1p1np1/3P4/2P5/2NB1P2/PP3P1P/R1B3K1 w - - 1 16,c1g5 d7c5 b7b6 c5d3,1504,advantage fork middlegame short
r9WY8,1r1q1rk1/p2bp1b1/1p1n2pp/3P1p2/3P4/Q1N2B2/PP1N1PPP/3RR1K1 w - - 2 20,a3a7 b8a8 a7a8 d8a8,1504,advantage master middlegame short trappedPiece
RJxKL,8/4k3/7p/p4Pp1/P1pP4/2P3K1/1P6/8 w - - 0 40,g3g4 e7f6 d4d5 f6e5 d5d6 e5d6,1505,crushing endgame long pawnEndgame zugzwang
u9c3Z,2r2k2/5Pp1/3R4/7p/1B3r2/1K6/1PP5/8 b - - 3 33,c8b8 d6d8 f8f7 d8b8,1505,crushing discoveredCheck doubleCheck endgame master short
9T3z1,5rk1/2b2ppp/p3pn2/1p1bq3/1P1N4/P3P1P1/1B2BP1P/Q1R3K1 w - - 0 21,d4b5 e5e4 f2f3 e4e3,1506,crushing kingsideAttack master middlegame short
D5lzE,2r1k3/p1Bnpp2/Qp4p1/8/3P4/4PP1q/PP3K2/2R5 b - - 5 28,c8c7 a6c8 c7c8 c1c8,1506,backRankMate endgame mate mateIn2 sacrifice short xRayAttack
61lCP,r1b1k2r/1pp2ppp/3q4/p1bPp1B1/2Bn2n1/P2P1N2/1PP2PPP/RN1QR1K1 w kq - 5 10,h2h3 d4f3 d1f3 c5f2 f3f2 g4f2,1507,advantage discoveredAttack fork long middlegame
0F91j,3r4/3r2k1/p7/1p2q1p1/1P1p1pQ1/P7/3R1PP1/3R2K1 b - - 3 35,g7g6 d2e2 e5f6 e2e6 d7d6 e6f6,1508,advantage endgame long pin
93DdB,2R5/3p1kpp/1q2pr2/pB1bn3/Pp6/8/1P2QPPP/3R2K1 w - - 1 23,e2e5 b6f2 g1h1 d5g2,1508,kingsideAttack mate mateIn2 middlegame short
UC9jA,r4k2/6p1/5r2/2nQ4/n7/4R3/5P2/7K b - - 9 39,a8a6 d5d8 f8f7 d8e8,1508,endgame mate mateIn2 short
utzEV,3r2k1/pp3pb1/1q2p1p1/2r4p/5N1P/1P2P1P1/P3QPK1/1RR5 w - - 4 22,f4h3 b6c6 e2f3 c5c1 b1c1 c6c1,1510,advantage long master middlegame
UnIjO,r1b2rk1/4ppbp/pqnp2p1/1p3P2/3PP1n1/P4N2/1PB3PP/RNBQ1R1K b - - 2 13,c6d4 f3d4 b6d4 d1g4,1511,advantage discoveredAttack middlegame short
9P5fZ,5rk1/5Rp1/q6p/3Q4/3P3P/2r3P1/4R1K1/8 b - - 0 41,f8f7 e2e8 g8h7 d5f7,1513,crushing deflection endgame master masterVsMaster short
fauy7,8/7p/2p1k2P/K1P1B3/1p6/6P1/8/8 w - - 0 53,a5b6 e6e5 b6a5 b4b3 a5b4 b3b2,1513,advancedPawn crushing endgame hangingPiece long master
kyI4F,3r1rk1/pp2qppp/2p1p1b1/3n4/3PQ3/2PB1N1P/PP3PP1/3RR1K1 w - - 7 20,e4e2 d5f4 e2e3 f4d3 d1d3 g6d3,1514,advantage long master middlegame
bKOZA,2r1r1k1/pp2Pppp/4p3/3p2QN/3q4/8/PPP3PP/5R1K b - - 3 21,c8c2 h5f6 d4f6 f1f6,1515,advantage endgame kingsideAttack pin short
jgw8T,6k1/5ppp/2p1r3/B1n5/8/6P1/5P1P/5RK1 b - - 0 34,c5b3 f1b1 e6e8 b1b3,1517,advantage endgame short
ycbIn,4r2N/n1p4R/2pp1k2/b3pPp1/P5P1/2PP1P2/2K5/8 b - - 3 27,e8e7 h7h6 f6g7 f5f6,1517,crushing endgame short
2NX0L,2r1kb2/6p1/p3p3/1p1NP1p1/1P1q3r/P4Q1P/5P2/2R1R1K1 b - - 0 23,c8c1 e1c1 d4d5 c1c8,1518,crushing middlegame short
lh4hF,4r1k1/p4pbp/2p3p1/3p1q2/3P4/2P1B2P/PP2rPP1/R1Q2RK1 w - - 5 19,f1e1 e8e3 c1e3 e2e3,1518,advantage middlegame short
YE3Gu,rnb1k2r/ppp3pp/3qpn2/3p2N1/3Pp3/2P5/PP2BPPP/RN1QK2R b KQkq - 1 8,h7h6 e2h5 g7g6 h5g6 e8d7 g5f7,1520,advantage exposedKing long opening
KxNQA,r1b1k2r/pp1p1ppp/1q2p3/4P3/1PBn2Q1/2P5/P4bPP/RNB2K1R b kq - 0 11,d4c2 g4g7 h8f8 c1h6,1521,crushing defensiveMove opening short
cZ2n0,r7/5pkp/4p1p1/1pB1b3/1P2p2P/3b2P1/P2R1PB1/6K1 b - - 2 28,e5c3 d2d3 e4d3 g2a8 d3d2 a8f3,1521,advantage defensiveMove endgame long
vM68D,2r5/pbkp3Q/1p1Np3/3nP3/1q1N4/8/PP3PrP/R4RK1 w - - 0 27,g1g2 d5f6 d6b7 f6h7,1523,advantage discoveredAttack discoveredCheck middlegame short
6cECw,r6r/ppkbRQpp/n1p2n2/2P2p2/Nq1P4/5BP1/PP3P1P/R5K1 b - - 4 22,b4d4 a1d1 d4d1 f3d1,1525,crushing middlegame short
BqGek,4r1k1/p2b1rp1/q1pB2Qp/P1Pp4/2pP2P1/2n4B/7P/R3R1K1 w - - 2 32,e1e8 d7e8 g6e6 e8d7,1525,advantage middlegame short
6aMIt,r1br4/pp2k1NN/6Q1/2p1qP2/3p4/3P4/PP4PP/n4RK1 b - - 0 24,d8d6 g6e8,1526,mate mateIn1 middlegame oneMove
cALIF,rq3rk1/2p2pb1/1p1p1npB/pPnPp2p/P1P1P3/4QB1P/4NPP1/R1R3K1 b - - 3 20,f6e4 h6g7 g8g7 f3e4,1526,advantage intermezzo middlegame short
370R2,r4r2/pp1bq1bk/2pp4/4N1Pp/2B1Pp2/3P3P/PPP1Q1RK/5R2 b - - 0 23,g7e5 e2h5 h7g7 h5h6,1527,mate mateIn2 middlegame short
XUlxk,r1bk3r/2q2Bp1/p1Pp1b1p/8/1p6/8/PPP2PPP/R2QR1K1 b - - 0 16,c7c6 f7d5 c6c5 d5a8,1528,advantage middlegame short skewer
umnoG,r3r1k1/p2b2p1/2pq1nQp/3p1p2/3PpN2/P3P1PP/1P4PK/R1B2R2 w - - 6 21,f4h5 f6g4 g6g4 f5g4,1528,crushing middlegame short
0OylT,rn2r3/1b3pk1/pp1qp2p/6p1/2P1Nn2/3B1N2/PPQ2P1P/3R1K1R b - - 3 20,d6d3 d1d3 b7e4 c2c3,1529,advantage middlegame short
6gWs8,r1R2rk1/qp3p1p/p2p1B1n/3B4/4P3/1Q6/P2N2PP/7K b - - 0 21,a8c8 b3g3 h6g4 g3g4,1529,mate mateIn2 middlegame short
cyqZx,N2r4/pp2kppp/4p3/2n5/3q4/8/PPQbBPPP/3R1K1R w - - 7 22,a8c7 c5e4 c2e4 d4e4,1529,advantage middlegame short
22gns,7r/5pk1/2p5/3pPPp1/p1pP2P1/PrP2K1q/1P2RRQ1/8 w - - 1 46,g2g3 h3h1 f2g2 h8h3 f3f2 h3g3,1531,clearance crushing endgame long pin
WoCGp,8/6pk/b2R4/P3nN2/6rp/5P1n/7P/R6K w - - 0 43,f3g4 a6b7 d6d5 b7d5,1531,endgame mate mateIn2 short
BocRp,r2qr1k1/p4p1p/2bp1Pp1/2p4R/1p3B2/3Q4/PPP1BPPP/5RK1 b - - 0 18,g6h5 d3g3 g8h8 g3g7,1533,mate mateIn2 middlegame short
EYUrN,2rqn1k1/5pp1/7R/1p6/1P1B2Q1/6PP/5P2/6K1 w - - 1 35,h6h5 c8c1 g1g2 d8a8 g4f3 c1g1 g2g1 a8f3,1533,crushing deflection endgame master veryLong
LAQHe,r5k1/8/2p5/1pB1Rp2/p2P1qpp/P7/1P4Q1/7K w - - 0 43,g2c6 f4f1 h1h2 g4g3,1534,endgame mate mateIn2 short
M8qbX,3r1rk1/1p2qpp1/pn1p1b1p/2pR1P1Q/4BB1P/2P3P1/PP3PK1/4R3 w - - 5 23,d5d3 d6d5 d3e3 d5e4 e3e4 e7d7,1535,advantage long middlegame
Q4M0m,r4rk1/pbppbppp/1p6/4P3/2NP1q2/1QP5/PP2BPPP/R4RK1 w - - 0 17,g2g3 f4e4 f2f3 e4e2 a1e1 e2d3,1535,advantage long middlegame
QzQlw,8/B7/8/1R6/5Ppk/4P2p/5b1K/8 w - - 2 48,a7d4 g4g3 h2h1 g3g2 h1h2 g2g1q,1535,advancedPawn endgame exposedKing long mate mateIn3 promotion
Eh6f4,r3kbnr/1p3ppp/p1qp4/4N1B1/3QP1b1/2N5/PPP2PPP/2KR3R b kq - 0 10,d6e5 d4d8 a8d8 d1d8,1536,mate mateIn2 middlegame operaMate sacrifice short
fng7x,r3r1k1/pp3pbp/2p2np1/4P1B1/3q4/2N3QP/PP4PK/R4R2 b - - 1 17,d4e5 g3e5 e8e5 g5f6 g7f6 f1f6,1536,advantage long middlegame
PxKx3,3r2k1/1bpr1pp1/pb2qn1p/1p2p3/1P2P3/P1P2NNP/2QB1PP1/3RR1K1 b - - 4 21,e6c4 f3e5 d7d2 d1d2 d8d2 c2d2,1537,advantage fork long middlegame
tigML,5k1r/ppr2p2/4p3/q2pP3/3RRPQ1/2P4p/PP5P/6K1 b - - 0 28,d5e4 d4d8 f8e7 g4g5 f7f6 g5f6,1537,endgame killBoxMate long master mate mateIn3
7cw5G,r2qkb1r/pp1b1ppp/2n2n2/4p3/Q1B5/2N1P3/PP2NPPP/R1B1K2R w KQkq - 2 10,a4b3 c6a5 c4f7 e8e7 b3d1 e7f7,1538,advantage long opening
MVuK8,r4r2/pp3pbk/2n4p/q2bp1pP/2P1P3/P3PN2/1P1QB1P1/1K1R3R w - - 0 21,d2a5 d5e4 b1c1 c6a5,1538,advantage intermezzo middlegame short
93730,2k5/p1p3p1/2r2p2/4p2p/3bP3/1P1N2P1/P2KP2P/2R5 b - - 1 28,c6b6 e2e3 b6d6 e3d4,1539,crushing endgame master masterVsMaster short trappedPiece
bSuO1,8/3r3k/2pBpKpP/1pP5/4r3/P7/5P2/6R1 b - - 2 40,h7h6 g1h1 e4h4 h1h4,1539,endgame mate mateIn2 short
zBuf7,3r2k1/1q3pb1/6p1/2p4p/2P4P/1r1P1NP1/2Q2PK1/3RR3 w - - 1 29,e1e2 b3b2 c2b2 g7b2,1539,advantage master middlegame short
LUOzR,2b3k1/r4rpn/3bp1R1/p2p3N/qp1QpP1B/4P3/PPP4P/2K3R1 b - - 0 24,a7c7 g6g7 f7g7 g1g7,1543,crushing kingsideAttack middlegame short
RAJb2,2r1k1r1/p4pp1/2pq4/4n3/Bb2Q3/4P3/PP2KPPP/2R4R w - - 6 22,c1c6 d6d2 e2f1 d2e1,1543,mate mateIn2 middlegame short
cBeJ3,r4rk1/pp1bpp1p/3p2p1/3N3P/4P3/1P3P2/1PP4P/R4RK1 b - - 0 17,e7e6 d5f6 g8g7 f6d7 f8d8 h5h6 g7h6 d7f6,1545,crushing endgame fork veryLong
LI088,4r1k1/pp3ppp/8/8/2Q2P1q/P1P1RnPP/3r1K2/4R3 w - - 1 26,f2f3 h4h5 g3g4 h5h3,1546,endgame mate mateIn2 short
cGz3y,2rr2k1/1b2bpp1/pq2pn1p/1pn1P3/3N3B/P1N5/1P2QPPP/1BRR2K1 b - - 0 19,f6d5 c3d5 d8d5 h4e7,1546,advantage capturingDefender master middlegame short
x2xN6,7R/p7/1p6/2r1kp2/4p3/P5PP/1P1K4/8 b - - 3 45,f5f4 h8h5 e5d4 h5c5 b6c5 g3f4,1546,crushing endgame long rookEndgame
206v8,r2r4/1p4k1/1q2ppp1/p6p/b1P4P/B1K1N1P1/4PPB1/1R1R4 b - - 1 23,b6c7 b1b7 c7b7 g2b7 a4d1 b7a8 d8a8 e3d1,1547,advantage middlegame pin veryLong
0SA8k,r4rk1/1p4p1/2pRpn2/2P2q1p/4p3/P4P2/1P2Q1PP/2B2RK1 w - - 0 24,f3e4 f5c5 e2e3 c5d6,1548,crushing fork middlegame short
YSbuD,7r/ppk3q1/2pbB3/6p1/4n1N1/2P1P3/PP2Q2P/5R1K w - - 2 28,f1f7 g7f7 e6f7 e4g3 h1g2 g3e2,1548,advantage long middlegame pin sacrifice
0n6Hp,4r2k/pp2pr1p/4N1p1/4n3/3Nb3/4R3/PP5P/4K1R1 b - - 1 26,e5f3 d4f3 f7f3 e3e4,1549,middlegame
IjvoM,7r/5kpp/8/1R6/1p2R1P1/2P4P/7K/r7 b - - 4 31,b4c3 b5f5 f7g8 e4e8,1550,endgame mate mateIn2 rookEndgame short
opQQR,2k5/Q7/3p4/1q1P2p1/p7/2P2P1P/6P1/6K1 w - - 3 45,g1f2 b5c5 a7c5 d6c5,1550,crushing endgame queenEndgame short
lBweX,6k1/5pp1/7p/P1n1r3/3RB3/6P1/7P/7K b - - 0 40,e5e4 d4e4 c5e4 a5a6 e4g5 a6a7,1551,advancedPawn advantage endgame long
CuTxV,2b2rk1/pp3ppp/2nr4/2pN4/4P3/1Q3N1q/PP2BP2/2R2RK1 w - - 1 20,d5f4 h3g4 f4g2 d6g6 f3e1 g4e2,1554,advantage fork long middlegame quietMove
hDetl,8/7R/1pp1B3/2k1p2P/p4b2/3K2n1/PPP5/8 w - - 4 39,a2a3 e5e4 d3c3 g3e2,1554,endgame mate mateIn2 short
zQ79Y,3k1rn1/6q1/pp1p3r/2p2BbR/2PpP3/1P1P1K1Q/P7/6R1 w - - 2 38,g1g5 g7g5 h5g5 h6h3,1555,crushing middlegame pin short
8Mrfs,5r1k/pp2p3/3p3P/2pPn3/2P1QN2/1Pq3r1/P7/1K1R2R1 b - - 4 32,f8f4 e4f4 g3g1 d1g1,1556,advantage hangingPiece middlegame short
KBZPv,2k3rr/pp6/1bp1b3/7p/4Pp1P/3PqN2/PPQR2B1/3R3K w - - 4 25,d2e2 g8g2 e2e3 g2c2,1556,crushing middlegame short
SZSQM,R4R2/2k3p1/4b3/3pN3/2pPnP1p/2P2BrP/1r4PK/8 w - - 1 41,f8e8 g3h3 h2g1 b2b1 f3d1 b1d1,1556,long mate mateIn3 middlegame pin
TFv9U,1r2q1k1/R4rp1/3bR2p/2p5/3p2Q1/6N1/2P2PPP/6K1 b - - 0 31,e8f8 a7f7 b8b1 g3f1,1556,advantage defensiveMove middlegame short
eSzur,3rr1k1/1pp2ppp/p1p2n2/4P3/3P4/5P2/PP3P1P/R1B1R1K1 b - - 0 15,d8d4 c1e3 d4d3 e5f6,1556,advantage endgame short
h4J3I,6k1/2P2pp1/7p/8/5QPK/2q5/7P/8 w - - 11 78,f4d6 g7g5 h4h5 c3h3,1557,endgame mate mateIn2 queenEndgame short
LB7h8,1k1r3r/1p3p2/p1n1p2p/3p2p1/1q6/5NP1/P3Q1PP/1R3RK1 b - - 1 25,b4e4 e2a6 d8d7 a6c6,1559,advantage middlegame pin short
qMzzS,7k/8/2p5/p3nNR1/6P1/7P/6K1/r7 b - - 0 41,a5a4 g5h5 h8g8 f5e7 g8f7 h5e5,1560,crushing discoveredAttack endgame exposedKing long
5BZCx,2Q5/p4q1k/5rpp/4p3/2prP3/5RRP/P5PK/8 b - - 6 46,d4e4 f3f6 f7f6 c8b7 f6g7 b7e4,1561,crushing endgame fork long master
QXZVY,r3kr2/1pp3bQ/p3bqn1/4p3/2B5/2N5/PP3PPP/R4RK1 w q - 2 18,c4e6 f8h8 c3e4 h8h7 e4f6 g7f6,1561,advantage long middlegame trappedPiece
vxpY4,7k/3qRpRp/pp1r1P1B/2p4p/P7/7P/1P4P1/7K b - - 1 31,d6d1 h1h2 d7d6 g7g3,1561,advantage defensiveMove endgame master short
xmdiO,2rqk2r/1b2b1p1/p1n1ppp1/1p1pP3/1P1P4/P4NP1/2QB1P1P/RN2K2R b KQk - 1 15,c6d4 c2g6 e8d7 f3d4,1562,advantage intermezzo middlegame short
ycMUz,1rbq3r/k5pp/1pp5/p1Nn4/P1BQ4/1RP5/1P3PPP/4R1K1 b - - 0 21,b6c5 d4c5 a7a8 c5c6,1562,crushing middlegame short
1Ypad,1r2r1k1/p4p1p/3Q4/3p4/2pq4/P5P1/2P3KP/4RR2 b - - 5 30,e8e1 d6b8 g8g7 f1e1 d4d2 g2f1,1563,crushing defensiveMove endgame hangingPiece intermezzo long
T0jdU,1k1r3r/N7/1n1pBpn1/2bP2p1/4P2p/8/5PPP/RR4K1 b - - 4 30,g6f4 a7c6 b8c7 a1a7,1563,fork mate mateIn2 middlegame pillsburysMate short
ry2jn,5rk1/1ppq3p/p1n2rp1/4p3/5n2/2P2N1P/PPQN1PP1/R4RK1 w - - 4 19,d2e4 f4h3 g2h3 f6f3,1563,crushing deflection discoveredAttack kingsideAttack middlegame short
tUocp,2r5/pb2r3/1p3pk1/4p1p1/8/2n1PB2/PP3PPP/2RR2K1 w - - 0 25,f3b7 c3e2 g1f1 c8c1 d1c1 e2c1,1565,crushing discoveredAttack endgame fork long
cKvcn,2r1r3/p5Nk/1p3qpp/3Qpn2/8/4B3/P4PPP/1RR3K1 b - - 0 26,f5e3 g7e8 c8c1 b1c1 e3d5 e8f6,1567,advantage long master middlegame
j7KhZ,r2qr1k1/pbpp1p1p/1p3nPB/n3Q3/3N4/2PB4/P1P4P/2KR2R1 b - - 0 18,e8e5 g6h7 g8h8 h6g7,1567,advancedPawn discoveredCheck doubleCheck kingsideAttack mate mateIn2 middlegame short
oLJyP,5rk1/pQ2b1pp/2n1p3/3q4/5r2/6NP/PP3PP1/3RR1K1 b - - 2 20,c6d4 b7d5 e6d5 e1e7,1567,advantage middlegame short
BBd72,2r5/p7/8/4r2p/6k1/1P1P2P1/P1PN3P/2R2K2 w - - 2 37,d2c4 c8f8 f1g1 e5e2,1568,advantage endgame short
KK6VM,1r6/1P3pkp/3qp1p1/1Q6/B2P4/p1n3P1/P4PP1/1R4K1 w - - 3 48,b5b6 d6b6 b1b6 c3a4,1568,advantage endgame master short
iutqX,3r1kr1/1R6/p2p1N2/4p3/2p2pB1/3p1P2/P7/4bK2 b - - 3 37,e1h4 f6h7 f8e8 g4h5 g8g6 h5g6,1568,endgame exposedKing long mate mateIn3
ACElQ,8/1p6/p1p1p3/P1P1k1pp/1P2P3/4K1PP/8/8 w - - 0 41,g3g4 h5h4 e3d3 e5f4,1569,crushing endgame pawnEndgame quietMove short zugzwang
lRttQ,Q2r2nr/2p1kpp1/p3p3/P5Pp/1P3P1P/2N5/1P1qN3/R4K1R w - - 11 25,a1d1 d2d1 c3d1 d8a8,1569,advantage middlegame short
vuzss,6k1/1p2r1pp/p2b1p2/P2p4/1P1Pq3/2PQ1N2/5KPP/5R2 w - - 2 28,d3d2 d6f4 f1e1 f4d2,1569,crushing endgame short
WeRTT,r2qk1nr/ppp2ppp/2n5/3P1b2/1bB5/2N1B3/PP3PPP/R2QK1NR b KQkq - 0 8,c6e5 d1a4 c7c6 a4b4,1570,crushing fork opening short
bKvQm,7k/4NBp1/3p3p/2p5/p2bP1P1/P2P2K1/R1P3P1/5r2 w - - 1 34,e7f5 d4e5 g3h4 f1h1,1571,endgame mate mateIn2 pillsburysMate short
hMCkc,1Q3q1r/3kb1p1/2Np4/2pPp3/4P1n1/2PBB2p/PP3P2/R4R1K w - - 1 25,d3b5 f8f3 h1g1 h3h2,1571,advancedPawn kingsideAttack mate mateIn2 middlegame short
mZMKo,4r1k1/p1p1q1pp/2p5/3b4/3Q4/1P3NR1/P1P2PPP/5K2 w - - 5 28,c2c4 e7e2 f1g1 e2e1 f3e1 e8e1,1571,endgame long mate mateIn3 sacrifice
n63rc,6rk/pp2qrp1/4ppQp/3p3R/3P4/2P3R1/PP3PPP/6K1 b - - 7 25,f6f5 h5h6 g7h6 g6g8,1571,endgame kingsideAttack mate mateIn2 short
pVJeL,5k2/Q6p/1p4p1/2r1PpN1/2q2P2/4P1PP/5R1K/3r4 b - - 12 41,c4d5 g5h7 f8g8 h7f6,1571,crushing endgame master short
832XJ,1k2R3/p1p4p/1p3qp1/3r4/6Q1/8/PPP3PP/6K1 b - - 1 24,b8b7 g4c8 b7c6 e8e6 f6e6 c8e6,1572,endgame
9nCI4,rn2kb1r/pp3ppp/2pp1q2/4p3/2B1N1b1/3P1N2/PPP2PPP/R2Q1RK1 b kq - 3 9,f6d8 c4f7 e8f7 f3g5 f7g8 d1g4,1572,advantage attackingF2F7 attraction discoveredAttack long opening sacrifice
Ntk7w,8/2n3k1/1N6/2p3pp/P1K3P1/8/8/8 w - - 0 52,c4c5 h5h4 b6c8 h4h3,1572,crushing endgame knightEndgame master quietMove short
qwJ1O,8/ppp2kq1/3p2p1/3N1bQ1/8/5P2/PPPK2PR/4r3 b - - 3 26,g7e5 h2h7 f7g8 d5f6 e5f6 g5f6,1572,crushing endgame long
eMDEa,8/1p3pk1/pN1b4/P1pPpQPq/2R1P2r/1P5p/5P1K/8 w - - 1 41,f2f3 h4f4 f5h3 f4h4 h3h4 h5h4,1573,endgame master
MJUEz,3r1rk1/p3b1p1/4Q2p/1pqn1p2/8/1P1B3P/PB3PP1/3R2K1 b - - 1 28,g8h8 e6h6 h8g8 h6g7,1574,kingsideAttack mate mateIn2 middlegame pin short
gcfqU,r1b1k2r/pp1pqppp/2n1p3/8/4B3/5NQ1/P2R1PPP/4R1K1 b kq - 7 22,e8g8 e4h7 g8h7 f3g5 h7g8 g3h4 e7g5 h4g5,1574,advantage attraction kingsideAttack middlegame quietMove sacrifice veryLong
bk4ri,4r2k/6pp/1p3q2/p1bB3b/2P5/3P4/RP3PPP/1N3QK1 w - - 1 24,b1c3 f6f2 f1f2 e8e1,1575,kingsideAttack mate mateIn2 middlegame pin sacrifice short
j1bdj,r5k1/pQ3ppp/8/5b2/5P2/P1nq4/6PP/4R1K1 b - - 0 25,f5e4 b7a8 e4a8 e1e8,1576,backRankMate endgame mate mateIn2 sacrifice short
uHNkY,8/5Qb1/p1R4p/5b2/5Ppk/1P1r4/P3p2P/5RK1 w - - 4 38,f1e1 g7d4 g1g2 f5e4,1576,endgame mate mateIn2 morphysMate short
vhtwK,r2bk2r/1b3p2/p3p3/2R1P3/2pPqB2/2P2NPp/1P3Q1P/5RK1 w kq - 1 27,f4g5 d8g5 f1e1 e4f3 f2f3 b7f3,1576,crushing long middlegame
3et6l,r3k2r/pp2q1pp/2pp1b2/5N2/3p2Q1/1B1P4/PPP2PPP/R5K1 b kq - 2 20,h7h5 g4g6 e8d7 f5e7,1577,crushing middlegame short
skFq7,4rr2/p4k2/1p2qnR1/2p5/4P3/6R1/2P1Q1PP/6K1 b - - 2 26,e6e4 g6g7 f7e6 g3e3 e6d6 e3e4,1578,crushing long middlegame pin
5h4ex,4Q3/1p4pp/5pk1/1P6/8/3qN1P1/1P2nPKP/4r3 b - - 1 36,g6g5 h2h4 g5h6 e3g4,1579,endgame mate mateIn2 short
Ui13r,8/p7/1p1bp3/5ppk/2P5/1P3P1P/P3KB2/8 b - - 2 29,d6c5 f2c5 b6c5 b3b4,1579,bishopEndgame crushing endgame short
irUS3,6k1/6b1/1p1B3q/p2p4/5RQP/2P5/PP2br2/K5R1 w - - 4 32,f4f8 f2f8 g4e2 h6d6,1579,advantage middlegame short
XbNlC,4Rnk1/1q3pp1/8/5PPp/p3P2P/1p6/1PP5/2KR4 b - - 1 30,b3c2 d1d8 b7b4 e8f8 b4f8 d8f8,1580,crushing endgame long quietMove
qWGht,8/5q2/p7/1p1RQ2K/k1r4P/6P1/8/8 w - - 4 55,h5h6 c4c6 d5d6 f7f8,1580,crushing endgame master short
rWBRB,r3r1k1/ppp2pp1/2np3p/3Np2n/2B1P3/3P1q1P/PPPQ1P1K/3R2R1 w - - 0 17,d2h6 f3f2 g1g2 f2g2 h2g2 g7h6,1580,crushing long middlegame
wqOEJ,8/4n3/4pkP1/2p4p/4BP1P/5K2/1P6/8 b - - 1 48,e7g6 e4g6 f6g6 f3e4 g6f6 b2b3 f6g6 e4e5,1581,crushing endgame quietMove veryLong zugzwang
dLOru,2r2rk1/1b2bpp1/p1ppq2p/4N2n/2P1P3/1PN1Q2P/PB3PP1/3R1RK1 w - - 1 17,f2f4 d6e5 f4f5 e6f6,1582,advantage middlegame short
r4S7L,4bk2/1B3p1p/2p2pnP/p2p4/r1PN1P2/3P2P1/1P2R3/6K1 b - - 0 35,d5c4 e2e8 f8e8 b7c6,1582,attraction crushing endgame master short
N9TuJ,3r2k1/5pbp/3P1qp1/n1NQ4/4R3/5N1P/5PP1/6K1 b - - 2 34,f6d6 e4e8 g7f8 e8d8 d6d5 d8d5,1583,advantage long middlegame
61Yl7,8/2k5/2pR4/1pK1np2/8/6P1/7P/8 w - - 7 53,h2h4 e5d7 d6d7 c7d7,1584,crushing endgame short
9KXDa,6k1/4pp1p/Q3b1p1/8/8/4B3/P1q2PPP/1rR3K1 w - - 2 26,a6a3 c2d1 c1d1 b1d1,1584,backRankMate endgame mate mateIn2 sacrifice short xRayAttack
FZD9v,R5k1/5p1p/4p1p1/2B1P3/3b2K1/4r2P/8/8 b - - 11 48,g8g7 c5f8 g7h8 f8h6,1584,discoveredAttack discoveredCheck endgame mate mateIn2 pillsburysMate short
MGeOs,3r4/4q2k/4p1pp/pp1b4/6P1/2P1Q3/PP4P1/K6R b - - 6 35,d8f8 e3h6 h7g8 h6h8 g8f7 h1h7 f7e8 h7e7,1584,advantage endgame skewer veryLong
OHO9Y,5rk1/1p2qppp/p1n1bn2/3Np3/2B4N/4P1QP/PP1R1PP1/6K1 b - - 3 18,e6d5 h4f5 g7g6 f5e7,1584,advantage kingsideAttack middlegame short
TiNoj,1R6/8/1P4p1/8/6kP/1r3p2/5PK1/8 w - - 0 46,g2g1 g4h3 b8e8 b3b1 e8e1 b1e1,1587,endgame long mate mateIn3 rookEndgame
VN3ZR,4r2k/pp4p1/7p/8/2Q5/2P2q1P/PP3P2/3R2K1 w - - 0 24,d1d3 e8e1 g1h2 f3f2,1587,deflection endgame mate mateIn2 short
d9aIc,r1r3k1/1p3pbp/4p1p1/1q2P3/p3QP2/P1P3P1/1B4KP/1R1R4 b - - 0 23,b5c4 d1d8 c8d8 e4c4,1587,advantage deflection middlegame short
gYvmV,r4r2/pppb1R1k/1b5p/6pQ/1P2q3/P7/2P1N1PP/2B4K b - - 0 28,f8f7 h5f7 h7h8 c1b2 b6d4 b2d4 e4d4 e2d4,1587,crushing fork middlegame veryLong
VUKgv,r1bqk2r/ppp1bpp1/3p3p/3P4/2P1Pp2/2NB1P2/PP1Q2PP/R3K2R w KQkq - 0 13,d2f4 e7g5 f4g3 g5h4,1588,advantage middlegame pin short
iT8Sa,2k5/p1p5/4KP2/1Pp5/2P5/8/5rp1/6R1 b - - 3 41,c8d8 f6f7 f2e2 e6f6,1589,advancedPawn crushing defensiveMove endgame rookEndgame short
rLifD,8/1p5p/p7/PPP1k3/8/8/4K3/8 b - - 0 52,e5e6 c5c6 e6d6 c6b7 d6c7 b5a6,1591,advancedPawn capturingDefender crushing endgame long master pawnEndgame
JDhF9,r2q1rk1/1p3Bp1/p1np2Qp/b4bN1/8/2P5/PP4PP/RNB3K1 b - - 0 17,g8h8 g6f5 d8g5 c1g5,1592,advantage hangingPiece middlegame short
1rzvR,5qk1/2b3p1/np1Np3/p1p1P2p/2NP2n1/PP4PP/1B4r1/R2Q2K1 w - - 1 26,g1g2 f8f2 g2h1 f2h2,1593,mate mateIn2 middlegame short
aXWwv,2r1nrk1/2q2p1P/4p1p1/8/p7/4Q1R1/P5P1/5R1K b - - 0 34,g8h7 g3h3 h7g8 e3h6 f7f6 h6h8 g8f7 h3h7,1593,crushing middlegame veryLong
jT7ux,2r3k1/1q3ppp/3b1n2/rp1pN3/3P1P2/PQN1P3/6PP/R1R3K1 w - - 3 24,c3b5 c8c1 a1c1 a5b5,1593,crushing intermezzo middlegame short
lYr82,3r2k1/pp4p1/7p/3q4/3b4/3Qp1BP/PP4PK/3R4 b - - 2 25,d5g5 d3c4 g5d5 d1d4 d5c4 d4c4,1593,advantage discoveredAttack endgame long
tPd51,8/5R2/2p5/3p4/3P4/1P2P1k1/P3Kpr1/8 w - - 3 41,f7g7 g3h2 g7f7 h2g1,1593,crushing defensiveMove endgame master rookEndgame short
3BZd2,3rkb1r/p1pnqp1p/1p3np1/1B1bp1B1/4P3/5N2/PPP2PPP/R2Q1RK1 w k - 0 13,d1d5 f6d5 g5e7 d5e7,1594,advantage master middlegame short
6MoJF,8/8/K1kp4/8/1P5p/7P/8/8 b - - 2 51,d6d5 b4b5 c6c7 a6a7 d5d4 b5b6,1595,crushing endgame long pawnEndgame
12h3z,r2q1rk1/1pp2ppp/p1n1bn2/3p2N1/3P4/1Bb1P3/PP1B1PPP/R2QK2R w KQ - 0 12,g5e6 c3d2 d1d2 f7e6,1597,advantage intermezzo opening short
6jRc1,2r3k1/1pq2pp1/3b3p/p2P4/8/1N5P/PP2QPP1/4R1K1 w - - 2 26,e2d2 d6b4 d2e3 b4e1,1597,crushing endgame short skewer
d7k46,3r3r/pQ1k2p1/2pp4/8/7q/P1P3N1/5P1P/R5K1 b - - 1 27,d7e6 a1e1 e6f6 b7e7 f6g6 e1e6,1598,crushing endgame long
0PA41,4rr1k/1R2bp1p/4qp1Q/4pR2/4Pn2/3B2PP/2P5/7K b - - 0 25,f4d3 f5h5 e6h3 h5h3 d3f2 h1g2,1599,crushing long middlegame
zwMMO,r4nk1/4P1pn/p6p/1pp2r2/8/P4NPP/5P1K/3R1R2 b - - 0 27,f5f3 d1d8 a8a7 e7e8q,1599,advancedPawn crushing endgame promotion short
qK2BD,r2q1rk1/pppn1ppp/3p4/3PP1b1/8/2P2N1P/PP2BPP1/R2Q1RK1 b - - 0 14,d7e5 f3g5 d8g5 f2f4 g5e7 f4e5,1600,crushing fork long middlegame
74T4W,1q1r1k2/5p1p/2p1pQ1P/2P5/2qP2R1/6P1/5P1K/8 b - - 1 34,e6e5 g4g8 f8g8 f6g7,1602,attraction endgame mate mateIn2 sacrifice short
f5Bwx,7k/1p4pp/1Q6/2r1p1q1/4P1b1/2Pr4/PP3PP1/R3K2R w KQ - 0 24,b6c5 g5d2 e1f1 d2d1 a1d1 d3d1,1602,endgame long mate mateIn3 pillsburysMate sacrifice
6FVjz,2r1k3/pp3pp1/4p3/3n3r/1b1n3P/2Nb1PN1/PP1B2B1/2KR3R w - - 0 18,g3h5 d4e2,1603,mate mateIn1 middlegame oneMove
E77hm,8/p3p2k/6p1/2pB1b1p/2Pp3P/3P2b1/P7/1R4K1 b - - 0 33,f5d3 b1b3 g3h4 b3d3,1603,advantage endgame master short
aPcF1,r1bqkb1r/p4ppp/2p1p3/3nN3/3P4/8/PP3PPP/RNBQ1RK1 b kq - 0 10,f7f6 d1h5 g7g6 e5g6 h7g6 h5h8,1603,crushing long opening
k9Xaq,4r3/p4ppp/q5k1/5b2/1b1Q4/2N2P2/PP4PP/R1BK3R w - - 11 19,d4b4 a6d3 c1d2 d3c2,1604,mate mateIn2 middlegame short
sroor,r4rk1/1pp3p1/1p2Pp1p/4n3/5Bn1/3B1N1q/PPP2P2/R2Q1RK1 w - - 1 21,f4e5 f6e5 f1e1 f8f3 d1f3 h3f3,1604,crushing discoveredAttack long middlegame
QQTJK,6k1/ppp3p1/2n1b2p/2b1P3/6p1/2B4r/P1PQ2KP/5R2 w - - 2 33,f1f4 c5e3 d2e3 h3e3,1605,crushing fork middlegame short
Qfat4,2rqr2k/4bp2/p3pp1p/8/2pB1P1P/P7/2B3Q1/R4RK1 w - - 1 25,a1d1 e8g8 d4f6 e7f6,1605,crushing middlegame pin short
wlzpp,8/8/8/5p1p/1pPk1P1P/pP2p3/P3K3/8 b - - 1 45,d4c3 c4c5 c3b2 c5c6 b2a2 c6c7 a2b2 c7c8q,1605,advancedPawn crushing endgame master pawnEndgame promotion quietMove veryLong
Lso1l,2rq1nr1/pp2bkpQ/5p1p/1bpp1B2/3PpN1B/2P1P2P/PP3PP1/R4RK1 b - - 13 29,f8h7 f5g6 f7f8 f4e6,1606,fork mate mateIn2 middlegame short
MaSuU,8/3k3K/6p1/8/8/8/7P/8 b - - 0 78,d7e6 h7g6 e6e7 g6g7,1606,crushing defensiveMove endgame pawnEndgame short
dM85S,2k3n1/ppp2q1p/1b4p1/3r4/8/2Q5/PP3PPP/RNB1R1K1 w - - 2 17,e1f1 f7f2 f1f2 d5d1 c3e1 d1e1,1606,kingsideAttack long mate mateIn3 middlegame pin sacrifice
dXVfS,r3rk2/pp1R1p1B/2p1bb2/7Q/8/7P/Pq3PP1/4R1K1 b - - 3 22,e6d7 h5h6 f6g7 h6d6 e8e7 d6e7,1607,fork long mate mateIn3 middlegame
4QQAE,8/6pk/p7/3pQ3/P2p3K/1P4P1/7P/5q2 b - - 0 38,f1f6 e5f6 g7f6 h4g4,1608,crushing defensiveMove endgame master queenEndgame short
AfFpc,8/1r3k2/8/2pRp3/1pP1P3/2P2K2/8/8 w - - 0 50,d5c5 b4b3 c5d5 b3b2,1608,advancedPawn crushing endgame rookEndgame short
oAdlL,5bk1/3R2p1/1r2Np1p/4pP2/3p4/7P/1P4P1/5K2 b - - 0 36,b6d6 e6f8 d6d7 f8d7,1608,crushing endgame short
T9s7R,3r1r1k/p6p/1qp3p1/n4p2/3bP3/2NQ1RP1/PP2N1KP/3R4 b - - 5 22,f5e4 f3f8 d8f8 d3d4,1610,advantage kingsideAttack master middlegame short
uEZvg,8/pp4R1/4R3/2k2p2/8/2KP2p1/PPP2q2/8 w - - 3 37,e6g6 f2e1 c3b3 e1b4,1610,endgame mate mateIn2 queenRookEndgame short
SZSLA,3r1rk1/p1q2p2/1pp2Bp1/2n1p3/2P1P3/2P3Q1/P1B3PP/R6K b - - 0 21,c7d6 g3h4 d6f6 h4f6,1613,advantage middlegame quietMove short
TP8mW,r1bqk2r/p2n1ppp/4p3/1p1nN1B1/2pP4/2P1PQ2/5PPP/R3KB1R b KQkq - 2 12,f7f6 f3h5 g7g6 e5g6 h7g6 h5h8,1613,advantage long middlegame
bfTfE,6k1/p4p1p/r7/2p4r/2Rp1P2/P2P1P2/4P1K1/4R3 w - - 3 33,a3a4 a6g6 g2f1 h5h1 f1f2 h1h2,1613,crushing endgame long rookEndgame
ITUMf,8/8/8/p2k2K1/1p6/2p4P/P7/4N3 w - - 0 45,h3h4 a5a4 h4h5 b4b3 a2b3 a4b3,1614,crushing endgame knightEndgame long quietMove
YDoW2,r2nk2r/2p1np2/p2p1bq1/1p2p1pp/1P2P3/1BPPBQNP/P4PP1/R3K2R w KQkq - 0 17,e1e2 g5g4 h3g4 h5g4 f3f5 e7f5 h1h8 f6h8,1614,crushing middlegame trappedPiece veryLong
raVHr,r4rk1/5pp1/p1q1p2p/2p4P/NpPBbN1b/1B6/PP2K3/R2Q3R w - - 1 24,h1h4 e4f3 e2f2 f3d1 a1d1 c5d4,1614,advantage long middlegame skewer
CCCso,r3r2k/1bppqppB/1p1b4/pN6/2PP2n1/PP2PpN1/1BQ2P1P/R4RK1 w - - 1 19,c2f5 e7h4 f5g4 h4g4,1615,advantage master middlegame short
VHRgx,r1b1k2r/1ppqnpb1/p1np3p/1B1P1N2/QN2Pp2/2P5/PP3Rp1/R1B3K1 b kq - 1 17,e7f5 d5c6 b7c6 b5c6 f5e7 c6d7,1615,crushing fork long middlegame pin
Xp2Tz,N2k4/1p3pp1/p6p/3P4/Pn6/3bB3/1r3PPP/R2K3R w - - 1 23,a8b6 d3e2 d1c1 b4d3,1615,cornerMate mate mateIn2 middlegame short
euulb,r4k2/1R1P1p1p/6p1/4P3/p7/3r2P1/7P/2R3K1 b - - 0 34,f8e7 c1c8 d3d7 b7d7 e7d7 c8a8,1615,crushing endgame long rookEndgame
hIVF6,5r1k/ppp3p1/2n5/8/3PQ3/P1P1N1P1/3qBK2/5R2 w - - 5 34,f2g2 d2e2 g2h3 f8f1 e4h4 h8g8,1615,advantage deflection hangingPiece long middlegame
I9T2w,2r1nrk1/3q1ppp/2n1b3/pp6/3pN3/1P1P4/PB3PPP/Q1RR1BK1 w - - 0 20,b2d4 d7d4 a1d4 c6d4 c1c8 e6c8,1616,crushing long master opening
Gztrb,r5k1/p5pQ/1n2pr1R/1p1pqp2/8/1P1PP3/P3BKPP/8 b - - 2 27,g8f7 e2h5 f7f8 h7h8 f8e7 h8g7,1617,crushing deflection long middlegame pin
wnkba,1k3nr1/pp2q3/4p3/1PNrP1p1/2RnQ2p/3P3P/5PP1/2R3K1 w - - 0 28,c4d4 d5c5 c1c5 e7c5 d4d8 b8c7,1617,advantage long middlegame
8XV0o,6k1/6pp/p3P1p1/3Q4/2n3P1/P1N1q2P/1rP5/2K2R2 w - - 1 25,c1d1 b2b1 c3b1 c4b2,1618,endgame mate mateIn2 sacrifice short
ICCck,1rb1kr2/p2p1pQ1/1p2p3/4P3/4Bn2/8/PP1q2PP/3R1R1K b - - 3 19,f4h5 g7f8 e8f8 d1d2,1618,advantage middlegame short
UmNZR,r1bq1rk1/2p2pp1/2np1n1p/p2NP3/Pp2P3/1B2PN2/1PP3PP/R2Q1RK1 b - - 0 13,c6e5 f3e5 d6e5 d5f6,1618,crushing kingsideAttack middlegame short
5AMRL,2k4r/1p3pp1/1p3n2/1B1rR2p/5BqP/2P3P1/Q5K1/8 b - - 1 32,d5e5 a2a8 c8c7 f4e5,1619,intermezzo mate mateIn2 middlegame short
HIkno,3r2k1/p4ppp/bqp1p3/3r4/Q2P4/1P3N2/P2R1PPP/5RK1 w - - 5 20,f1d1 d5a5 a4a5 b6a5,1619,advantage middlegame short trappedPiece
i8CIK,8/p7/1p1kp3/5p2/PP1PKP2/8/8/8 w - - 0 45,e4e3 d6d5 e3d3 a7a6 d3c3 d5e4,1619,crushing endgame long pawnEndgame quietMove zugzwang
s5KmD,8/8/5p1k/p2Q2p1/P7/1B2P1PK/7P/5q2 w - - 1 56,d5g2 g5g4 h3g4 f1g2,1619,crushing deflection endgame short
0jAWA,3kr3/p3b3/2ppQ3/1p2pN2/4P3/1P1P4/1qP2P2/2RK4 w - - 7 30,f5d6 b2c1 d1c1 e7g5 c1d1 e8e6,1620,advantage attraction discoveredAttack endgame long sacrifice
Qce5r,r2qr3/pp4bk/2n3pp/3Qn3/8/5NN1/PPP2PP1/R1B1R1K1 w - - 0 19,d5d8 e5f3 g2f3 e8e1,1620,crushing discoveredAttack kingsideAttack middlegame short
Gemym,r2qkbnr/pbp2ppp/1p1p4/2nPp3/4P3/2P1BN2/PP2BPPP/RN1QK2R b KQkq - 4 7,c5e4 d1a4 e8e7 a4e4,1621,advantage fork opening short
cxKm2,r2q1rk1/1pp2ppp/p1np1P2/3n2B1/8/3B4/PPP2PPP/R2QK2R w KQ - 1 14,f6g7 f8e8 g5e3 d5e3,1621,advantage middlegame short
f4Paj,8/p2k4/P1p5/1pP1p3/2P1P2p/2K4P/8/8 b - - 1 54,d7e6 c4b5 c6b5 c3b4,1621,crushing endgame pawnEndgame short
Pe18n,5Qk1/5ppp/pN2pn2/3p4/8/4BP2/q5PP/2R3K1 b - - 0 25,g8f8 c1c8 f6e8 e3c5 f8g8 c8e8,1622,backRankMate deflection endgame long master mate mateIn3
0kZOu,2r2nk1/5rb1/1qp1p1np/p2pPpP1/Pp1P1N2/3BBQ2/1PP2PK1/R4R2 w - - 0 22,g5h6 g6h4 g2g3 h4f3,1624,advantage fork middlegame short
2iX90,5Nr1/4R3/2p1R3/pb3pkp/8/1P3KP1/r7/8 b - - 5 36,h5h4 f8h7 g5h5 h7f6,1624,crushing endgame master short
OQ8r3,r1b2b1r/pp4pp/2p1kq2/3np3/1n4Q1/1BN5/PPPP1PPP/R1B2RK1 b - - 3 11,e6d6 c3e4 d6c7 e4f6 c8g4 f6g4,1624,advantage fork long middlegame
mbbYB,1Q3bk1/5pp1/7p/4N3/1p3q2/7P/5PP1/6K1 b - - 3 35,f7f6 b8f8 g8f8 e5g6 f8e8 g6f4,1625,advantage attraction endgame fork long sacrifice
t20aP,8/5ppk/7p/8/2p2q2/8/PP1Q3P/3K4 b - - 1 41,f4e4 d2c2 e4g6 c2g6 h7g6 a2a4,1625,crushing defensiveMove endgame long queenEndgame
aQbcX,6k1/4r1p1/4P2p/Q7/8/3b2NP/2p3PK/Rq6 b - - 3 44,e7e6 a5d8 e6e8 d8e8,1626,advantage endgame fork short
JWvqK,rn3rk1/pbb1Qppp/1p3n2/1B6/3B2q1/5N2/PPP2PPP/2KRR3 b - - 9 17,f6d5 e7f8 g8f8 e1e8,1627,attraction kingsideAttack mate mateIn2 middlegame operaMate sacrifice short
Y9Cs0,8/3k1r1q/4p1R1/1pprB2p/p2P3P/P1P2PQ1/1P4P1/K7 w - - 0 47,d4c5 d5e5 g3e5 h7g6,1627,advantage deflection endgame master short
gDHmB,rnbq1rk1/pp3p1p/3n1bP1/8/2BP4/5N2/PPQ2PP1/R1B1K2R b KQ - 0 14,h7g6 c2g6 f6g7 g6h7,1627,kingsideAttack mate mateIn2 opening pin short
xL8VK,r1b1k2r/pp1q1p2/4p1p1/P2nP1Bp/3R4/1B5Q/5PPP/4K2R b Kkq - 0 21,d7b5 b3a4 b5a4 d4a4,1628,crushing middlegame pin short
8gpwv,r1b2rk1/p1n3bp/3p1npB/q1pP4/1pP3P1/2N2P2/PP1Q4/2KR1BNR w - - 0 16,h6g7 b4c3 d2c3 a5c3 b2c3 g8g7,1629,advantage long middlegame queensideAttack
SnRhV,8/4k3/2p3P1/1p3p1p/pP1B1P1b/P7/2P3K1/8 b - - 2 44,h4f6 g6g7 f6d4 g7g8q,1629,advancedPawn bishopEndgame crushing endgame promotion short
kDJcq,8/5p2/2k5/8/7p/5P1P/b1RB2K1/r7 b - - 8 56,c6d5 d2c3 a1b1 c2a2,1629,advantage endgame short
HGI3A,r3k2r/1p3p2/1qp1p1pp/2n1P3/p1P1nP2/P2B1N1P/1P4P1/R3QRK1 w kq - 0 22,d3e4 c5d3 g1h2 d3e1,1630,advantage discoveredAttack discoveredCheck kingsideAttack master middlegame short
3y8RL,8/6k1/6p1/2p4p/1pP1p2P/6P1/1P3PK1/8 w - - 0 36,f2f4 g7f6 g2f2 f6f5 b2b3 f5g4,1631,crushing endgame long pawnEndgame
LtaOr,5B2/8/8/3nkp1p/p6P/P3PK2/8/8 b - - 6 44,d5f6 f8g7 e5e6 g7f6 e6f6 f3f4 f6e6 f4g5,1631,crushing endgame veryLong zugzwang
WZOVu,5rk1/Q4pbp/6p1/2N5/3P1P2/1P2P2q/P3RP2/5K2 w - - 3 30,f1e1 h3h1 e1d2 f8a8 a7a8 h1a8,1631,crushing endgame long
vAkd4,1R6/6pk/3P3p/4n3/7P/6P1/4rrBK/6Q1 w - - 5 43,b8b7 e5f3 h2h1 f3g1 h1g1 f2g2,1631,attraction crushing endgame fork long
20X22,r2q1k1r/p1p2pp1/1pQp4/3Pp3/4P2p/8/PP1PbPB1/R1B2RK1 w - - 2 18,f1e1 h4h3 e1e2 h3g2,1632,advancedPawn crushing middlegame short
MvrBG,8/5pp1/1p6/2p1kp2/2P4P/4KP2/2P3P1/8 w - - 3 36,h4h5 f5f4 e3d3 e5f5,1632,crushing defensiveMove endgame master pawnEndgame short
OhDLY,r1bk3r/1pp2ppp/p1p5/8/3bPP2/7P/PPP3P1/RNB2R1K b - - 2 12,h8e8 f1d1 c6c5 c2c3,1632,advantage middlegame pin short
mtzEN,1r3k2/5pbp/3p2p1/2nP4/5B2/5NP1/5PKP/2R5 b - - 3 25,f8e7 c1c5 d6c5 f4b8,1633,crushing endgame master short
LS7ss,6k1/p1p1n1b1/3p3p/4p1p1/P2nP3/2NQ1PBq/1r3P1P/2RR2K1 w - - 1 20,c3b5 d4e2 d3e2 b2e2,1634,crushing fork middlegame short
ZvHKr,8/8/2r4p/2Pk1pp1/7P/5KP1/5P2/2R5 b - - 3 41,c6c5 c1c5 d5c5 h4g5 h6g5 g3g4 f5f4 f3e4,1634,crushing endgame master rookEndgame veryLong
qqncx,6k1/p4pp1/4p2p/3q1n2/2R4P/P1Q5/1P3PK1/8 w - - 8 35,f2f3 d5c4 c3c4 f5e3 g2f2 e3c4,1634,attraction crushing endgame fork long sacrifice
08chX,r2q1rk1/ppp2ppp/2n5/3pP3/3PnB2/5P2/P1B2P1P/R2Q1RK1 b - - 0 15,e4c3 d1d3 c3e2 d3e2,1635,advantage middlegame short trappedPiece
6zw5T,r4rk1/5ppp/p1p1b3/1p1n4/3P3q/1BP1BPb1/PP2R2P/RN1Q2K1 w - - 0 17,h2g3 h4g3 e2g2 g3g2 g1g2 d5e3 g2f2 e3d1,1635,attraction crushing exposedKing fork middlegame veryLong
6yHai,r4k1r/2p3p1/P2pR3/7p/6n1/B7/5PPP/R5K1 b - - 0 24,a8a6 a3d6 a6d6 e6d6 c7d6 a1a8 f8e7 a8h8,1636,advantage endgame sacrifice skewer veryLong
0s6Kc,8/p5B1/P2k4/1p3B2/1P5p/7P/K1P3r1/8 w - - 0 39,f5g4 g2g4 h3g4 h4h3 g7d4 h3h2,1638,advancedPawn advantage endgame long sacrifice
OfPwA,r3k2r/p1p3p1/2p5/5p1p/1P2PP2/P1N5/1BP2bPP/R6K b kq - 0 18,g7g6 c3d1 e8g8 d1f2,1638,advantage endgame master short
C37Ge,r2qkbnr/1bpnpppp/p7/1P6/2BP4/4P3/1P3PPP/RNBQK1NR w KQkq - 1 7,b5a6 b7g2 g1f3 g2h1,1639,advantage opening short trappedPiece
pBB9q,rr4k1/pQ1nbpp1/2p4p/3q4/3P4/P4N2/1P3PPP/R1B2RK1 w - - 5 15,b7c7 e7d6 c7d7 d6h2 f3h2 d5d7,1641,advantage discoveredAttack long middlegame sacrifice
tHgNN,rn2k2r/pp3ppp/5n2/4N3/1bPP4/2N1P1P1/PB1KQ2P/R6q b kq - 5 14,f6e4 d2d3 e4c3 b2c3 h1a1 c3a1,1642,advantage long middlegame trappedPiece
7vlVy,2rq3r/1Q1k1B1p/p2b3B/4pb2/8/8/PPP3PP/2KR4 b - - 3 23,c8c7 d1d6 d7d6 b7d5 d6e7 h6g5,1645,attraction crushing exposedKing long master middlegame sacrifice
C8cpw,6k1/pp4q1/3rp3/7Q/3P3R/7p/PP3PrK/3R4 w - - 2 33,h2h1 g2h2 h1h2 g7g2,1645,attraction endgame mate mateIn2 sacrifice short
dnM2B,r2qrnk1/pQp1ppb1/6pp/3Nn3/2P5/7P/PPB2PP1/R1B2RK1 w - - 0 16,d5c7 a8b8 b7a7 e5c6,1645,advantage opening short
f2Llk,Rbkr2r1/5R1p/4p2q/1p6/2pPb3/1P3Q1P/3NnPP1/2B4K w - - 5 24,f3e4 h6h3 g2h3 g8g1,1645,kingsideAttack mate mateIn2 middlegame pillsburysMate sacrifice short
7gwjx,r4r1k/p5pp/1p6/6q1/2Q3P1/P1P1pbR1/2P1N3/3RK3 b - - 5 26,f8f4 c4f4 g5f4 e2f4 f3d1 e1d1,1647,crushing long middlegame
lVjX8,r1bq1rk1/pppp1ppp/1b6/4P3/2BBn3/8/PPP2PPP/RN1Q1RK1 w - - 1 10,d1f3 b6d4 f3e4 d4b2,1647,advantage opening short
40zol,r1r3k1/p4p1p/1p2pp2/2q1n3/2P1P3/N5P1/PPQR1PKP/R7 b - - 2 18,e5c4 a3c4 c5c4 d2d8 c8d8 c2c4,1648,crushing deflection long master middlegame
WVCja,r2k1b1r/pp1npBpp/2p5/5bB1/8/q1P2P2/P5PP/1R1Q1RK1 b - - 0 15,f5b1 f7e6 a3c5 g1h1 c5d5 e6d5,1648,crushing defensiveMove long middlegame
aEUKU,r4rk1/3R1pb1/1qn3p1/7p/p1BnP3/2NQ1P2/PPPN2PP/2KR4 w - - 4 22,c3d5 d4e2 c1b1 b6b2,1648,mate mateIn2 middlegame queensideAttack short
uUZPZ,7k/1p6/p1b1r2q/3p1QRp/7P/P1P5/1P6/6K1 b - - 2 35,e6e1 g1f2 e1e7 g5h5 h6h5 f5h5,1648,advantage defensiveMove endgame long pin
TOyN9,r2r2k1/1pqn1ppp/p1p1pb2/4P2b/2PP4/3Q1N1P/PB1RBPP1/5RK1 b - - 0 16,d7e5 f3e5 h5e2 d3e2 f6e5 d4e5 d8d2 e2d2,1649,advantage middlegame veryLong
eHXiH,1R3nk1/5pp1/1p3pp1/p1qr4/Q1P5/7P/PP3PP1/6K1 w - - 0 25,c4d5 c5c1 g1h2 c1c7 g2g3 c7b8,1650,advantage endgame fork long master
fd42E,1r3k2/3Q2p1/4p3/3pq2p/7P/1P6/5PP1/2R3K1 b - - 4 32,e5f6 d7d6 f8g8 d6b8,1651,crushing endgame fork short
0c3QQ,r2qkb1r/pp1n1ppp/2p2n2/4P3/2B1P1b1/2N2N2/PPP3PP/R1BQK2R b KQkq - 0 8,d7e5 d1d8 a8d8 f3e5,1652,advantage intermezzo opening short
ju5mV,4r1k1/1pp2qb1/r1n2p2/p5pR/P2pPpP1/1QPP1P2/1P3B2/R3KB2 w Q - 1 25,b3b7 a6b6 b7b6 c7b6,1652,advantage middlegame short trappedPiece
tOX2O,2R5/1p4N1/5p2/4q1p1/6Q1/1P4PP/1PP2k1K/4r3 w - - 0 40,c8c3 e1h1 h2h1 e5e1 h1h2 e1g1,1652,attraction endgame long mate mateIn3 sacrifice
BOnNa,r5k1/5pp1/1Q5p/3q4/6b1/8/P4PPP/R4NK1 b - - 0 27,a8a2 b6b8 g8h7 b8b1 g4f5 b1a2 d5a2 a1a2,1653,crushing endgame veryLong
x6mNP,4r1k1/4r1bp/ppq3pB/2p5/3p1Q2/1P1P4/P1P2RPP/5RK1 b - - 9 31,c6e6 f4f8 e8f8 f2f8 g7f8 f1f8,1654,kingsideAttack long mate mateIn3 middlegame operaMate sacrifice
ObDEX,1r1k1br1/4pp2/2Qp1p2/4q2p/4P2P/1NN2bP1/PPP2P2/R3R1K1 w - - 1 18,c3d5 g8g3 g1f1 f3g2,1655,crushing kingsideAttack master middlegame short
v5lHD,r7/6pk/2q1p2p/1n1pP3/2p5/pr2PP1P/3Q2PB/R3R1K1 b - - 5 36,c4c3 d2c2 h7g8 c2b3,1655,advantage fork middlegame short
6nHex,4rrk1/p4p1p/1n3p2/6q1/4B3/2Q3Pb/PP3P1P/R3R1K1 b - - 2 23,e8e5 f2f4 g5g7 f4e5,1656,advantage fork middlegame short
rB9Nr,r2r4/p2bqpk1/5n1p/1p4p1/2nQp3/2N3PN/PP2PPBP/2R2RK1 w - - 0 22,c3e4 d7h3 d4f6 e7f6 e4f6 h3g2 f6h5 g7g6,1656,advantage middlegame veryLong
rmhbW,r7/1p3BPk/2p1p2P/4PpB1/2R2P2/6K1/pr6/8 w - - 0 43,f7e6 a8a3 c4c3 a3c3 g3h4 b2h2,1656,endgame long mate mateIn3
gddEs,5rk1/1p4pp/p1nQb3/8/2P5/5NP1/P4RP1/1q1B2K1 b - - 2 22,e6c4 d6f8 g8f8 f3d2 f8e7 d2b1,1657,advantage discoveredAttack discoveredCheck fork long middlegame sacrifice
ltApU,8/5kp1/2p1p3/1bPpP3/3PpPPp/4K2P/8/3N4 w - - 5 55,d1c3 b5f1 e3f2 f1h3,1658,crushing endgame master short
lQ0uE,1k1r4/ppp3pp/8/2bnPQ2/4n3/2P4P/PP4PR/RNB3K1 w - - 1 25,c1e3 c5e3 g1f1 e4g3 f1e1 g3f5,1659,crushing fork hangingPiece long middlegame
YhLPh,2r5/2P1k1pp/8/p4Q2/1p2p3/1P1q1P2/P5PP/2R2K2 w - - 1 36,f1f2 e4e3 f2g1 d3f5,1660,crushing discoveredAttack endgame master short
qxGie,r2q1rk1/p4ppp/8/1Nb1n3/2B1n3/4P2P/1P1BQPP1/R4RK1 w - - 5 17,c4a2 d8d2 e2d2 e4d2,1660,advantage middlegame short
u7cH2,3r1rk1/ppp1qppp/2nb1n2/8/1P6/P3Pb1P/2PNBPP1/R1BQ1RK1 w - - 0 12,e2f3 e7e5 g2g3 e5a1,1660,advantage middlegame short
68Vli,8/1p3kp1/p1p4p/2Pp1K1P/1P1P4/4P3/1P6/8 w - - 5 47,f5e5 g7g6 h5g6 f7g6 e5d6 h6h5 d6c7 h5h4,1661,advantage defensiveMove endgame pawnEndgame quietMove veryLong
95stm,3R4/1krbPppp/8/1p2Q3/8/7P/q1P2PP1/6K1 b - - 2 30,a2e6 e5e6 f7e6 d8d7 c7d7 e7e8q,1661,advancedPawn advantage endgame long pin promotion
NdKaD,r2q1rk1/bpp1n1pp/3ppn2/1P2p3/4P3/2PP1N2/3N1PPP/R1BQ1RK1 w - - 0 13,d2c4 a7f2 f1f2 a8a1,1661,crushing discoveredAttack master opening short
8pFgF,8/1p6/p2k4/5pr1/PP1PKR2/8/8/8 w - - 0 53,f4f5 g5f5 e4f5 d6d5 b4b5 a6b5,1662,crushing endgame long rookEndgame
PpSIp,3rr3/1b3k2/2q2pp1/Q1p4p/4NBnP/1P1P4/P1P5/2K1RR2 w - - 0 28,a5c5 e8e4 c5c6 e4e1 f1e1 b7c6,1662,advantage long middlegame
Z1SZV,2k1q1r1/p1pbP3/1p6/P2Q4/3P4/8/2P3PK/5R2 b - - 0 37,c7c6 d5g8 e8g8 f1f8 d7e8 f8g8,1662,attraction crushing endgame exposedKing fork long pin sacrifice
1QxXx,5rk1/p2r1ppp/1bp2n2/4pb2/NPB5/P3P3/3B1PPP/R2R2K1 w - - 5 17,d2c3 d7d1 a1d1 f5c2 a4b2 c2d1,1663,advantage attraction fork long middlegame
hLXy2,1R6/3bQ3/p1pPp2k/8/8/6PK/PP6/5q2 w - - 2 39,h3g4 f1f5 g4h4 f5h5,1663,endgame mate mateIn2 short
lUfO8,r2qr3/pp1n1B2/2p2ppk/8/3P1b2/8/PPP3R1/1K1R4 b - - 1 28,e8e7 g2g6 h6h7 d1h1 f4h2 h1h2,1663,long mate mateIn3 middlegame pillsburysMate
UnTIn,4r1k1/6p1/4R1Q1/1p1Pq3/2p3p1/p3p1P1/P6P/6KB b - - 2 37,e8e6 g6e6 e5e6 d5e6,1664,crushing endgame master short
egu5e,8/6r1/8/8/2P5/1K2k1p1/P1R5/8 w - - 8 52,c4c5 g3g2 c2g2 g7g2,1664,advancedPawn crushing endgame rookEndgame short
tfxiR,r2k3r/1bp2Q1p/p1n3p1/1p2ppq1/8/P2P4/BPP2PPP/RN2K2R w KQ - 3 16,a2d5 g5c1 e1e2 c6d4,1664,mate mateIn2 middlegame short
Vx8mm,1r3rk1/pppq1ppp/2n5/8/Q2N2b1/6P1/P3PPBP/1RB2RK1 b - - 0 14,d7d4 g2c6 d4a4 c6a4,1665,advantage middlegame short
Ht3zg,1r2kq2/2b2p2/p3pP2/1b1pP3/3Q4/7P/1P4P1/1RR4K b - - 4 34,c7b6 d4b6 b8b6 c1c8 e8d7 c8f8,1666,crushing long middlegame sacrifice skewer
ei9kB,r4rk1/pp1b1ppp/2n3q1/2bpp3/8/2P5/PP1PBNPP/RNB1QRK1 w - - 3 14,b2b4 d7h3 e2f3 e5e4 b4c5 e4f3,1666,advantage long middlegame pin
O1atO,r1r3k1/3nqpp1/2p1p2p/p2n4/2QP4/P4NB1/1P3PPP/3RR1K1 b - - 2 24,c6c5 c4d5 e6d5 e1e7,1669,crushing middlegame short
Xt3l6,5r1k/6pp/1pN1p3/pP2N2P/6K1/P7/4r3/3Rb3 b - - 9 38,h8g8 c6e7 g8h8 e5f7 f8f7 d1d8 f7f8 d8f8,1669,backRankMate endgame master mate mateIn4 sacrifice veryLong
kdTMn,5k2/pp6/2p5/3p1p2/3q1P1P/P7/KPP1Q3/8 w - - 0 44,e2e5 d4e5 f4e5 f5f4 h4h5 f4f3 h5h6 f3f2 h6h7 f8g7,1670,advancedPawn crushing endgame queenEndgame quietMove veryLong
sJ9Ly,rn1qr1k1/1p1b1pb1/3p2Q1/p1pN4/P1B1PN1P/5P2/1PP5/R3K2R b KQ - 4 21,f7g6 d5f6 g8h8 f4g6,1671,discoveredCheck doubleCheck intermezzo kingsideAttack mate mateIn2 middlegame short
qA3Jn,r4rk1/p3qpp1/2n1b2p/1ppnN3/3p1B2/P2P2P1/1P2PPBP/2RQ1RK1 b - - 3 15,d5f4 e5c6 e7d6 g3f4,1673,crushing hangingPiece intermezzo middlegame short
ANdbO,8/3p1ppk/5n2/Q2q4/8/R5P1/5P2/1r3NK1 b - - 3 31,d5c4 a5f5 g7g6 f5b1,1674,crushing endgame fork master short
DIkXa,1r4k1/pb1q1p2/7p/6p1/7Q/2pP4/PPP1nPPP/R1B2R1K w - - 0 22,h4h6 b7g2 h1g2 d7g4 g2h1 g4f3,1674,attraction kingsideAttack long master mate mateIn3 middlegame sacrifice
7nO7E,r2r4/p2kN1pp/npRP1n2/8/1P5P/P7/5PPB/4R1K1 w - - 3 30,c6c7 a6c7 d6c7 d8e8 e1d1 d7e7,1675,advantage long middlegame
RyA8L,3r1rk1/1p2qpp1/1Qb2n1p/8/1P6/3BP2P/1B3PP1/R4RK1 w - - 1 24,f1d1 d8d3 d1d3 e7e4 f2f3 e4d3,1675,advantage attraction long middlegame sacrifice
nL5a8,5r2/p1q1npk1/3r3p/4Q3/6N1/4P2P/2P3P1/5RK1 b - - 0 34,g7h7 g4f6 d6f6 e5c7 f6f1 g1f1,1676,advantage long middlegame
3OWXR,8/1R3p2/5p1p/6P1/p6P/5K2/rp3P2/4k3 b - - 0 39,a4a3 g5h6 a2a1 h6h7 a1c1 h7h8q,1677,advancedPawn advantage endgame long promotion rookEndgame
MOhfL,1r4k1/6pp/2pqp3/P2p4/2bPp3/P1Q1P1P1/1r3PBP/2R1R1K1 w - - 3 23,g2f1 b8b3 c3b2 b3b2,1677,advantage middlegame short trappedPiece
T7Jl8,8/6k1/1R4b1/8/1p1P3p/3nP2P/4K3/8 b - - 1 42,b4b3 b6g6 g7g6 e2d3 b3b2 d3c2 b2b1r c2b1,1677,crushing endgame veryLong
aBv9a,r1b1k2r/pp1nb1pp/1qn1pp2/3pP3/3P1P2/1Q4PB/PP1NN2P/R1B1K2R b KQkq - 0 11,c6d4 b3b6 d4c2 e1d1 a7b6 d1c2,1677,advantage long opening
xTpap,8/7p/3P1R2/3k4/1P2pK2/3r4/8/8 w - - 5 42,f4f5 d3f3 f5g5 f3f6 g5f6 d5d6,1677,crushing endgame long rookEndgame
6R0Uq,5Q2/1p6/pn3pp1/2R2k2/5P2/1P1r1qpP/P3N3/6K1 b - - 3 37,d3d5 e2d4 f5e4 d4f3,1678,crushing endgame pin short
x7gZb,r3r1k1/pbq2ppp/1p1b1n2/2pp1N2/5P1B/2PBP3/PPQ3PP/2KR3R b - - 2 18,f6e4 d3e4 e8e4 f5d6,1680,advantage middlegame short
bqhFr,r1b1k2r/p1p1qppp/2p5/8/4n3/3B1P2/PPPQ2PP/R3K2R w KQkq - 0 12,d3e4 f7f5 e1c1 f5e4,1681,crushing middlegame pin short
mne88,5kn1/1br1bq2/1pp4p/p4Q2/2PP3B/6R1/PP3PPP/4R1K1 w - - 7 27,f5d3 e7h4 g3f3 h4f6,1682,advantage hangingPiece master middlegame short
30Vs0,6k1/5p1p/R3b1p1/1B6/4P3/4B3/5KPP/3rb3 w - - 3 27,f2e2 e6g4 e2f1 e1h4,1684,discoveredAttack discoveredCheck endgame mate mateIn2 pillsburysMate short
7EawS,1Qnk3r/p2r1pp1/4q3/5bPp/2P5/P3P2P/5PB1/R2R2K1 b - - 6 23,f5h3 d1d7 e6d7 g2h3 d7h3 a1d1,1684,advantage long master middlegame
oPuz3,r2qk2r/pp1n1pPp/2p5/2b5/2B1P3/8/PPP3PP/RNBb1R1K b kq - 0 11,h8g8 c4f7 e8e7 c1g5 d7f6 g5f6 e7f7 f6d8,1684,advantage attackingF2F7 discoveredAttack discoveredCheck fork master opening skewer veryLong
EqZ8H,r3k3/pp1n1pp1/2p1p2r/2Pp1q2/3Pn2p/P3P2P/1P1NQPPK/R1B1R3 b q - 0 16,f5f2 d2e4 f2e2 e4d6 e8e7 e1e2,1685,advantage intermezzo long middlegame sacrifice
SBUuK,4r1k1/5p1p/8/2R5/p2r4/1b3P2/1P1B1RPP/2K5 w - - 6 30,c5c3 e8e1 d2e1 d4d1,1685,endgame master mate mateIn2 operaMate sacrifice short
dUYfK,5k2/2R3p1/1p3n2/p4N2/r3PK1P/8/8/8 w - - 2 41,f5g7 f6d5 f4e5 d5c7,1685,crushing endgame pin short
2am88,8/2k5/2b5/5p1p/pPP3pP/2b2PP1/P3K1B1/2B5 w - - 3 46,c1d2 g4f3 g2f3 c6f3 e2e3 c3d2,1686,bishopEndgame crushing endgame fork long
PD71T,r4bk1/7p/1Q2p1p1/1p1pP3/3P2P1/PP3B2/5PK1/1Nq5 b - - 0 32,c1b1 b6e6 g8h8 f3d5,1686,crushing endgame short
WFKUU,r5k1/p4pp1/2p4p/2bp4/8/P2B1q1P/1PPQrP2/R4RK1 w - - 0 19,d3e2 f3g3 g1h1 g3h3,1686,crushing kingsideAttack middlegame pin short
yMsp3,6rk/pp3p1p/2p5/8/4p2r/2P1P1q1/PP1RQ2N/3R3K w - - 0 30,d2d8 h4h2 e2h2 g3f3 h2g2 f3g2,1688,exposedKing fork long mate mateIn3 middlegame sacrifice
KBcz6,rnbqk2r/pppp1ppp/5n1b/8/2BPPp2/2N2N1P/PPP3P1/R1BQ1K1R b kq - 0 8,f6h5 c4f7 e8f7 f3e5 f7f8 d1h5,1689,advantage attackingF2F7 attraction discoveredAttack long opening sacrifice
E7UhO,r1b2rk1/1p3p1p/3p1qp1/p1p1b2P/4P3/1BN2P2/PPPQ2P1/2KR3R w - - 1 16,h5g6 e5f4 b3f7 f8f7,1690,advantage middlegame pin short
XHdHJ,b5k1/4p1bp/P1p3p1/1p3p2/3rN3/4BP1P/RP4P1/6K1 b - - 1 24,d4a4 a2a4 b5a4 e4c5 a4a3 b2a3,1690,advantage endgame long
HPldM,r7/3b1qrk/1Q3b1p/p2Pp3/4P3/5PB1/4B1RP/R6K w - - 3 43,a1a5 f6d8 a5a8 d8b6 a8h8 h7h8,1692,advantage long middlegame
P7gKL,2b2rk1/1pp3p1/6qp/4p3/2P2p2/P2PB2P/4QPP1/R4RK1 w - - 0 23,e3c5 f4f3 e2f3 f8f3,1693,crushing middlegame pin short
cK4yb,8/6P1/1P6/2K1k2P/2P1b3/8/8/3q4 w - - 0 60,g7g8q d1d6 c5b5 e4c6 b5a6 d6a3,1693,endgame long master mate mateIn3
TEXBg,r4rk1/pp3ppp/2b2q2/2Pp4/1B1p1P2/P7/R5PP/1N1Q1R1K w - - 2 23,b1d2 a7a5 b4a5 a8a5,1694,advantage middlegame short trappedPiece
nKfbm,2k1q3/pp3Q1p/1bp1r1p1/3p4/8/1P3PNP/P4PP1/3R2K1 w - - 1 25,f7h7 e6e1 d1e1 e8e1 g1h2 b6f2,1694,crushing endgame long
Hv3Gd,2r5/8/3K4/4R3/P1r1R1pk/8/8/8 w - - 1 48,e4c4 c8c4 a4a5 g4g3,1695,crushing endgame master rookEndgame short
rLBB1,6k1/p4ppp/2p2q2/8/1P1brN2/P5P1/2Q3KP/5R2 b - - 3 25,e4e3 f4d5 f6e6 d5e3,1696,advantage endgame short
COUJ8,5rk1/1p2ppb1/3p2p1/6r1/4PQ2/qB3R2/P1P2P2/3K3R b - - 5 25,a3c5 b3f7 f8f7 f4f7,1697,mate mateIn2 middlegame short
X2VJh,5r2/p3p1k1/3p1pp1/2pPq2P/3nP1Q1/r7/6P1/1B2RRK1 b - - 0 28,e5g5 g4g5 f6g5 h5h6 g7h6 f1f8,1700,advantage deflection long middlegame
hlDER,8/8/pKP3k1/8/PP3bp1/3p4/8/4B3 w - - 0 41,c6c7 f4c7 b6c7 g4g3 e1g3 d3d2,1701,advancedPawn bishopEndgame crushing endgame long sacrifice
xhytP,r1q2r1k/p4p1p/b1p1pPp1/4B3/6NQ/8/P5PP/5RK1 b - - 0 26,a6f1 h4h6 f8g8 h6g7 g8g7 f6g7 h8g8 g4h6,1701,advancedPawn mate mateIn4 middlegame sacrifice veryLong
CL4di,5r2/1br2pk1/p3pNpp/2p1P3/5P2/3R3Q/q1P3PP/5R1K b - - 1 25,a2c2 h3h6 g7h6 d3h3 h6g7 h3h7,1702,attraction hookMate long mate mateIn3 middlegame sacrifice
YIF5D,3Rr1k1/Q4p1p/6p1/8/8/1P4P1/P1q3rP/3R2K1 w - - 2 31,g1f1 c2e2,1702,endgame mate mateIn1 oneMove triangleMate
c3gvf,5k1r/4n3/2qpP2p/1p3R2/8/2PQ2P1/1P5P/6K1 b - - 0 29,e7f5 d3f5 f8e7 f5f7 e7d8 f7f6,1702,advantage endgame exposedKing long
OuZfA,2kr4/ppp2p2/2nr1n2/2N2q1p/2Pp1P2/P2R2P1/1PQ1B2P/5RK1 w - - 1 20,e2f3 f5c5 b2b4 c5f5,1703,advantage hangingPiece middlegame short
qzQBg,r6r/2pqkp2/2bpp1pp/p7/2QRP3/5N2/PP3PPP/2K1R3 b - - 0 18,h8b8 f3e5 c6b5 e5d7 b5c4 d7b8,1703,advantage long middlegame
9OriR,r4rk1/pQ1R2pp/1p3p1q/4b3/8/P1P5/1P6/1K1R4 b - - 0 26,f8b8 b7d5 g8h8 d7d8 b8d8 d5d8 a8d8 d1d8,1704,backRankMate mate mateIn4 middlegame sacrifice veryLong
h1hIY,6k1/R4pbp/5np1/8/3P4/1r2BP2/5P1P/6K1 b - - 0 24,f6d5 a7a8 g7f8 e3h6 b3b1 g1g2 d5f4 h6f4,1704,crushing endgame pin veryLong
9DOzL,8/p6Q/8/1pq2r2/4kB2/3p4/6PP/5K2 b - - 0 36,c5e3 h7f5 e4f5 f4e3,1706,advantage endgame short
WlUqs,1r4k1/1p1bqpbp/p4np1/4p3/2r1P3/PnNRN1PP/1B2QPB1/1R4K1 b - - 1 21,c4c8 c3d5 f6d5 e3d5 e7e8 d3b3,1707,crushing long master middlegame
BNCke,8/1p3pp1/2k4p/3p4/1P1P1P2/4K1PP/b7/5B2 w - - 3 40,f1d3 a2c4 d3f5 c6b5 f5c8 b7b6,1708,bishopEndgame crushing defensiveMove endgame long master
QK5ea,r5k1/5pbp/4p1p1/2Bp4/q1bP1P2/4P3/2NQ2PP/1R4K1 w - - 0 24,b1a1 a4a1 c2a1 a8a1 g1f2 a1a2 d2a2 c4a2,1708,crushing middlegame pin veryLong
J9hJf,4rrk1/1Qp2ppp/p7/8/8/8/PPP2PPq/3RRK2 w - - 0 18,e1e8 h2h1 f1e2 f8e8 e2d2 e8d8 d2c3 h1d1,1710,crushing deflection endgame intermezzo veryLong
MCPfx,8/1p5k/p5p1/2pPR3/2P5/1P3r1p/7P/6K1 b - - 1 40,f3b3 d5d6 b3d3 e5d5,1710,clearance crushing endgame master rookEndgame short
WANao,3r3k/6pp/2R2p2/1p5Q/3P4/4P2P/1q3PP1/6K1 w - - 0 36,c6d6 b2c1 g1h2 c1c7,1710,advantage endgame pin short
7yLYo,8/5n1r/1p3pk1/p1pP2p1/P3rPK1/1P2N1P1/8/3RR3 w - - 0 35,d5d6 f7e5,1711,endgame mate mateIn1 oneMove pin
WmRZX,r2qkbnr/1bp2pp1/ppn1p2p/8/2BP1B2/1QN1PP2/PP4PP/R3K1NR w KQkq - 2 10,e1c1 c6a5 b3a4 b7c6 a4c2 a5c4,1712,crushing defensiveMove long opening
iwgQD,3q1r1n/p2r2k1/2p2p2/8/2p3P1/2B4R/PPB3P1/5R1K b - - 1 32,d8b6 h3h7 g7g8 h7d7,1712,advantage middlegame short skewer
smhK4,8/8/2k5/P6K/1p4PP/8/8/8 w - - 0 49,a5a6 b4b3 h5h6 b3b2 a6a7 c6b7 g4g5 b2b1q,1712,advancedPawn crushing endgame pawnEndgame promotion veryLong
yKCG8,7r/1p1k1p2/p3pPp1/nb6/3P1PPK/N4q2/1B1Q2B1/1R6 w - - 3 31,h4g5 h8h5 g4h5 f3h5,1712,mate mateIn2 middlegame sacrifice short xRayAttack
OqPv7,r1bk3r/ppqn2pp/4R3/1B1p4/3Q4/8/PPP2PPP/R5K1 b - - 0 16,d7f6 e6f6 g7f6 d4f6 c7e7 f6h8,1713,crushing exposedKing fork long master middlegame
s9HHZ,2k3r1/1b1p4/p1nqp1r1/1p2P3/2pP1p2/P1P4P/1PB1QPP1/R3R1K1 w - - 0 22,e5d6 g6g2 g1h1 c6d4 c2e4 d4e2,1713,advantage kingsideAttack long middlegame
fSqfK,6k1/pp2bppp/3qp3/3r4/6Q1/2P1B2P/PP3PP1/4R1K1 w - - 2 23,g4f4 d5d1 e1d1 d6d1 g1h2 e7d6,1714,crushing endgame long pin
2Nfu9,4k3/1p4pp/p4p2/2Q2P2/1P2PK2/1P4P1/8/5q2 w - - 3 39,f4g4 h7h5 g4h5 f1h3 h5g6 h3h6,1715,attraction endgame long mate mateIn3 queenEndgame
UUmjz,4k3/6p1/3K4/3P4/8/8/8/8 b - - 2 58,g7g5 d6c7 g5g4 d5d6 e8f7 d6d7,1715,advancedPawn crushing endgame long pawnEndgame
oN1sX,2K2Q2/2N4p/p6n/5k2/8/3q4/P4P2/8 b - - 7 54,f5g5 c7e6 g5h5 e6f4 h5g4 f4d3,1716,crushing endgame fork long master
fAb5u,r1bq1rk1/pp3pb1/2np1np1/2p1p1Np/2B1P3/1P1P2Q1/PBP2PPP/RN3RK1 b - - 1 11,g7h6 g5f7 f8f7 g3g6,1717,capturingDefender crushing discoveredAttack fork middlegame pin short
2ZUai,r5k1/1pp2pp1/6qp/5n2/4RP2/1BPQ2PP/P4K2/8 b - - 2 33,f5d6 e4e8 a8e8 d3g6,1718,crushing discoveredAttack endgame pin short
7eRz6,2b1k2r/4n1pp/p2q4/1p6/3B4/P4Q2/1P3PPP/3R2K1 b - - 7 26,h8f8 f3f8 e8f8 d4g7 f8g7 d1d6,1718,advantage attraction discoveredAttack exposedKing long middlegame sacrifice
d1qly,1rbq1rk1/1p2bppp/p1np4/2pNp2n/2P1P3/P2P1NB1/1P2BPPP/R2Q1RK1 w - - 1 16,f3e5 h5g3 e5c6 g3e2,1718,crushing kingsideAttack opening short
W2T0F,5r1k/1p1Q3p/2p5/2P2pB1/1P1bq3/3p2P1/5P1P/3R2K1 w - - 2 30,d7d6 d4f2 g1f2 e4e2 f2g1 e2d1 g1g2 d1e2,1720,attraction crushing endgame fork sacrifice veryLong
54uVJ,8/1r5p/4bk2/p4p2/7P/2R3P1/P3BP2/5K2 w - - 1 41,e2c4 b7c7 c4e6 c7c3,1721,advantage endgame short
RXWMz,8/4k3/2p1P3/4pP2/1pP5/3K4/8/8 b - - 1 52,e7f6 c4c5 b4b3 d3c3 e5e4 c3b3,1721,crushing endgame long pawnEndgame quietMove
mPokL,2r1rbk1/2qn1pp1/p3p2p/1p3P2/1Pb5/P2B1NQP/1BP3P1/4RRK1 b - - 0 21,e6f5 g3c7 c8c7 e1e8,1721,crushing master masterVsMaster middlegame short
6igwF,6B1/8/p4Q2/1pP3N1/1P2PK2/3P4/P4r2/6qk w - - 2 44,g5f3 f2f3 f4f3 g1f1 f3g4 f1f6,1722,advantage attraction endgame long sacrifice skewer
QDBxy,2k4r/ppp1n1bp/4b1p1/1Pq1p3/P3B3/2B5/2P2PPP/RN1Q2K1 b - - 0 19,h8d8 e4b7 c8b7 d1d8 c5d5 d8d5,1722,crushing deflection long middlegame queensideAttack
WNXE0,1k2B3/1p4p1/p4b1p/2P5/1P3P2/3b1P1P/P3n1P1/3RB1K1 w - - 2 30,g1f2 f6d4 f2f1 e2g3,1722,discoveredCheck doubleCheck endgame mate mateIn2 short
hVdCE,8/p1p5/2pk4/7p/PP1P3r/2P3R1/6K1/8 w - - 3 41,g3g5 h4g4 g5g4 h5g4 c3c4 d6e6 g2f2 e6f5,1723,crushing defensiveMove endgame rookEndgame veryLong
msRo2,r1b3k1/p1pN2p1/2pq3p/3p1P2/3b1B2/2NP4/PPP1rPPP/4RRK1 w - - 0 15,f4d6 d4f2 f1f2 e2e1 f2f1 e1f1,1723,crushing deflection fork long middlegame
njfwV,8/p7/1b1R1R2/7p/5Pk1/6P1/r6P/7K w - - 1 48,f6g6 g4h3 d6b6 a2a1 b6b1 a1b1,1723,defensiveMove endgame long mate mateIn3 sacrifice
yVCT7,5Q2/8/7p/3pk3/8/4K3/1p6/8 b - - 0 59,b2b1q f8e7 e5f5 e7h7 f5f6 h7b1,1723,crushing endgame long queenEndgame skewer
a3888,8/6pk/2P4p/4R3/8/6P1/p5r1/K7 b - - 0 45,g2g3 e5c5 g3f3 c6c7,1724,advancedPawn crushing endgame quietMove rookEndgame short
LGRri,r2q1k1r/1b3ppp/2Bp1n2/p1nP2N1/1p3Q2/8/PP3PPP/3RR1K1 b - - 5 18,a8c8 e1e8 d8e8 c6e8,1726,advantage middlegame short
vrRnb,3r4/pb2Npkp/1p4p1/3PP3/8/8/PP4PP/4R1K1 b - - 0 34,b7d5 e1d1 d8e8 e7d5,1726,advantage endgame short
atEha,3r2n1/pbk2RQp/1p6/2n5/P7/1q6/6PP/2R4K b - - 0 21,c7b8 f7b7 c5b7 g7c7 b8a8 c7c8 d8c8 c1c8,1727,backRankMate clearance mate mateIn4 middlegame sacrifice veryLong
zjLFm,8/1p4p1/p1p5/P1PpN3/1q1Pk3/5Q1P/5PPK/1b6 b - - 14 46,e4d4 f3e3,1727,endgame master mate mateIn1 oneMove
FB7D5,6r1/p2k1r1p/2p1p3/2p2nB1/2PbQ3/3P4/PP5P/5R1K w - - 6 25,g5d2 f5g3 h2g3 f7f1 h1h2 f1f2 h2h3 f2d2,1728,crushing discoveredAttack fork middlegame veryLong
67Iu7,4rr1k/p5pp/1p6/4pbq1/4Q3/2P1P3/P1P2PPN/3R1RK1 w - - 3 24,h2f3 g5g2 g1g2 f5e4,1729,crushing kingsideAttack middlegame short
zWIFD,r2q2k1/p5b1/1pn1p2P/2pp1rP1/3Pn1Q1/2P1PN2/PP4P1/R3K2R b KQ - 0 18,f5g5 g4e6 g8h8 h6g7,1729,advancedPawn crushing doubleCheck fork master middlegame short
G7blm,5nk1/pp2r1pp/3q4/6P1/3p2B1/1P1Qp2P/P5P1/4R2K b - - 1 32,f8g6 d3c4 e7f7 g4e6,1732,advantage endgame pin short
otRXk,5rk1/6pp/8/3R4/2N5/P6P/6P1/4b2K w - - 0 32,d5e5 e1g3 h1g1 g3e5,1733,advantage endgame short
pThSR,r4rk1/pppb3n/2n4b/5p2/2B1p2N/6N1/PPP2PPP/R4RK1 b - - 1 19,g8g7 g3h5 g7h8 h4g6,1733,mate mateIn2 middlegame short
7ZXYs,6rr/p1q1kp2/1pp1pn2/7p/2P1N2Q/6P1/PP2PP2/2RR2K1 b - - 5 18,c7e5 e4f6 e5f6 d1d7 e7d7 h4f6,1735,crushing deflection long middlegame pin
b0Upc,3rk3/pR1b1ppp/2nQp3/4P3/5P2/4q3/P1P1B1PP/4KR2 w - - 4 22,f4f5 c6d4 d6d4 e3d4,1735,crushing middlegame short
EiExo,rb1qr1k1/1p4pp/p1n1pnp1/3p2B1/3P2B1/2N4P/PPP2PP1/R2QR1K1 b - - 1 15,d8c8 g5f6 g7f6 c3d5,1736,advantage opening short
iVLxL,r2q1rk1/pp1b2b1/2n1p1Q1/3p2N1/3P4/2P5/PP3PP1/RN2K2R b KQ - 2 15,f8f6 h1h8 g8h8 g6h7,1736,attraction kingsideAttack mate mateIn2 middlegame pin sacrifice short
lJilt,2R1brk1/5p1p/4p1p1/4P3/1p6/rN1R3P/5PP1/5K2 b - - 1 30,a3a1 b3a1 e8b5 c8f8 g8f8 f1e2,1739,advantage defensiveMove endgame hangingPiece long
hK8F3,rn1qk2r/ppp1ppb1/3p3p/3P2p1/2P1n3/6B1/PP4PP/RN1QKBNR w KQkq - 0 10,d1g4 e4g3 g4g3 g7b2,1740,advantage opening short
jymxi,2kr3r/Qpp1pp1p/6p1/7q/1P4n1/P1b2NPb/4RP1P/R1B3KB b - - 0 17,c3a1 a7a8 c8d7 e2d2 d7e6 d2d8,1740,advantage deflection long middlegame queensideAttack
qexoQ,r2q1rk1/bpp2pp1/p2p1n1B/4pN2/P1P1P3/5Q1P/1P2NPP1/n4RK1 b - - 0 17,g7h6 f3g3 f6g4 g3g4 d8g5 f5h6 g8h7 g4g5,1740,crushing kingsideAttack middlegame pin veryLong
ITkOI,8/4n3/K1p3p1/P5p1/5k2/1P3P1P/8/8 b - - 0 42,f4f3 a6b7 e7d5 a5a6,1741,advantage endgame knightEndgame short
mflv2,r2q1rk1/2n3b1/p2p2pp/1ppP1b2/2P1NB1P/3BP3/PPQ3P1/R3K2R w KQ - 0 19,e4d6 f5d3 c2d3 f8f4 e3f4 d8d6,1741,advantage capturingDefender discoveredAttack long middlegame
RYcfa,6k1/pNn4p/8/2P2p2/1P1R4/P2KR1P1/3r1r2/8 w - - 2 45,d3c3 c7b5 c3c4 b5d4,1743,advantage endgame fork short
NODyn,2krbr2/1pp5/p2p1p1p/3Pn1p1/qP2P1P1/3BR1NP/1KPQ4/3R4 b - - 5 30,e8b5 d1a1 b5d3 a1a4,1744,advantage middlegame short trappedPiece
ipX58,2R5/6kp/8/4P3/8/Pn1r1PR1/r7/4K3 b - - 4 40,g7h6 c8c6 h6h5 g3h3 h5g5 f3f4 g5f4 h3d3,1744,crushing discoveredAttack endgame exposedKing veryLong
yBqkf,r2qk2r/p2np1bp/6p1/3Q2P1/8/4B2P/PPP5/2KR3R b kq - 0 19,d7b6 d5c6 b6d7 d1d7 d8d7 c6a8,1744,crushing deflection long middlegame
TbBrW,2r2bk1/1q3pp1/7p/p2R4/PpP1r3/1P4P1/5QNP/2R3K1 w - - 0 28,c1f1 b7d5 c4d5 f8c5,1747,crushing master middlegame pin sacrifice short
E3Q54,rq2k1n1/p4pp1/1p2P3/2p1R1B1/8/6Pr/PP3P2/R2Q2K1 b q - 0 21,b8e5 d1d7 e8f8 d7f7,1748,master mate mateIn2 middlegame short
O9vt0,6k1/1bpBr1pp/p7/1p2n3/8/1P6/P5PP/4RRK1 w - - 2 26,f1f5 e5f3 g2f3 e7e1 g1f2 e1e7 d7b5 a6b5,1748,advantage discoveredAttack endgame trappedPiece veryLong
qaySb,2rr4/p3k2p/bp2p1p1/4qp2/2P1B2P/1P2Q1P1/P4PK1/2R1R3 w - - 0 27,e4d5 e5e3 e1e3 d8d5 c4d5 c8c1,1748,crushing long master masterVsMaster middlegame
GHZZq,r4rk1/p4b2/1pp1N1pQ/4b3/6B1/2q4P/6P1/R2R2K1 b - - 1 31,a8e8 e6g5 c3e3 g1h1 e3g5 h6g5,1749,advantage long middlegame
rxXt6,2r5/p3n1p1/1p1b2p1/4k1B1/3pB1P1/8/PP4KP/4R3 b - - 0 32,c8c7 e4f3,1749,discoveredAttack discoveredCheck endgame master mate mateIn1 oneMove pillsburysMate
LcA6Y,2k5/8/8/1P1pn3/P6K/5P1P/6r1/3R4 w - - 2 42,d1d5 e5g6 h4h5 g6f4 h5h6 f4d5,1750,crushing endgame fork long
SBUJk,r3k2r/1pq1npp1/p1n1p2p/4Pb2/2pP4/BQ3N2/P3BPPP/R4RK1 w kq - 0 14,e2c4 c6a5 b3a4 b7b5 c4b5 a6b5,1751,advantage defensiveMove fork long middlegame
VvtEc,r2qk2r/ppp1p1bp/2b3p1/n2N1p2/8/3BBQ1P/PPP1N1P1/2KR3R b kq - 0 13,c6d5 d3b5 c7c6 d1d5,1752,advantage discoveredAttack middlegame pin short
Y3KcJ,8/5pk1/8/5p2/1K4PP/8/8/8 w - - 0 54,g4g5 g7g6 b4c5 g6h5 g5g6 f7g6,1752,crushing endgame long master pawnEndgame
vghlp,4r2k/1PP4p/1P1p4/P1b2p2/R1B3p1/4r1P1/7P/5K2 w - - 0 36,c7c8q e3e1 f1g2 e1g1,1752,endgame mate mateIn2 operaMate short
BZoGY,5rk1/6bp/3q2p1/1p2p3/4Q3/2BPR1P1/6KP/8 b - - 3 36,b5b4 c3b4 d6d8 b4f8,1753,crushing endgame master short skewer
gIiOd,2rk1r2/4p3/p2p4/8/q5P1/2pQ1P2/P1P1B3/1K1R3R w - - 0 26,d3a6 a4b4 b1a1 b4b2,1753,mate mateIn2 middlegame short
M1MHA,2r5/pp1N2kp/2n1prp1/3p4/3P4/q1P5/P3QPPP/R1R3K1 b - - 2 20,c6d4 e2e5 a3e7 d7f6 d4f3 g2f3,1755,crushing long middlegame
yNVau,4r1k1/R4p1p/3q2p1/8/8/1PQ4P/1P3PPK/8 w - - 2 28,g2g3 d6b6 a7f7 g8f7,1755,crushing endgame short
udSdO,6k1/p1b2ppp/8/1bP1p3/2Q1N2q/5P2/Pr2R1PP/3R2K1 w - - 5 25,g2g3 b5c4 e2b2 h4e7,1756,crushing master masterVsMaster middlegame short
Nl9qk,6k1/p1p2r2/3p4/3Qb1pp/PPPp4/5PP1/3q2K1/4R2R w - - 2 36,g2f1 e5g3 e1e2 d2d1 f1g2 d1e2,1757,crushing deflection endgame exposedKing long
WKTWp,4r2k/pp5P/3b1p1B/3p4/2qPr3/P4R2/1P1Q4/1K5R b - - 2 31,e4e2 h6g7 h8g7 d2h6 g7h8 h6f6,1758,attraction deflection exposedKing long mate mateIn3 middlegame sacrifice
RAPZM,6k1/5r2/r6p/2p2N2/1pP1q1P1/1P5P/1R1Q3K/8 w - - 4 43,f5h6 a6h6 d2h6 e4e5,1760,crushing endgame sacrifice short
gNXZr,3r2k1/ppp3pp/3r2p1/4b3/8/PbPBP3/1P1RKPP1/RN6 w - - 7 18,a3a4 d6d3 d2d3 b3c4 b1d2 c4d3,1761,advantage attraction long middlegame pin sacrifice
pYWPv,r2qr1kb/4pp1p/p1np2p1/1ppN4/4PB2/P2PQ2P/1PP2PP1/R3R1K1 w - - 3 19,c2c3 e7e6 f4g5 f7f6 d5f6 h8f6,1761,advantage long middlegame
HTzu1,3r1k1r/2R2p2/1PQ4p/7q/2P1P3/6P1/5PK1/8 b - - 2 36,h5g5 b6b7 f8g7 c7c8,1762,advancedPawn advantage endgame short
tEf2K,6k1/bpp3pp/2nppr2/p3p1N1/P3Pr2/2PPN2P/1P3PP1/R4RK1 w - - 4 19,g2g3 f4f2 f1f2 a7e3,1762,advantage capturingDefender middlegame pin short
4WN0p,8/6pp/3bpk2/2p5/1pP1P3/1P2BKPP/8/8 b - - 4 36,h7h6 e4e5 d6e5 e3c5,1763,bishopEndgame crushing deflection endgame master short
TrLG0,rn2k1nr/ppp2pp1/3bpqbp/3p4/3P1NPP/2N2P2/PPP1P3/R1BQKB1R w KQkq - 4 8,f4g6 d6g3 e1d2 f6d4,1764,epauletteMate interference mate mateIn2 opening short
OjRY5,1n4r1/pkp2p2/3p4/1P1Pp2p/8/3P1Brq/5P2/R2Q1RK1 w - - 0 23,f2g3 h3g3 g1h1 g3h3,1765,mate mateIn2 middlegame short
TC3hl,r2q1rk1/p2n1ppp/2pb4/8/P3PRQ1/6P1/1B4BP/R6K b - - 2 20,f7f6 g4e6 g8h8 e6d6,1765,advantage fork middlegame short
iDHTx,3b4/3k4/2p5/p3p2p/P1K1P1p1/2B2P1P/5P2/8 w - - 0 55,h3g4 h5h4 c3e5 d8c7 e5c7 d7c7,1766,bishopEndgame crushing endgame long quietMove
23Xr9,8/1NP5/8/3p4/r2P1k2/5P2/5K2/8 b - - 0 45,a4c4 b7c5 c4c2 f2e1 f4e3 e1d1 c2d2 d1c1,1767,crushing defensiveMove endgame quietMove veryLong
HyFlU,r1b1r1k1/p1p1q1p1/2pp2Q1/4b3/4N3/P7/1PP3PP/R4R1K b - - 2 20,e8f8 e4g5 f8f1 a1f1 e7g5 g6g5,1767,advantage long middlegame quietMove
aRhV3,8/7R/2K1k3/1P3p2/3p1P2/1r4P1/7P/8 w - - 2 63,h7d7 b3c3 c6b6 e6d7,1767,crushing deflection endgame rookEndgame short
95qj4,6r1/p7/4k3/2Qpp3/2bP3b/5P2/PP2K3/R4N1r w - - 0 35,e2d2 g8g2 d2c3 e5d4 c5d4 h4f6,1769,crushing exposedKing long middlegame pin
GsNaO,8/8/4k1pp/1pP2p1P/1Pp1KPP1/8/8/8 w - - 0 44,e4d4 f5g4 h5g6 g4g3 g6g7 e6f7 c5c6 g3g2 g7g8q f7g8,1770,advancedPawn crushing endgame pawnEndgame veryLong
3Grl4,5r1k/B3q1bp/6p1/3B1p2/4p3/6QP/PP3PK1/R7 w - - 2 27,g3a3 e7a3 b2a3 g7a1,1773,crushing middlegame short
RduhV,rn1q1r2/pp3kpp/2p2n2/2b2Q2/8/2N4P/PPPPRPP1/R1B3K1 b - - 4 13,d8d6 c3e4 d6d5 f5d5 c6d5 e4c5,1774,advantage long middlegame
Pp2Zv,r3r1k1/ppp3p1/4qn2/5p2/2nRp2R/2P1P1QP/PPB5/5NK1 b - - 5 29,c7c5 d4c4 e6c4 c2b3 c4b3 a2b3,1777,advantage long middlegame pin sacrifice
9lCUq,r2qkb1r/pppb3p/2n1pp2/7Q/3P3N/2Nn4/PP3PPP/R1B1R1K1 b kq - 1 13,e8e7 h4f5,1778,mate mateIn1 oneMove opening pin
LkZhQ,r1b2rk1/5pp1/p2p1n2/1pnPpNqp/2p1P3/P1N1PB1P/1PP3P1/3RQRK1 b - - 1 18,g7g6 h3h4 g5f5 e4f5,1779,crushing middlegame short trappedPiece
Ysh2g,r1bq1rk1/5pbn/p1pp2pB/2p1pP2/4P2Q/2NP1N2/PPP3PP/R4RK1 w - - 1 13,f3g5 g7h6 h4h6 d8g5 h6g5 h7g5,1779,advantage long middlegame
GqhFz,2r1nrk1/3bq3/2nb1pPN/pp2pP1Q/2ppP2P/P2P1RN1/1PP3B1/R5K1 b - - 0 23,g8g7 h6f7 f8f7 h5h7 g7f8 h7h8,1780,clearance long master mate mateIn3 middlegame sacrifice
RtZ6o,8/2R3p1/4p1k1/1p1p2P1/1r3PKP/p7/8/8 b - - 0 43,a3a2 h4h5 g6h7 g5g6 h7h6 c7c8 b4f4 g4f4,1780,crushing endgame exposedKing quietMove rookEndgame veryLong
aBBil,2rq1rk1/p2b1pp1/1pn2n1p/2bpp3/2P2B2/1Q2PN2/PP1NBPPP/2RR2K1 w - - 0 14,c4d5 c6a5 b3d3 e5f4,1780,advantage middlegame short
Ip1MQ,2rk4/1R1n3q/2Q4p/p2pP3/1b1P4/2N5/P4PPP/1R4K1 w - - 1 20,c6d5 h7b1 c3b1 c8c1,1781,backRankMate mate mateIn2 middlegame sacrifice short
mReGD,rn2k2r/p4p1p/1pp2p2/q2p1b2/3P4/4PQ2/PR1N1PPP/4KB1R b Kkq - 1 14,a5a3 f3f5 a3b2 f5c8 e8e7 c8h8,1782,advantage long master middlegame sacrifice skewer
wqhTH,8/5ppp/8/3p1PPP/1k1P4/p7/2K5/8 b - - 0 39,b4a4 g5g6 a3a2 c2b2 h7g6 f5f6 g7f6 h5h6 a2a1q b2a1,1784,crushing endgame pawnEndgame veryLong
5UaGz,r1b2rk1/4q1pp/2p2n2/p2n1p2/N1N5/3P2P1/P3PPBP/R2QK2R w KQ - 0 17,a4b6 d5b6 c4b6 e7b4 d1d2 b4b6,1785,advantage fork long master middlegame
A5mIC,8/8/1B2p1k1/p2pP1P1/P6P/1Rpr4/5K2/8 w - - 0 48,f2e2 c3c2 b3d3 c2c1q,1785,advancedPawn advantage endgame promotion short
YPCVo,3r3k/1pp4p/4B3/6B1/P7/2b4P/1n4P1/5R1K b - - 0 36,d8d6 f1f8 h8g7 f8g8,1785,endgame mate mateIn2 operaMate pillsburysMate short
BSnbG,r4rk1/4p3/p2p2p1/3P4/1p2PnQ1/1Pp5/P1PqB2R/R4KN1 b - - 4 28,f4e2 g1f3 f8f3 g4f3,1786,advantage defensiveMove middlegame short
FKEjf,4rrk1/Rp3qpp/1Pb1pp2/2R5/3P3N/4Q2P/5PPK/8 b - - 2 34,e8a8 c5c6 a8a7 c6c7,1786,advantage middlegame sacrifice short
H82Ys,1R6/5ppk/8/p7/P4PP1/1P1p4/1r6/5K2 w - - 0 43,f4f5 b2b1 f1f2 d3d2,1786,advancedPawn crushing endgame master rookEndgame short
kLod5,1br3k1/pp1q2pQ/2n4R/3p4/3P2p1/P1Nr3P/1P3P2/R5K1 b - - 1 22,g8f8 h6f6 g7f6 h7d7,1786,advantage master middlegame short
y1Swk,2rq4/2p4k/p1Q1p2P/1p3pp1/8/2P2P2/PPB5/2K5 b - - 4 34,d8d5 c6d5 e6d5 c2f5 h7h6 f5c8,1786,capturingDefender crushing endgame exposedKing fork long
fLTJp,7k/pb4p1/1p6/5Q2/1n3P2/7P/PPrq2P1/R5RK w - - 0 23,a1d1 b7g2 h1h2 g2e4 d1d2 c2d2,1787,crushing discoveredAttack discoveredCheck long middlegame sacrifice
nl2Nz,r2r3k/pp4pp/2pNQ1bq/8/6P1/8/P6P/4RR1K b - - 2 23,d8d6 e6e8 a8e8 e1e8 g6e8 f1f8,1787,backRankMate long mate mateIn3 middlegame sacrifice
z4PLF,8/2k5/1r2R3/1p1PKp2/1P6/8/8/8 b - - 3 48,b6e6 d5e6 f5f4 e5f4 c7d6 f4f5 d6e7 f5e5,1787,crushing defensiveMove endgame veryLong
TJUKd,4r3/1b2k3/1p1q4/pPp2Rp1/P1P5/R2Br2P/2Q1N1P1/7K w - - 1 35,c2d2 e3h3 h1g1 d6h2 g1f2 h2g2,1788,advantage kingsideAttack long middlegame pin
pBcy8,8/8/4n3/p4N1p/Pkp2P1P/4K3/8/8 w - - 0 47,f5d4 e6d4 e3d4 c4c3 d4d3 b4b3 f4f5 c3c2 d3d2 b3b2,1789,advancedPawn crushing defensiveMove endgame knightEndgame veryLong
mRMSP,5k1r/3qpp2/3p4/3P4/1p1N3n/6QP/PP6/5RK1 b - - 3 38,h8g8 d4e6 d7e6 g3g8 f8g8 d5e6,1792,crushing endgame long master pin
rh3DB,r4rk1/2p2ppp/p2b1q2/3bp3/3B2Q1/5N2/PPP2PPP/3RR1K1 w - - 0 18,d4e5 d5f3 g4f3 d6e5,1792,advantage intermezzo middlegame short
077yn,5k2/5pp1/1R1bp2p/3p4/p2P4/2q1PNP1/4QPPK/2r5 b - - 1 40,c3c7 e2a6 d6g3 f2g3,1793,advantage endgame short
KUl2J,r2q1rk1/1ppb2p1/p3pP1p/3p2b1/6QP/1P1PP1R1/PB1P2P1/RN4K1 b - - 0 16,g5f6 g4g7 f6g7 g3g7,1793,advantage kingsideAttack middlegame sacrifice short
SXs8C,4r3/4k2p/p2b1p2/1q1Q1pr1/2nB4/6P1/6BP/R3R1K1 b - - 1 32,d6e5 d4c5 b5c5 d5c5,1795,crushing middlegame pin short
9mmvb,8/1p6/6p1/PpP1kP2/6pP/3KB3/7b/8 b - - 0 45,g6f5 c5c6 b7c6 a5a6,1796,bishopEndgame crushing endgame short
THRpl,5r2/8/3k2p1/1p1p1p2/1P1BpN2/2P5/7P/6K1 b - - 3 43,g6g5 d4c5 d6e5 f4g6 e5f6 g6f8,1797,crushing endgame fork long
XagZZ,5rk1/1bppbpp1/2n2n1p/4p3/2N1P3/1BPP1N2/5PPP/q1BQR1K1 b - - 0 15,a1c3 c1d2 c3d3 e1e3,1798,advantage master middlegame short
5pDuX,r1b1nrk1/2Bpqpb1/1Q2p1pp/1P6/p1N1P3/P1P2P2/1P4PP/2KR2NR w - - 3 18,c7e5 g7e5 c4e5 e7g5 d1d2 g5e5,1799,advantage fork long middlegame
XjCz8,6k1/p6p/4qrpQ/1p1pbP2/2pP1R2/2P4P/PP6/5RK1 b - - 0 30,e5f4 f5e6 f4h6 f1f6,1799,capturingDefender crushing discoveredAttack endgame short
IBKAD,r3r1k1/ppqb1ppp/2nbpn2/3pN3/3P4/2PB2B1/PP1NQPPP/R3K2R w KQ - 9 12,e5g4 f6g4 e2g4 e6e5,1800,crushing middlegame short
VnEBa,r3r1k1/p1p2p2/1p5p/4q1p1/4P3/8/P1Q1B3/1R3RK1 b - - 0 26,e5e4 c2e4 e8e4 e2f3 a8e8 f3e4,1800,advantage attraction long middlegame
9gWTq,r3r1k1/pppbqp2/3p2pp/3P4/2P2P2/1P2nN1P/PQ2R1B1/R6K b - - 0 23,e3c4 e2e7 c4b2 e7d7,1801,advantage master middlegame short
BSIwv,r5rk/pp3p2/2b5/2p1Pn1q/P2N2p1/2PPp2P/1P2Q1BK/5RR1 w - - 0 28,f1f5 g4g3 h2h1 h5h3,1801,deflection mate mateIn2 middlegame pin short
ADxk9,1r6/pb6/1p1k1q1p/2pPR3/3n1PQ1/1P6/P6K/4R3 b - - 4 40,b7d5 e5d5 d6d5 g4d7 f6d6 e1e5,1802,attraction epauletteMate long mate mateIn3 middlegame sacrifice
zjENQ,5qk1/1p3p1p/p4Q2/5p2/P4P2/5r2/2R4P/6K1 b - - 7 34,f3f4 f6g5 g8h8 g5f4,1802,crushing endgame fork short
VEaj1,3r2k1/p1q1r1p1/b1p1Pp1p/2Pp3P/3B1PQ1/2P5/P1R2K2/7R w - - 1 25,d4f6 d8f8 f6e7 f8f4 g4f4 c7f4,1803,crushing exposedKing fork long middlegame sacrifice
adCNW,4r1k1/4PRbp/3p4/1p4BK/8/1p4P1/4r3/5R2 b - - 0 37,b3b2 f7g7 g8g7 g5h6 g7h8 f1f8 e8f8 e7f8q,1804,advancedPawn attraction endgame mate mateIn4 promotion sacrifice veryLong
fWp21,6r1/8/1p6/p2p4/3Qbk2/2P1R3/PP4q1/4K3 b - - 3 55,g2h2 e3e4 d5e4 d4d6 f4f5 d6h2,1804,advantage endgame long sacrifice skewer
hlTuA,r3r1k1/5p2/5q1N/p2n3Q/Pp1bp3/2Pn3P/1P3PP1/R4RK1 b - - 1 25,g8h7 h6g4 h7g7 g4f6 d4f6 h5d5,1805,crushing discoveredAttack discoveredCheck long master middlegame
wO24B,8/5kp1/8/pppNp3/8/2P4P/5PPK/8 w - - 0 44,d5c7 b5b4 c3b4 c5b4,1805,advantage endgame knightEndgame master short
EtB6B,1Q3nk1/5p1p/p5p1/8/P7/q3PN2/5PPP/2rR2K1 w - - 3 30,b8d8 a3a1 g2g4 c1d1 d8d1 a1d1,1806,crushing endgame fork long
ubbSt,r6r/pp3kpp/2pnB3/3n4/8/P1P2P2/1PP4P/2KRR3 b - - 1 17,f7g6 e6d5 c6d5 e1e6 g6f7 e6d6,1807,advantage clearance exposedKing fork long middlegame
thcyb,7k/pp5p/2p3n1/3p1B2/3P4/1PP3Q1/P3q1KP/8 w - - 11 35,g3f2 g6h4 g2g3 e2f2 g3f2 h4f5,1808,crushing endgame long pin
p4gNC,r1b2Rk1/pp2p2p/4q1pb/8/2N3p1/2P1P3/PPN3PP/R2Q2K1 b - - 0 18,g8f8 d1d8 f8g7 a1f1 c8d7 d8a8,1809,clearance crushing long middlegame quietMove
vKF0B,2kr1bnr/pp3ppp/1qn1p1b1/1N1p4/3P1BP1/2PB1N1P/PP3P2/R2QK2R b KQ - 0 11,a7a6 f4c7 b6b5 d3b5,1809,advantage fork middlegame short trappedPiece
kukVv,1rr3k1/1p1n1pp1/p3qn1p/8/P3pQ2/6P1/PB3PBP/1R1R2K1 b - - 2 27,c8c4 b2f6 e6f6 d1d7 f6f4 g3f4,1810,capturingDefender crushing long master middlegame
EWoBc,r7/4npk1/bp1q2p1/pN1p4/7R/2NQP3/PP3PP1/1K6 b - - 2 22,e7f5 d3f5 g6f5 b5d6,1811,crushing middlegame short
pgrxE,8/p4k2/8/6KP/8/8/8/8 w - - 0 58,h5h6 a7a5 g5f4 a5a4 f4e3 a4a3 h6h7 f7g7 h7h8r g7h8,1811,crushing endgame pawnEndgame quietMove veryLong
POQ9K,6k1/5pp1/1n2p2p/1qN1P3/b2P4/N6P/1pr2PP1/1Q2R1K1 b - - 1 31,c2c1 a3b5 c1e1 b1e1,1812,crushing middlegame short
nRhmd,8/8/8/1p1k1pp1/pP2pP1p/P1K1P1P1/6P1/8 w - - 0 37,f4g5 h4g3 g5g6 d5e6 g6g7 e6f7 g7g8q f7g8,1812,crushing endgame pawnEndgame veryLong
VtRXW,r1b1k1nr/ppp1qpQp/3b4/8/2B5/8/PPP2PPP/RNB1K2R w KQkq - 1 10,c4e2 d6e5 g7g5 e7g5 c1g5 e5b2,1813,crushing long opening
giUqb,1r6/4RP2/3k1P2/6R1/8/2p5/K7/1r6 w - - 0 54,e7e8 b8b2 a2a3 b1a1,1813,endgame master mate mateIn2 rookEndgame short
5Mnum,rn1R4/5pbk/2p3pp/2P1B3/5QP1/Pp5P/1P2qPB1/1K6 w - - 3 28,e5g7 e2c2 b1a1 a8a3 b2a3 c2a2,1814,long mate mateIn3 middlegame queensideAttack sacrifice
jC8yW,3q3k/1Q6/4Bp1b/4pP1p/6pP/8/3r2P1/5R1K b - - 9 50,h6g7 b7f7 g7h6 f7h5,1814,crushing endgame master masterVsMaster pin short
HcKme,5r2/1p2q1pk/p5pp/4p1P1/1PPpPb1P/P2P4/B5Q1/5R1K b - - 0 28,h6g5 h4g5 f4g5 f1f8 e7f8 g2g5,1815,advantage endgame long
bk8JD,1R3bk1/pp1q1p1p/6p1/5b2/8/3nBN2/PP4PP/3R2K1 b - - 3 23,b7b6 e3h6 d7d6 b8f8 d6f8 h6f8,1815,advantage long middlegame pin
4HADA,8/1p6/2k3p1/2P2pP1/3K1P2/8/8/8 b - - 4 52,c6c7 d4e5 c7c6 e5f6 c6c5 f6g6,1816,crushing endgame long pawnEndgame
houHv,1r2r1k1/5p2/pN1pp1p1/P2Pn2p/4P2q/2Q2P2/4B3/R1R3K1 w - - 0 32,c3e3 h4g3 g1f1 e5g4 e3g1 g4h2 g1h2 g3h2,1816,crushing exposedKing kingsideAttack master middlegame veryLong
C9MXK,r3r1k1/p4p1p/3q1p1Q/2pP1R2/8/2N5/PP4P1/6K1 b - - 0 23,c5c4 f5g5 f6g5 h6d6,1818,advantage endgame short
ZZqSR,2k2r2/1p4r1/1Pp3P1/Q2pq2R/4p3/1KP5/P7/8 b - - 2 51,e5e6 a5a8 c8d7 a8b7 d7d6 b7g7,1819,crushing deflection endgame interference long skewer
GH6bG,1r1k4/8/1qp4B/p2p1r2/7P/PPbQ1N2/R5P1/5K2 b - - 1 29,b6b3 d3f5 b3b1 f5b1,1820,crushing hangingPiece master middlegame short
SvJm0,6k1/pp3p1p/8/2P5/1PR5/5KP1/P2r4/8 b - - 0 33,d2a2 b4b5 a2b2 c5c6 b7c6 b5c6,1820,crushing endgame long master masterVsMaster quietMove rookEndgame
G2T0s,1r3r1k/6p1/p5b1/1pNBp1qp/2p1P3/2P5/PP2QPK1/3R1R2 w - - 1 27,g2h1 f8f4 f2f3 f4h4,1822,crushing middlegame short
Q0Qxo,3R4/1k5P/6p1/p4p2/8/1P1pn3/2P3r1/4K3 w - - 0 41,h7h8q g2e2,1822,endgame master mate mateIn1 oneMove vukovicMate
zE3A1,8/p1k3p1/4KpP1/1PP4n/8/8/8/8 b - - 7 51,c7b7 e6d7 h5f4 c5c6 b7b6 c6c7 f4g6 c7c8q,1822,advancedPawn crushing endgame knightEndgame promotion veryLong
gWiZ8,8/1k2r1p1/R4p1p/5P2/2K3P1/7P/8/8 w - - 2 51,a6e6 e7e6 f5e6 b7c6 e6e7 c6d7 e7e8r d7e8,1823,crushing endgame rookEndgame veryLong
B6puC,2r2rk1/1p3ppp/pq2pb2/1b6/8/1B3NB1/PP3PPP/1R1QR1K1 w - - 2 20,g3h4 f8d8 h4f6 d8d1 b1d1 g7f6,1825,advantage long middlegame trappedPiece
GOpU5,r4r2/5pk1/p2q4/1p2p3/4B1b1/6P1/PPQ2P2/R4K1R b - - 2 30,f8h8 e4a8 h8h1 a8h1,1826,crushing middlegame short
hPDc0,5b2/2B2k2/2pn1pp1/1p5p/p1qP1Q2/P4N1P/1P2rPP1/3R2K1 b - - 7 36,e2e4 f3g5 f7g7 g5e4,1826,advantage master middlegame pin short
jd8Ei,4r2k/p4rpp/P1p3q1/1p2n3/4p2n/1Q2B1N1/1PR2PPP/3R2K1 b - - 1 29,e5d3 c2c6 g6c6 b3f7,1826,advantage deflection master masterVsMaster middlegame short
EfxPY,r1b2rk1/p4pp1/2pq1n1p/3pb3/7B/P1NB1Q1P/1PP2PP1/R3R1K1 b - - 1 15,a8b8 e1e5 d6e5 h4g3,1827,crushing middlegame sacrifice short
aJFlP,r3q1k1/2Q2pb1/2pN2p1/4p2p/r3P2P/1R2P1P1/1P6/1K3R2 b - - 0 31,e8e6 f1f7 a4a1 b1c2 e6b3 c2b3,1827,crushing long master middlegame
r08xF,1r2r1k1/5pbp/1q1p2p1/3P3n/PP6/3Q1N2/3B2PP/1R1R3K w - - 11 27,d2c3 e8e3 c3d4 e3d3 d4b6 d3d1 b1d1 b8b6,1827,advantage middlegame veryLong
9eQBp,k4r2/ppQnqr2/P3p3/3pP2P/3P4/5pP1/1P5N/2R1K3 b - - 0 30,d7c5 a6b7 c5b7 c7c8 f8c8 c1c8,1828,advancedPawn backRankMate long mate mateIn3 middlegame sacrifice
XVAyV,rnb3k1/ppq1n1pp/2pb1r2/3pN2Q/3P4/2NB4/PPP2PPP/R4RK1 b - - 1 11,f6h6 h5e8,1828,mate mateIn1 middlegame oneMove
OxIuS,7r/5pkp/p1qNp1p1/3nP3/p2P4/3Q4/2P2PPP/2R3K1 w - - 2 25,d3a3 d5f4 f2f3 f4e2,1829,crushing endgame short
aDgvW,rn2k2r/p4ppp/1ppb4/3p4/3P2nq/1QN1P2P/PP3PP1/R1B1KB1R w KQkq - 1 11,b3c2 g4f2 c2f2 d6g3,1830,advantage attackingF2F7 opening pin sacrifice short
3yDaM,r4rk1/ppp2ppp/2n5/2b1Pb2/2B3q1/2N1BN2/PPP1Q2P/R6K b - - 8 15,f5e4 c3e4 g4e4 e3c5 e4e2 c4e2,1832,advantage long master middlegame
IKAer,8/pp3k2/2p2pr1/3p4/1P3q1P/2PQ2p1/P2n1PK1/R6R w - - 0 30,f2g3 d2e4 h1h3 f4f2,1834,crushing endgame master pin short
mZapx,8/pp6/4k1p1/3p3N/3PpPpn/4P3/PP3K1P/8 w - - 0 28,h5g7 e6f7 f2g3 h4f3 g7e8 f7e8,1834,crushing defensiveMove endgame knightEndgame long master masterVsMaster trappedPiece
E1OfD,r4rk1/1pq5/3p1b1Q/p2Pn3/2P5/1P1B3P/P4PP1/R3R1K1 w - - 1 28,e1e3 e5d3 e3g3 f6g7,1835,advantage middlegame short
FsZMw,8/5k1p/1p1r1p2/3n2p1/8/PP3RPK/7P/4B3 w - - 2 38,e1f2 h7h5 h3g2 g5g4 f3f5 f7g6 f5d5 d6d5,1835,crushing endgame quietMove trappedPiece veryLong
KLpMf,8/2k5/3p4/2pPp2N/4P2P/5P2/4n1K1/8 w - - 1 56,g2h3 c5c4 h3g2 c4c3 g2f2 c3c2 f2e2 c2c1q,1836,advancedPawn crushing endgame knightEndgame promotion quietMove veryLong
34LRR,8/6P1/8/2k3P1/3bBP2/3K4/8/q7 w - - 0 61,g7g8q a1d1,1837,endgame master mate mateIn1 oneMove superGM
0vZVz,2kr3r/bp2qp2/p2p4/3PpP2/NP3nQ1/P6p/1BB2P1P/2R2RK1 w - - 1 28,g4f3 e7g5 f3g3 f4e2 g1h1 e2g3,1838,crushing fork long middlegame
DtF0X,8/1p6/2pp2N1/p7/3P1b2/1PP2k2/P4P1p/7K b - - 1 48,f3f2 g6f4 f2e3 f4e6 e3d3 c3c4,1838,advantage defensiveMove endgame hangingPiece long quietMove
HQlyw,2r5/8/4ppQ1/3b4/1B1Pp1kP/P3P3/2q2P2/1q3RK1 b - - 3 34,g4f3 g6h5,1838,mate mateIn1 middlegame oneMove
T6Zhd,2Q5/2p5/5r2/2p1pk2/7P/3q1P2/6K1/5R2 b - - 7 40,f5f4 c8g4 f4e3 g4g5 e3d4 g5f6,1838,crushing endgame fork long
O3vSa,3r1rk1/p1p1R1p1/3p2Bp/3Pn3/2P2qbN/3Q4/P4PPP/4R1K1 w - - 5 24,e1e5 f4f2 g1h1 f2f1 d3f1 f8f1,1840,backRankMate fork long mate mateIn3 middlegame
VOvVs,r2q2kn/p4r1p/2Q3pP/8/3R4/P4P2/1PP2P2/2K4R b - - 0 22,d8g5 f3f4 f7f4 c6a8 f4f8 f2f4,1841,advantage defensiveMove long middlegame
fkqXj,3rn3/ppp3kp/6p1/2N1n3/8/3P4/PP1K4/5R2 b - - 9 27,b7b6 c5e6 g7h8 f1f8,1841,endgame fork mate mateIn2 short
vqVCB,5r2/p7/5kp1/3pR2p/3P1K2/1P6/P7/8 w - - 0 37,e5d5 f6e6 f4e4 f8f4 e4f4 e6d5,1841,crushing deflection discoveredAttack discoveredCheck endgame long rookEndgame
7ZDNP,8/7k/p1p3p1/3bQ2p/2p5/2P1KqP1/P4P1P/R7 w - - 3 32,e3d4 f3f2 e5e3 c6c5 d4d5 f2e3,1842,crushing deflection endgame long
jomIl,2r3k1/3npR1p/3pp3/4q1Pp/1p2P2P/pP2Q3/P7/1K1N1R2 w - - 2 32,e3e2 e5a1 b1a1 c8c1,1842,attraction mate mateIn2 middlegame queensideAttack sacrifice short
EJsj3,7r/pp1R4/5qp1/3Q4/2p2b2/2P2Pk1/PP4P1/4R1K1 w - - 5 42,d5d4 h8h1 g1h1 f6h4 h1g1 h4h2 g1f1 h2g2,1843,attraction endgame mate mateIn4 sacrifice veryLong
JTS0v,2kr3r/1ppqnp2/p2p4/3Pb1Qp/P3P3/2N2B1P/1P3PP1/R4RK1 w - - 1 18,f3h5 d8g8 h5g4 g8g5 g4d7 c8d7,1843,advantage long middlegame
RzbEh,2r5/q2bp1kp/p2p1pp1/3P4/1Q2PP2/6PP/P2n2BK/2R5 w - - 0 28,c1c8 a7f2 b4d2 f2d2,1844,crushing endgame master short
8TDHS,5r1k/2r1qp1p/4BRp1/pp2P3/3Pb1PP/8/PP3Q1K/5R2 w - - 1 27,f6f7 f8f7 e6f7 c7c2 h2g3 c2f2,1845,advantage long middlegame pin
HF8rk,r1br4/pp1nk1pp/2p2p2/2b1p3/4P3/4BP1B/PPP2KPP/3R2NR b - - 5 15,a7a5 d1d7 c8d7 e3c5,1846,advantage master middlegame short
XILvQ,7r/r1q2pk1/1p2p1p1/3pb1NP/6p1/2P3P1/1PQ1KP2/3R3R b - - 2 26,e5f6 g5e6 f7e6 c2g6 g7f8 g6f6,1846,crushing deflection long master masterVsMaster middlegame
L31GA,2q2rk1/pp5b/5p2/3N2pr/7P/2P1R1Q1/PP3P1K/4R3 b - - 3 33,h5h4 g3h4 g5h4 d5e7,1848,advantage middlegame sacrifice short
MS8Dw,r2q1rk1/5ppp/pnp5/3p1N2/5B2/1P4QP/P4PP1/R5K1 b - - 0 23,d8f6 f4e5 f6g6 f5e7 g8h8 e7g6,1848,crushing fork long middlegame
ijlC7,r4r2/p1pk2p1/1p1bb2p/1N1np3/4B3/4B3/PPP2PPP/3R1RK1 b - - 3 16,c7c6 b5d6 d5e3 f2e3 f8f1 g1f1,1848,crushing long middlegame
dEelQ,r1kr4/ppp5/1b6/6Q1/1q1nR3/1P3N2/P4PPP/RN4K1 w - - 3 22,b1d2 d4f3 g2f3 b4d2 g5d2 d8d2 e4e8 d2d8,1849,advantage middlegame veryLong
7qNBF,6k1/p4p1p/2p3p1/8/4P1R1/2Q2P2/PPP2PKP/2qr4 w - - 12 29,c3c6 d1g1 g2h3 c1f1 h3h4 f1f2,1850,crushing endgame long
ZXOYK,r1b5/pp3q1k/2n5/5p1p/2pP3P/P1P1P1Q1/2B1KP2/6R1 b - - 2 25,c8e6 d4d5 c6e7 d5e6,1851,advantage middlegame short
P1aYu,8/6pk/p6p/1p2Q3/4bN2/7P/q5PK/8 b - - 1 36,a2c4 f4e6 c4e6 e5e6,1852,advantage endgame short
jXy08,k2r3r/pp2Rp1p/1b1q1Q2/3P4/b5PP/2P2B1N/P2R1P2/1K6 w - - 5 27,f6f7 h8f8 f7g7 f8f3,1855,crushing middlegame short skewer
BwggS,r4rk1/2p2pp1/p1Pp3p/Pp1P4/1P3b2/4RB1q/3B1P2/2RQ3K w - - 6 27,h1g1 f4h2 g1h1 h2g3 h1g1 h3h2 g1f1 h2f2,1856,discoveredAttack discoveredCheck kingsideAttack mate mateIn4 middlegame veryLong
ZcRzU,1r4k1/5p1p/p2p2p1/2pP1bqP/2Pp1R2/P2P2P1/3Q1PBK/8 w - - 0 34,h5g6 g5h6 h2g1 b8b1,1856,crushing endgame short
MTXYk,2r5/3R4/p4kpp/1p6/1BP3PP/P7/1PPK1Pb1/4r3 b - - 1 27,e1e6 b4c3 e6e5 d7d6 f6e7 c3e5,1857,advantage endgame long pin
GhvLN,k7/np2P2p/1P1p2pb/8/8/5N2/3p1PPP/2rR1K2 b - - 0 34,c1d1 f1e2 a7c8 e7e8q,1858,advancedPawn advantage endgame pin promotion short
nBtGz,5rk1/1Q2ppbp/p4np1/1pp1B3/8/1P2N3/q1P2PPP/3R2K1 b - - 1 19,c5c4 d1a1 c4b3 a1a2,1861,advantage middlegame short trappedPiece
nFbjS,3R4/2p4p/5p2/7Q/3P2P1/4P1K1/4kP1P/6q1 w - - 11 42,g3f4 g1f2 f4e4 f2f3,1861,endgame mate mateIn2 short
vohRV,rn1q1rk1/ppp4p/3p2p1/3P4/2P2B2/6P1/P2N2KP/Q4R2 b - - 0 16,d8f6 f4h6 f6f1 d2f1,1861,advantage middlegame short
xqmOR,7r/pR6/6k1/3p1q2/3b4/6P1/P4P1K/2Q2R2 w - - 1 29,h2g2 f5e4 f2f3 e4e2 f1f2 e2f2,1861,endgame long mate mateIn3
poFBT,1r1b4/7p/p2k2p1/5p2/1N2pP2/P5P1/1PR1K2P/8 b - - 8 41,a6a5 c2d2 d6e6 b4c6 b8c8 c6d8,1862,crushing endgame long master
4E3m6,2r2r1k/p4pp1/1p2pb2/8/1q2N3/5Q2/PP3PPP/R3R1K1 b - - 3 20,f6b2 f3h5 h8g8 e4g5,1866,crushing middlegame short
GLy2X,4r3/pp1R2k1/4r3/4b1p1/4q3/2P4Q/PP3PP1/K6R b - - 1 30,e8e7 h3e6 e7d7 e6d7,1867,crushing middlegame pin short
OwLny,r1q3rk/1pp1n3/p2p1b1p/3Pp3/1PP2p2/P4N1b/1BB2PP1/1R1Q2RK b - - 1 24,c8g4 g2h3 g4h3 f3h2 g8g1 d1g1 a8g8 g1f1,1867,advantage middlegame veryLong
RnUW1,3r4/2N2pkp/Pp4p1/8/1P1pb3/8/1r4PP/R5RK b - - 2 31,d8d7 c7e8 g7h6 e8f6 d7a7 f6e4,1867,advantage endgame fork long
5MDvy,1b3r1k/p5p1/7p/1PP1pr2/3pN1q1/PQ1P2P1/5P2/R3R1K1 w - - 2 26,b3d1 g4h3 d1e2 f5h5 e2h5 h3h5,1869,advantage long middlegame quietMove
IQzED,4r1k1/6bp/p1p3q1/1p3r2/7Q/3BBP2/5KP1/7R b - - 1 25,g6e6 h4h7 g8f8 h7f5 e6f5 d3f5,1869,advantage long middlegame
S1bW5,8/8/P1p5/2P2b2/P2p1p2/5k1p/1R3P1K/3Nr3 b - - 0 44,f3g4 a6a7 f5e4 f2f3,1870,advancedPawn crushing endgame short
vzmne,1r3rk1/2p2pp1/3p1q1p/3Ppb2/1p2n3/5N1P/PP2BPP1/R1Q2RK1 b - - 3 21,f6g6 f3h4 g6f6 h4f5 f6f5 e2d3 f5g6 f2f3,1870,advantage middlegame veryLong
A76Vy,r4rk1/pp2b2p/b3p3/3pN2Q/Pn1qP3/8/1P4PP/RBB1R1K1 w - - 0 21,c1e3 d4e3 e1e3 f8f1,1871,kingsideAttack mate mateIn2 middlegame operaMate sacrifice short
TYNDr,k6r/p4p1r/4P1p1/3q4/2P1p2P/3n2Q1/P7/1K1R3R b - - 0 30,h8b8 g3b8 a8b8 c4d5,1871,advantage middlegame short
VNrQn,R7/5K2/8/4kp2/P7/r7/8/8 w - - 0 67,a8a5 e5e4 f7f6 f5f4,1871,crushing defensiveMove endgame rookEndgame short
2u0hJ,5r2/p3Q2k/1p4p1/n7/3P4/P4q2/1P4RP/4b2K b - - 3 29,h7h6 e7g5 h6h7 g5g6 h7h8 g6h6,1873,endgame long mate mateIn3
QNyR3,r1b2rk1/p2p1p2/2p1p2Q/8/5Pq1/8/P1P3PP/R4RK1 b - - 0 16,f7f5 f1f3 g8f7 f3g3 g4e2 g3g7,1873,advantage long middlegame quietMove
d1vog,3k4/3p4/5R2/1b6/1B1P1P2/1P2p1r1/4K1p1/6R1 w - - 4 52,e2e1 g3f3 e1d1 f3f1,1873,advantage endgame master short
3VRL7,8/p7/1pq4k/2p1P1pp/3p3P/1P1P2P1/P1P1Q1K1/8 w - - 1 34,e2e4 c6e4 d3e4 g5g4,1874,crushing defensiveMove endgame queenEndgame short
iC69w,2rq1rk1/1p3pp1/p3b2p/3np3/3nB3/P3PN1P/1PQ2PP1/RNB2RK1 w - - 3 15,c2d1 c8c1 e3d4 c1d1,1874,advantage opening short
igBtE,2r1r1k1/p1b2p2/5qpp/1p2N3/3P2bP/5NP1/PP2QP2/R3R1K1 w - - 8 27,e2e3 g4f3 e3f3 c7e5 f3f6 e5f6,1874,crushing long middlegame
PL7Db,1q3rk1/p1r2ppp/4pb2/2n1N3/1PN5/6P1/1R3PKP/R2Q4 b - - 0 24,f8d8 b4c5 b8a8 d1f3,1877,advantage master middlegame short
s219o,1r3rk1/pb3p1p/6p1/2p3q1/8/3B1Q2/P1P1KPPP/1R2R3 w - - 0 19,b1b7 f8e8 e2f1 e8e1 f1e1 g5c1 e1e2 b8e8,1877,attraction crushing middlegame veryLong
GU4NM,r1r3k1/pp1nRpp1/2p1b2p/3p4/2PP4/3B3P/PP1N1PP1/4R1K1 b - - 2 17,g8f8 e1e6 f7e6 e7d7,1878,advantage capturingDefender middlegame short
gygo5,r3k1nr/p3q2p/2pp1p2/2p1b1p1/4P2B/2NP1Q1P/PPP3P1/R4RK1 w kq - 0 14,h4g5 f6g5 f3h5 e8d8,1878,advantage defensiveMove hangingPiece master middlegame short
OtHEi,1q3rk1/p5b1/1p6/7r/2Np2Q1/1B1P3n/PP3PpP/3RR1K1 w - - 8 37,g1g2 f8f2 g2h1 b8h2,1879,mate mateIn2 middlegame short
fjHX1,4r1k1/2p4p/pp4p1/3q4/P2BrQ2/1P6/2P3PP/R1R3K1 w - - 0 28,f4c7 d5d4 g1h1 d4a1 c7c4 e4c4,1879,crushing hangingPiece long middlegame
IcgoB,r4rk1/3q1ppp/p2b4/4p2n/2PpQ3/1P3P2/P2B2PP/1N1R1R1K b - - 2 24,f7f5 e4d5 g8h8 c4c5,1880,advantage middlegame short
V31ys,4kb1r/4pppp/p1r5/1ppnN1qP/6P1/1P1PPQ2/PB6/R3K1R1 b Qk - 1 19,c6e6 f3f7 e8d8 f7e6 g5e3 e1f1,1881,advantage attackingF2F7 fork long middlegame
aDiKl,8/1p6/2b5/6K1/7P/2P2Pk1/1P1R2P1/6r1 b - - 0 43,g1g2 d2g2 g3g2 f3f4,1882,crushing defensiveMove endgame short
fVrC3,r3r2k/pbBp1R1p/1p6/8/4P3/6RP/P1n2PP1/6K1 b - - 4 27,b7e4 f7f8 e8f8 c7e5 f8f6 e5f6,1885,long mate mateIn3 middlegame morphysMate sacrifice
0STTy,rn1qkb1r/1p3ppp/p3b3/3np3/P1B5/1N3P2/1PP3PP/RNBQK2R w KQkq - 2 10,b1c3 d8h4 g2g3 h4c4,1886,crushing fork opening short
viw8c,3r2k1/pp6/4Rp2/8/2PP1qPp/7Q/P4PPK/8 w - - 3 33,g2g3 f4f2 h3g2 h4g3 h2h3 g8f7,1886,crushing endgame long pin
NtyyK,7N/pp2r1p1/2pQ1k1p/3n4/3P4/7P/5PPK/2q5 b - - 15 35,f6f5 d6g6 f5f4 g6g4,1890,endgame mate mateIn2 short
YG8pZ,r1b1R3/pp3rkp/2pB1np1/2P2p2/2BP4/5N2/PP4PP/7K w - - 3 25,c4f7 f6e8 f7e8 c8e6 e8c6 b7c6,1890,advantage long middlegame trappedPiece
UuwjS,3r2k1/5p2/3Q2pP/q3pP2/1p5P/1P3P2/PK6/2R5 w - - 1 32,d6f6 d8d2 c1c2 a5a3 b2a1 d2d1 c2c1 a3c1,1891,endgame mate mateIn4 veryLong
XboUq,2k1r3/1pp3p1/2nq2bp/p7/P1Bp1n2/3P1NN1/1P1Q1PPP/R5K1 b - - 1 21,c6e5 d2f4 e5c4 f4g4,1891,advantage middlegame short
kqvKQ,2r5/q5pk/b3p2p/p1b1N3/Pp2p3/4PN2/1P3PPP/2RQ2K1 w - - 0 28,f3d4 c5d4 c1c8 d4e5,1891,advantage middlegame short
AEWdK,8/6p1/4k2p/3p4/2PPp3/4K1PP/8/8 w - - 0 47,c4d5 e6d5 h3h4 h6h5 g3g4 h5g4,1893,crushing endgame long pawnEndgame quietMove
TFBg4,6k1/p5r1/bp6/2np4/4n1pq/2P1RP2/PP2Q1PN/1B2R1K1 w - - 1 30,e2d1 h4f2 g1h1 e4g3,1893,kingsideAttack mate mateIn2 middlegame short
lUlbH,rn1qr1k1/5pPp/2p2b2/pp1p1P2/4N3/3BQ3/PPP2P2/R3K2R b KQ - 2 19,d5e4 e3h6 e4d3 e1f1 f6h4 h1h4 d8h4 h6h4,1893,advantage defensiveMove middlegame sacrifice veryLong
Jpw9f,1R6/1R6/6P1/2p5/2k5/1b3PK1/p7/1r6 w - - 0 58,b7a7 a2a1q a7a1 b1a1,1894,advancedPawn crushing endgame promotion short
ZcggE,r4Bk1/1p1n1pp1/2p1bn1p/pP2pN2/P3P1P1/2q4P/4QPB1/R4K1R w - - 1 21,a1a3 c3c1 e2e1 e6c4 f1g1 c1e1,1894,advantage deflection long middlegame
bx0NL,8/1p2p3/3p2k1/3P1pP1/1P1K1P2/3B2n1/8/8 w - - 1 37,d4c4 g3h5 d3b1 h5f4,1894,advantage endgame master short
USzyP,r3qrk1/p5b1/1p1p1n2/2pPpb2/2P3p1/2N2PB1/PP2B1P1/R2Q1RK1 b - - 0 23,e8h5 f3g4 f5g4 f1f6 f8f6 e2g4,1895,crushing discoveredAttack fork long middlegame
OkuV0,8/8/1kp5/1p1p1p2/p2P1P2/P1P4K/1P6/8 b - - 0 48,c6c5 h3h4 c5d4 c3d4 b5b4 h4g5 b6b5 g5f5,1896,advantage endgame pawnEndgame veryLong
lfDnO,8/6PR/2p1k3/p3P1K1/8/8/8/r7 b - - 0 56,e6e5 h7h4 a1g1 h4g4 g1g4 g5g4,1896,crushing defensiveMove endgame long quietMove rookEndgame
DvyNL,8/pp1R1rbk/6p1/5p1r/2P3q1/1P2P1P1/PB3PQ1/3R2K1 w - - 3 28,g2b7 g4d1 d7d1 f7b7,1897,advantage master middlegame short
aCOHi,2r2k2/pp1r3p/q5pN/4B3/3PN1P1/1P4PK/P4R1P/8 b - - 0 39,f8e7 f2f7 e7e8 e4f6 a6f6 f7f6,1897,advantage exposedKing fork long middlegame
gNl5j,8/1p1k2p1/p5p1/5p2/2P1pPPP/1P2K3/P7/8 w - - 0 44,h4h5 f5g4 e3e4 g6h5,1897,capturingDefender crushing endgame pawnEndgame short
QY2SW,rnb2rk1/1p2qpp1/p2pp2p/8/3N4/2PB4/P1P1QPPP/R3R1K1 b - - 1 13,c8d7 e2e4 g7g6 e4b7 b8c6 d4c6,1898,crushing long middlegame
oBNIB,5rk1/4Rpbp/pp4p1/5b2/P1B5/1P2Q2P/5PP1/3qN1K1 b - - 0 27,g7f6 e7f7 f8f7 e3e8 g8g7 e8f7,1898,advantage attraction kingsideAttack long middlegame pin sacrifice
UzOFw,4r3/2pr1ppp/2pk1n2/2Q1p3/8/5NP1/PP2PP1P/2R1KB1q b - - 3 20,d6e6 c5e5,1899,master mate mateIn1 middlegame oneMove
jzZX9,8/8/1N1n4/1P6/P1pK1pk1/8/8/8 w - - 0 53,b6c4 d6c4 d4c4 f4f3 c4d3 g4g3 b5b6 f3f2 d3e2 g3g2,1900,advancedPawn crushing defensiveMove endgame knightEndgame veryLong
CcoHk,r3Rrk1/pp4pp/2n4N/3B4/5p2/3P4/P1qb2PP/4BK1R b - - 5 23,g8h8 h6f7 h8g8 f7d8 g8h8 e8f8,1901,backRankMate deflection discoveredAttack discoveredCheck long mate mateIn3 middlegame
l9ehE,1kr5/pp5R/4pp2/3p4/1q1PnNP1/5N2/PPQ3P1/1K6 w - - 1 26,c2b3 b4e1 f3e1 e4d2 b1a1 c8c1,1901,backRankMate fork long mate mateIn3 middlegame sacrifice
o4nyD,3R4/p1Q2rp1/1p3k2/5q2/4r3/1P5P/P5P1/4R1K1 w - - 1 32,e1f1 f5f1 g1f1 f7c7,1902,crushing endgame short
12xz6,8/6k1/3r1p2/q6p/3pP2P/1PpQ2p1/2P5/1K4R1 b - - 3 50,a5a3 d3g3 g7f7 g3g8 f7e7 g1g7,1903,endgame long mate mateIn3
1sxpa,1k1r1b1r/pp1n2pp/3PB3/4p3/P7/5Q2/3q1PPP/1R3RK1 b - - 1 20,d7c5 b1b7 c5b7 f1b1,1903,clearance crushing middlegame pin sacrifice short
GDLAK,6k1/p4pp1/b4b1p/Q1B5/P1q5/5P1P/6P1/4R1K1 w - - 5 36,a5b4 f6d4 g1h1 c4c5 b4c5 d4c5,1903,advantage endgame long
V8ET0,r4r1k/pp3p1p/1qp2R2/4Q3/2B1P1b1/2N1n3/PP4PP/3R3K b - - 0 17,a8e8 f6e6 f7f6 e6e8 f6e5 e8f8,1903,advantage discoveredAttack discoveredCheck kingsideAttack long middlegame
q8GnB,3k4/3P4/2B3p1/K4p2/P4P2/6np/1P6/8 w - - 0 40,a5b6 g3e4 a4a5 h3h2 a5a6 h2h1q a6a7 h1g1,1903,advancedPawn crushing endgame master promotion quietMove veryLong
MLOm3,7Q/3k1p2/p2Pq3/5p2/1Pp1r3/P1P5/1K6/3R4 w - - 4 48,h8b8 e4e2 b2a1 e2a2 a1b1 e6e4,1904,crushing endgame long master
uLBB4,6R1/4k3/1p5r/p2Bp1p1/5bP1/1P1K1P1P/8/8 w - - 13 49,g8b8 e5e4 d5e4 f4b8,1904,crushing discoveredAttack endgame master short
9Xhl0,4r3/p1p1rkp1/1p3p2/8/3Pb2Q/2P5/PP1B1PPP/4R1K1 w - - 0 25,g1f1 e4d3 e1e2 e7e2,1905,crushing endgame short
UFP62,2k2r2/1q1n4/7p/2b1P3/Q7/2P2rP1/5P1P/R1B2RK1 w - - 1 25,c1f4 f3f4 a4a8 b7a8,1905,advantage master middlegame short
Bb4s6,2r3k1/p4p1p/Q3p1p1/4P3/4rP2/3K2P1/R1P2R1P/7q b - - 8 30,h1e1 a6c8 g8g7 c8c5,1906,crushing endgame hangingPiece short
OWeMR,r3r3/pbpq2bk/1p1p2p1/4p1Qp/3P2P1/2PB3K/PP5N/R4R2 b - - 0 27,d7e6 g5h5 g7h6 d3g6 e6g6 f1f7 g6f7 h5f7,1906,advantage fork middlegame pin veryLong xRayAttack
qqVf4,8/p6p/4k3/2prrpq1/Kp3R2/1Pp5/P3QR1P/8 b - - 3 32,g5f4 e2a6 d5d6 a6c8 e6f6 f2f4,1906,advantage endgame long master
t0FX9,r4rk1/pp4bp/1q1pN1p1/2pP4/bnP3P1/2N1Q2P/PP4B1/2K2R1R w - - 5 19,e6f8 b4a2 c1b1 a2c3 e3c3 g7c3,1906,crushing long middlegame pin queensideAttack
60JpP,8/1R6/p1p2k2/3p3P/1P3pK1/1r3P2/8/8 b - - 0 51,a6a5 h5h6 b3b4 h6h7 b4b7 h7h8q,1907,advancedPawn advantage endgame long promotion rookEndgame
q0uhg,r2q3r/ppp2kpp/1bn1Rp2/6B1/3P4/2P2N2/P1P2PPP/R2Q2K1 w - - 1 13,d1d3 f7e6 a1e1 e6f7 d3c4 f7f8,1907,advantage defensiveMove hangingPiece long middlegame
uXBz9,r1bqk2N/ppp1b2p/8/8/2pnp1n1/6QP/PPPP1PP1/RNB2RK1 w q - 1 12,b1c3 e7d6 f2f4 e4f3,1907,advantage enPassant opening short
gWbVk,4r1k1/2pq1p2/p2P1n1p/1p4p1/5B2/1BPQ1P2/PP2r2P/5RK1 b - - 0 22,d7h3 d3g6 g8h8 g6f6 h8h7 f6f7,1908,crushing kingsideAttack long master masterVsMaster middlegame pin
fCIzi,2Rr2k1/p2Q1ppp/1p2p3/8/5P2/P5P1/1q1KNb1P/7R w - - 0 22,d2d3 b2b5 d3c2 b5d7 c8d8 d7d8,1911,crushing long middlegame pin
rAXZA,r5k1/6pp/1p1q1p2/rb1Rp3/P7/1QP1P2P/1P3PP1/R5K1 b - - 0 26,b5a4 a1a4 d6d5 b3d5 a5d5 a4a8,1913,advantage long master masterVsMaster middlegame
s9A0q,8/6kp/6p1/3R4/1p1Nn3/1P6/P2r1PPP/5K2 w - - 7 34,f2f3 d2d1 f1e2 e4c3 e2e3 c3d5,1913,crushing endgame fork long
Z0re2,6k1/7p/R1pB4/2Pp2p1/6P1/1r2p1P1/8/6K1 w - - 0 33,a6c6 b3b1 g1h2 e3e2 c6c8 g8f7,1914,advancedPawn crushing endgame long
sFsmT,5r1k/7p/8/6R1/1p4P1/1P2R2P/7r/4K3 w - - 1 45,g5f5 f8a8 e1f1 a8a1 e3e1 h2h1,1915,crushing endgame exposedKing long quietMove rookEndgame
x9e77,4r1k1/1pp3p1/1pnqpn1p/8/3p4/2B2N1P/PPP2PP1/R2Q2K1 w - - 0 19,f3d4 e8d8 d1e2 c6d4 c3d4 d6d4,1915,advantage long middlegame quietMove
N7BL9,1rb2rk1/pB3ppp/4p3/2P5/2Pq4/1Q6/P4PPP/R4RK1 w - - 1 17,a1d1 d4c5 b7c8 b8b3,1916,advantage middlegame short
aCO3q,8/8/2p2k1B/p1p1pP2/PpP1P1p1/1P4P1/1b6/5K2 b - - 2 46,b2d4 h6f8 f6f7 f8d6,1916,bishopEndgame crushing endgame master short
dT2Bp,8/1R3B1p/7k/5Kp1/5p2/7r/8/4n3 b - - 1 60,f4f3 f7g8 f3f2 b7h7,1916,discoveredAttack endgame mate mateIn2 operaMate short
ChoAr,8/1p2r3/6k1/6p1/3P1pNp/2P3nP/Pr4PK/2RR4 w - - 0 40,g4e5 e7e5 d4e5 f4f3,1917,advantage endgame master pin sacrifice short
yA6tl,1k6/pp6/6qb/4p3/7Q/1K6/1P6/3R4 b - - 2 42,h6g5 h4h8 b8c7 h8e5,1917,crushing endgame short
Ic0gy,4r1k1/1p3pp1/p1nprq2/2pR4/P3P3/2PQ1N1P/1P3PP1/3R2K1 w - - 3 24,d5d6 e6d6 d3d6 e8d8 d6d8 c6d8,1919,advantage long master middlegame
Kdl3P,8/8/5P1p/2k1K3/4B1P1/8/1p6/5b2 b - - 0 46,f1g2 f6f7 g2e4 f7f8q,1919,advancedPawn bishopEndgame crushing endgame promotion short
qhb9Q,8/1p1N4/p1p5/P4kpn/1P1b3p/5P1P/2P3PB/5K2 w - - 1 38,h2d6 f5e6 d6c5 h5g3 f1e1 d4c3 e1f2 e6d7,1919,advantage endgame master veryLong
zZdxs,k2r4/p7/1p5R/6p1/1n6/5r2/PPPNR2P/1K6 w - - 0 32,a2a3 f3f1 e2e1 f1e1,1920,endgame mate mateIn2 short
3vRQn,5rk1/7p/3Q2p1/p3B3/2bPp3/2P1P2P/1q4P1/2R3K1 w - - 8 39,d6d7 b2c1 g1h2 c4f7,1922,advantage defensiveMove endgame hangingPiece short
6kn0l,r4rk1/1pp2ppp/p1nb4/3p1bq1/1P1P4/P1N1P3/1B2BPPP/R2Q1RK1 w - - 0 13,c3d5 f5e4 d5f4 d6f4 e2f3 e4f3 d1f3 f4d6,1922,advantage middlegame pin veryLong
ZA4aM,5k2/6b1/p2p4/2rN2p1/4p3/1B4P1/Pp2KP2/1Rr4R w - - 6 34,h1d1 c1b1 d1b1 c5c1 b1b2 g7b2,1922,advantage clearance long master middlegame
exw0I,5rk1/p1p3p1/5p2/2Q5/1P2Rnq1/P5Pp/1BP4P/3rR1K1 w - - 2 29,c5e3 d1e1 e3e1 g4f3 e1f1 f3e4,1922,crushing kingsideAttack long middlegame pin
qd7gr,3rb3/3q1pkp/p4npN/1p2p3/1P2P3/P3QP2/B5PP/2R3K1 w - - 2 28,h6f5 g6f5 e3g5 g7f8 g5f6 d7d4 g1f1 d4d3 f1f2 d3d2,1922,crushing kingsideAttack middlegame veryLong
WuOjj,5r1k/1b2r1p1/pQ4Rp/Pp6/7P/4p3/1P2K1P1/8 w - - 2 41,g6h6 g7h6 b6h6 h8g8,1923,advantage endgame master short
CDctT,6k1/p5p1/1b1q3p/3P2n1/5pP1/2RQ1P2/P5K1/8 b - - 8 33,g7g6 c3c6 d6e7 d3g6,1925,advantage endgame short
GvKSM,1Qbk2rr/3q4/B4p2/3Pp3/8/4P2p/PP3PP1/R4RK1 w - - 4 26,b8c8 d7c8 a6c8 h3g2,1925,advancedPawn crushing middlegame short
bFkaf,1r4k1/bQ3pp1/p6p/2qPP3/3N1P2/2r5/P5PP/1R1R3K w - - 3 28,b7c6 b8b1 d1b1 c5d4,1926,advantage master middlegame short
AsrcA,8/2k3pp/2P5/3Pp3/1p6/2p5/2Rb1PPP/5K2 w - - 2 28,f1e2 b4b3 c2d2 b3b2,1927,advancedPawn advantage endgame sacrifice short
CLPZt,r4rk1/1p1n3B/3p4/p1pPp1P1/2P5/3Q2P1/PP3q2/2KR4 b - - 2 22,g8f7 d1f1 f7e7 f1f2,1928,advantage middlegame pin short
FtRBo,4r1k1/pp1qrpb1/5np1/P2p3p/3P4/2PQ1RBP/1P1N2P1/5RK1 w - - 9 24,f3f6 g7f6 f1f6 e7e3 d3f1 e3g3,1928,advantage interference long middlegame
LLF1M,1r4k1/5pp1/3Qp2p/8/2P5/3b1NP1/4qbBP/5R1K b - - 1 34,b8b1 f1b1 d3b1 d6b8 g8h7 b8b1,1929,advantage fork long master middlegame
PlA8j,6r1/3k1p2/p2Npn2/1p6/1P5Q/8/P1qB1P1P/R3RK2 w - - 0 27,h4f6 c2d3 e1e2 d3h3 f1e1 g8g1,1929,backRankMate fork long mate mateIn3 middlegame
Bxg8K,r4r2/pp2RNbk/6pp/8/2B1NPb1/8/PP3PPP/n5K1 b - - 2 19,a8e8 e4f6 g7f6 f7g5 h7h8 e7h7,1930,discoveredCheck doubleCheck long mate mateIn3 middlegame pillsburysMate sacrifice
CHkz6,8/pp5p/2p1k1p1/4P3/3qp3/1PQ2n2/PBP5/2K5 w - - 0 26,c3f3 d4b2 c1b2 e4f3,1930,crushing endgame intermezzo short
neQpz,8/5pk1/8/7p/1r4PP/4RK2/8/8 w - - 0 40,e3e4 b4e4 f3e4 h5g4,1930,capturingDefender crushing endgame master rookEndgame short
3q9LF,2rr2k1/pp3ppp/q2bpn2/3b4/1P6/P1N1PNP1/2Q2PBP/R2R2K1 w - - 3 22,g2f1 a6c6 f3d4 c6c3 c2c3 c8c3,1931,advantage long middlegame
oSRb7,1r1R4/7P/1P2k1n1/5pp1/2n1p3/6K1/8/3R4 b - - 3 50,b8d8 d1d8 c4b6 d8g8,1931,crushing endgame master short
C1VU7,8/2R2pkp/p3pbp1/1pQn4/1P1P1q2/P6P/1B3PP1/1B4K1 b - - 0 28,d5c7 b2c1 f4d4 c5c7,1933,crushing endgame short
l6mzY,4k2r/5pp1/pqR1b2p/1p1pN3/1b1P4/1P1Qn3/P4PPP/6K1 b k - 1 23,b6a5 c6e6 f7e6 d3g6,1933,advantage middlegame sacrifice short
FNFeA,rnQ5/pppp1p1p/4k1p1/4q3/8/3Pn1P1/PPP2P1P/RN2KBNR w KQ - 0 13,c8b7 e3g2 e1d1 e5e1,1934,discoveredCheck doubleCheck mate mateIn2 middlegame short
RipZ8,8/1pp5/p4p2/4kP1p/P3P2P/2PK4/8/8 b - - 1 32,c7c6 a4a5 e5f4 d3d4,1934,crushing defensiveMove endgame pawnEndgame quietMove short
iqczC,4r1k1/1Q4pp/5n2/pP1b1p2/4p3/4P3/Pq1NBPPP/3R2K1 w - - 3 24,e2c4 d5c4 d2c4 b2c2 d1f1 c2c4,1934,advantage fork long middlegame
uDaUQ,6k1/p2b1pp1/1p2p2p/n3Q3/4N3/4PB1P/P4PPK/2q5 b - - 1 25,c1c6 e4f6 g7f6 e5g3 g8f8 f3c6,1935,crushing endgame long sacrifice
J7CDc,5rk1/pp2np1p/5p2/4pP2/7N/Q1P1q1P1/P6P/3R1K2 b - - 2 24,e7f5 a3f8 g8f8 d1d8 f8e7 h4f5 e7d8 f5e3,1936,advantage attraction endgame fork sacrifice veryLong
jdziY,3rb1k1/7p/6p1/2b2p2/3N4/pR1KP3/5PPP/R7 w - - 0 32,d3c4 c5d4 e3d4 e8f7 c4d3 f7b3,1936,crushing endgame long skewer
6kpad,8/5ppk/6np/P2p4/7P/6P1/5PK1/8 b - - 0 49,d5d4 a5a6 d4d3 g2f1 d3d2 f1e2 g6f8 a6a7,1937,advancedPawn crushing endgame knightEndgame master veryLong
U7Pbv,8/2P5/4RP1p/3p4/1K1k4/5r2/4p2P/8 b - - 0 52,f3c3 f6f7 c3e3 e6e3,1937,advancedPawn crushing endgame master rookEndgame short
bTGao,r5k1/ppP2rpp/5p2/3Nnp2/2n5/8/PP3PPP/2KR2NR w - - 1 18,d5e7 f7e7 d1d8 e7e8 d8e8 a8e8,1937,crushing hangingPiece long middlegame xRayAttack
caWGP,2r2rk1/1p3p2/p3pPp1/7p/3q4/7P/PP2Q1P1/3R1R1K b - - 1 22,d4h4 e2e3 g8h7 d1d4 h4d4 e3d4,1937,advantage endgame long trappedPiece
S9ZjA,8/5p2/6p1/3K3p/5k2/5P2/6PP/8 w - - 5 59,d5d4 h5h4 d4d3 h4h3 d3e2 h3g2,1938,advancedPawn crushing endgame long pawnEndgame quietMove
qXQ8u,r2q1rk1/5ppp/1p2b3/pB6/3b4/PR2B1Q1/1P3PPP/3R2K1 b - - 0 21,e6b3 e3d4 g7g6 g3b3,1938,advantage discoveredAttack middlegame short
x9MuL,8/1p6/6p1/1K3p2/1P3P2/k5P1/8/8 w - - 0 42,b5c5 a3a4 c5b6 a4b4,1938,crushing endgame master pawnEndgame short
gsmUM,6k1/5pp1/p1R1p3/P3r3/1P6/6P1/6KP/8 b - - 0 40,e5b5 c6b6 b5d5 b6a6,1939,crushing endgame master rookEndgame short
TXWCu,5r2/pp1rN1bk/4R2p/6p1/3q1p2/1Q6/PP3PPP/4R1K1 b - - 10 29,d4b2 e6h6 g7h6 b3b2,1940,crushing deflection master masterVsMaster middlegame short
UEWgJ,2kr3r/ppp1n3/3qb1R1/4N3/3P4/2P5/P1P3PP/R1BQ2K1 w - - 1 16,g6h6 d6e5 h6h8 e5h8,1942,advantage middlegame short
sQgea,2rqk3/2pb1p2/p6p/1p1QPPb1/3P2r1/P1P1B3/1P1N3K/R4R2 w - - 2 22,e5e6 g5f4 f1f4 d8h4,1942,clearance collinearMove mate mateIn2 middlegame sacrifice short
tR6T1,8/6p1/p1p3rk/2P4p/1P2QP1q/P5rP/3R1RPK/8 w - - 1 37,e4e2 g3h3 g2h3 h4g3 h2h1 g3g1,1942,clearance endgame long mate mateIn3 sacrifice
AhEXK,6k1/2p2pp1/pbQp3p/8/4r1N1/P1P3rP/1P2q3/1R2R2K w - - 0 29,e1e2 e4e2 g4h2 g3h3 c6g2 e2g2,1943,advantage long middlegame
cV1XP,8/p3k1pp/1p3p2/3Rp3/4n3/1P2PN1P/P3BPP1/2r3K1 w - - 1 24,d5d1 e4c3 d1c1 c3e2 g1f1 e2c1,1943,advantage endgame fork long sacrifice
vWztT,8/5ppp/2k1p3/1pp1P3/2P1K3/8/1P3PPP/8 w - - 0 26,b2b3 b5c4 b3c4 c6b6,1943,advantage defensiveMove endgame pawnEndgame short
XZREp,5R2/7p/5kp1/P4r2/1p6/1K2p3/1P6/8 b - - 6 41,f6g5 f8f5 g5f5 b3c2 e3e2 c2d2 f5e4 a5a6,1945,crushing endgame rookEndgame veryLong
g5Ugu,r3kbnr/ppp2ppp/8/2qpPbB1/1n6/1QN2N2/PPP1PPPP/R3KB1R w KQkq - 4 8,e1c1 f5c2 b3d5 b4d5,1945,advantage fork middlegame short
7sHzE,4r2k/1p4pp/2p2n2/p1npb3/8/1BNP2P1/PPPB1P1P/R5K1 w - - 0 19,a1e1 e5c3 e1e8 f6e8 d2c3 a5a4 b3a4 c5a4,1946,advantage middlegame trappedPiece veryLong
GMGiX,r5k1/5ppp/2p5/1p6/1R6/1N5P/Pr4P1/R6K w - - 0 26,b4e4 b2b3 a1e1 f7f5 a2b3 f5e4,1946,advantage endgame long
rvxC3,7k/1b2bp1p/4p3/3pP1pN/p1nP2N1/7P/1q3PP1/1B1Q2K1 b - - 5 34,a4a3 d1d3 b2c1 g1h2 f7f5 e5f6,1946,crushing defensiveMove enPassant long middlegame
P08g4,3q1rk1/p2nbpp1/1p2pn1p/4N3/3Pb2B/P1PQ4/2B2PPP/R4RK1 w - - 1 18,d3e3 e4c2 e5c6 d8e8 c6e7 e8e7,1947,advantage hangingPiece long middlegame quietMove
aILCK,3r2kr/1pR5/1q3pN1/p2Ppp1p/8/1P1P2PP/P1Q1nbBK/5R2 w - - 4 26,g6h8 f2g1 f1g1 b6g1,1947,mate mateIn2 middlegame short
qPtCn,k2r4/1b6/p7/8/2R1P1Q1/3N4/PPP1K2q/8 w - - 13 41,d3f2 d8f8 g4f3 f8f3,1947,crushing endgame short
su9iP,2r3k1/pp1q3p/5p2/2bp4/4Qp1N/2P5/PP3pPP/3R1RK1 w - - 0 23,g1h1 d5e4 d1d7 e4e3,1947,advantage middlegame short
mTeqe,8/1b2q3/8/p5p1/2k1p1P1/4Q2P/B7/6K1 b - - 1 52,c4b4 e3b3 b4c5 b3a3 c5b6 a3e7,1948,crushing endgame long skewer
PyRJH,6k1/6p1/5b1p/2q5/p3Q1P1/P3PR1P/6K1/8 w - - 5 47,e4b4 c5b4 a3b4 a4a3 f3f2 f6b2,1949,crushing defensiveMove endgame long
ZlPSl,r4rk1/p4p2/1qp3pQ/5P2/P1p1P3/3P4/1P5P/R1B2K2 b - - 0 26,c6c5 c1g5 g6f5 g5f6 b6f6 h6f6,1949,crushing endgame long quietMove
bQpEL,2k1r3/p1pp4/5p2/2pP1N1p/6n1/1P1Pb1P1/P1P2p1P/R2K1R2 w - - 4 23,h2h3 g4h2 f5e3 h2f1 e3f1 e8e1 d1d2 e1a1,1949,crushing endgame fork skewer veryLong
kVow2,8/1R6/6p1/r5k1/2BKP1P1/p6P/1p6/8 w - - 0 45,e4e5 a5a4 d4d3 a4c4 d3c4 a3a2 b7b2 a2a1q,1949,advancedPawn crushing endgame promotion sacrifice veryLong
yYpFN,r2qk2r/1b2bppp/p2p1n2/np2p1B1/4P3/1BN2N2/PPP2PPP/R2QR1K1 w kq - 4 12,c3d5 f6d5 b3d5 e7g5 d5b7 a5b7,1949,advantage discoveredAttack long middlegame
2sm63,r3r1k1/pppq1p2/2n4p/3n2Nb/1b1P4/2N2P2/PP1QBBPP/R4RK1 b - - 0 15,h6g5 d2g5 h5g6 c3d5 b4e7 d5e7,1950,advantage fork long middlegame
XWStq,4k3/3R2pp/5r2/8/6Q1/2PKP3/PP3q2/8 w - - 0 38,g4g7 f2f5 d3c4 f6c6,1950,crushing endgame short
ZWM6w,8/1p6/4p3/1p2Pk1p/3K4/6PP/P7/8 b - - 0 41,b7b6 a2a3 h5h4 g3h4,1951,crushing endgame pawnEndgame quietMove short zugzwang
bQSw7,r2q1rk1/1b2bpp1/p3pn1p/1p6/7B/2NB4/PPP1QPPP/R3R1K1 b - - 4 17,f6d5 e2e4 f7f5 e4e6,1951,advantage kingsideAttack middlegame short
hDDtp,3r1rk1/pp3ppp/2q1bn2/2b5/8/2N2N2/PPP1QPPP/R1B2RK1 w - - 4 12,c1g5 e6c4 f3e5 c4e2 e5c6 e2f1,1952,advantage long middlegame
bsBfw,1k1r3r/pp1qb1p1/3pbp2/QPpN3p/2Pp2nP/P2P2P1/4PPB1/1RB2RK1 b - - 5 16,d8c8 b5b6 a7a6 d5c7 c8c7 b6c7,1953,advancedPawn crushing long master middlegame queensideAttack
zjUng,5Rnk/1p6/p6p/P7/4p2P/6R1/1P4PK/3q4 b - - 3 40,d1d5 f8g8 d5g8 g3g8,1954,crushing endgame short
8oL4l,1kr5/p2r2p1/1p2q2p/3pNp2/3Q1P1P/1PP3P1/PB2p2n/1K2R3 b - - 5 31,h2f3 e5f3 e6e4 d4e4 d5e4 f3d4,1955,advantage hangingPiece long middlegame
EXoqh,6k1/p1R3p1/7p/2pPQ3/2P1b1q1/8/P4rPP/6RK w - - 14 44,e5e8 g8h7 c7g7 h7g7,1957,crushing endgame master short
f1HZN,r2qr3/ppp2bQ1/2nk4/3pp3/3P4/P1P1P3/1P1N1PP1/R3K2R b KQ - 0 18,e8h8 h1h8 d8h8 g7f7 a8f8 f7g6,1958,advantage long middlegame
jF1mt,2rr2k1/5p2/p6p/QpbP4/3qB3/2p4P/P1R1RPP1/6K1 w - - 4 36,a5c3 d4c3 c2c3 c5f2 g1f2 c8c3,1958,crushing discoveredAttack long middlegame
Pj4Us,rn1q4/pp6/2ppk1Q1/4p3/4Pb1r/2NP4/PPP5/1K4R1 b - - 1 22,d8f6 g6e8 f6e7 g1g6,1959,clearance epauletteMate killBoxMate mate mateIn2 middlegame short
MZKUE,r1b2rk1/ppq2pbp/1nn1pBp1/3pP3/7Q/1B3N2/PPP2PPP/RN3RK1 b - - 1 13,c6e5 f3e5 g7f6 h4f6 b6d7 e5d7,1960,advantage long middlegame
rUu0x,r5nr/2k2ppp/p3pq2/2Q1bb2/8/4P3/PP3PPP/RNB1K2R b KQ - 3 17,c7d8 c5f8 d8d7 f8a8,1961,advantage opening short skewer
KKiMZ,6k1/2r2pp1/pQ2p2p/2p1P1q1/8/5P2/PP3P1P/3R1K2 b - - 0 26,g5e5 b6b8 g8h7 d1d7,1962,advantage endgame short
C7Nfm,8/2B5/8/1p3k2/6p1/n1PK2P1/8/8 b - - 4 50,a3b1 c7d6 b1c3 d3c3,1963,endgame
FC1WQ,r2qk2r/ppp2pp1/1bp1b3/4P3/3pN1p1/5N2/PPP2PP1/R1BQ1RK1 w kq - 0 13,c1g5 d8d5 f1e1 g4f3,1963,advantage opening short
CjrAt,rn1qkb1r/pp1b1ppp/4p3/1B1pP3/Q5n1/2N2N2/PP3PPP/R1B2RK1 b kq - 3 10,d7b5 c3b5 b8c6 a4g4,1964,advantage opening short
V2qZR,6k1/p4Nb1/1p5p/4pQp1/1q2P3/1n3P2/5BPP/2r2RK1 w - - 3 30,f7e5 c1f1 g1f1 b4b5,1964,advantage attraction middlegame short
GirSm,2r5/1RP5/p3p2p/3k1pp1/1P6/6PP/5P2/5K2 w - - 3 49,f1e2 d5c6 b7b8 c6c7 b8c8 c7c8,1965,crushing endgame long rookEndgame
TXWJy,2r2rk1/5ppp/p3p3/1p5P/3R2Q1/q7/5PP1/3R2K1 b - - 0 25,c8c4 h5h6 g7g6 d4c4 b5c4 g4d4,1966,clearance crushing endgame long pin
lLn2v,5r1k/6pp/pp6/2b5/8/PQ1B4/1P1q1RPP/5RK1 w - - 5 27,b3c2 f8f2 c2d2 f2d2 g1h1 d2d3,1966,advantage discoveredAttack discoveredCheck long middlegame
EWPa8,r5k1/p2q1pbp/bpnPp1p1/2p5/B1P1NPP1/4BQ2/PP5P/R5K1 b - - 2 19,c6d4 e4f6 g7f6 f3a8,1967,crushing discoveredAttack master middlegame short
rvRSO,2rr2k1/pp3ppp/4p2n/4P3/5q2/2N2P1P/PP2QP2/2R3RK b - - 6 20,d8d2 c3d5 c8a8 d5f4 d2e2 f4e2,1967,crushing long middlegame
eFUVy,8/2nk3p/P3p1p1/4B3/7P/5K2/8/8 w - - 0 38,e5c7 d7c7 f3e4 h7h6 a6a7 c7b7 a7a8r b7a8,1968,crushing endgame master quietMove veryLong
4WWLo,6rk/3n1Q1p/5P2/2b5/3p4/1q1P3P/2r3B1/2R3RK b - - 0 41,c2c1 f7b3 c1g1 h1g1,1969,advantage hangingPiece middlegame short
bzdwS,2rq1rk1/1p1bbppp/p2p4/n2Pp3/4P3/PN2BP2/1P2B1PP/2RQK2R w K - 1 15,e1g1 d7a4 c1c8 d8c8,1969,advantage opening short
lGipZ,8/5kp1/5p1p/3N1K1P/4PPP1/8/2b5/8 w - - 1 48,d5c7 c2a4 c7e6 a4d7,1970,crushing endgame master quietMove short
WATNp,r1b1qrk1/ppp2p2/3p1p1Q/8/1bB1P2B/5P2/PPnN1KPP/R7 b - - 0 18,b4d2 h6g6 g8h8 h4f6,1971,kingsideAttack mate mateIn2 middlegame pin short
oLnNq,2b1kbnr/2pq2pp/2p5/3Np2Q/2B1P3/8/2P2PPP/r1B1K2R b Kk - 1 14,g7g6 h5e5 e8d8 e5a1,1971,crushing fork middlegame short
qKKWF,2k2r2/Qp1qp3/2np2pp/8/2R5/5rP1/P1P2P1P/1R4K1 b - - 0 26,f3f2 a7a8 c8c7 b1b7,1971,mate mateIn2 middlegame queensideAttack short
AVXQE,8/6k1/3bP1P1/pp1P1K2/7p/1P5P/P7/8 w - - 1 42,f5g4 g7g6 g4h4 g6f5,1974,bishopEndgame crushing endgame short
UvjZx,r1bq1rk1/pp2bppp/1n2p3/6BQ/4N3/P2B4/1P3PPP/2R2RK1 b - - 7 17,e7g5 e4f6 g7f6 h5h7,1974,kingsideAttack mate mateIn2 middlegame sacrifice short
bPlW9,8/6k1/p5P1/3ppp1P/1P3p2/2PK1P2/8/8 w - - 0 37,c3c4 e5e4 f3e4 f5e4,1974,crushing endgame pawnEndgame short
0qwvD,5r2/5Pk1/1R6/p2pP3/3p2P1/3P4/rp6/5RK1 b - - 1 35,a5a4 e5e6 a2a1 b6b2 a1f1 g1f1,1977,crushing endgame long rookEndgame
l9D04,r1qr4/pp2nkb1/2pR1npp/5p2/2P1pN2/1P2P1P1/PBQ2PBP/3R2K1 w - - 3 21,c2c3 d8d6 d1d6 f6e8,1977,advantage middlegame short
48S9c,r3rbk1/1b1n1ppp/pq3n1B/4p3/1p2P3/1NNB1QR1/PPP3PP/5R1K w - - 0 17,c3d5 b7d5 e4d5 e5e4 d3e4 e8e4,1978,crushing fork long middlegame
avFYM,2b1r1k1/4qp1p/3p2p1/pp1P2PP/2pQ4/2P2KN1/PP3P2/1R6 w - - 1 33,g3e4 e7e4 d4e4 e8e4,1978,crushing endgame fork short
2L7DV,r5k1/5p1p/1n1p4/1BpP1b2/p4N2/1P4P1/P4P1P/R5K1 w - - 2 28,b5c6 a4b3 c6a8 b3b2 a1e1 b6a8,1979,advancedPawn crushing endgame intermezzo long master masterVsMaster sacrifice
02fT9,r2q1rk1/p1p1n1pp/1pnp4/bN2pP2/P1P5/5NB1/5PPP/1R1Q1RK1 b - - 0 16,e7f5 d1d5 g8h8 d5c6 a7a6 b5a3,1980,advantage defensiveMove fork long middlegame
OL3rm,1rb1r1k1/3nb1pp/p3p3/P2pPp2/2pP4/2q2N2/Q2N1PPP/R1B1R1K1 b - - 0 21,c8b7 e1e3 c3b4 a1b1 b4b5 b1b5,1980,advantage long middlegame trappedPiece
uDIEV,4n3/p2k4/2p2p2/PPN2pbp/2P1p3/2B3P1/5KP1/8 b - - 5 40,d7d6 b5b6 a7b6 a5b6 d6c5 b6b7,1980,advancedPawn crushing endgame long sacrifice
vXFe6,8/1Q5p/p2p2pk/P3b3/4Pp1q/5B2/2r2PPP/4R1K1 w - - 3 30,e1f1 h4f2 f1f2 c2c1 f3d1 c1d1 f2f1 e5d4 g1h1 d1f1,1982,backRankMate deflection endgame mate mateIn5 pin sacrifice veryLong
7s32H,6k1/6p1/4bbB1/4N2p/1p3B1P/7r/2PK4/4R3 w - - 9 44,e5c6 f6c3 d2e2 e6g4 e2f2 h3f3 f2g1 c3e1,1983,advantage fork middlegame veryLong
SJ0eI,8/P2r3k/8/6p1/KP6/7p/4R3/8 w - - 1 44,e2e3 d7a7 a4b3 g5g4,1983,crushing defensiveMove endgame rookEndgame short
gkCp8,r1q5/2p3kp/p1pp2p1/3b1n2/3P2Pb/2P1BQ1P/PP1N4/R4RK1 w - - 1 23,f3f4 h4g3 g4f5 g3f4,1983,advantage middlegame short
dv3S4,6k1/7p/4pppP/pr1pP3/8/2R3P1/5PK1/8 b - - 1 35,b5b7 c3c8 g8f7 c8h8 b7b3 h8h7 f7g8 h7g7 g8h8 e5f6,1984,crushing endgame rookEndgame veryLong
fg5qT,r1bqk2r/p3ppbp/5np1/8/3p4/2NBB3/PPP2PPP/R2Q1RK1 w kq - 0 11,e3d4 d8d4 d3b5 f6d7 d1f3 a8b8,1984,advantage hangingPiece long opening
1nZDN,4r1k1/5b1p/1r4p1/3p1p2/1np5/2N1P1P1/5PBP/1R3RK1 w - - 0 32,c3d5 f7d5 b1b4 b6b4,1985,crushing master middlegame short
IWHax,r1bq1rk1/ppp1ppbp/5n2/4P1Np/8/2NB4/PPP2PP1/R1BQK3 b Q - 0 11,f6g4 d3h7 g8h8 g5f7 f8f7 d1d8,1985,crushing deflection kingsideAttack long opening
hwQDE,3r1k2/R5Rp/2pp2p1/8/2pq1r2/8/1PP1Q1PP/7K b - - 1 28,d8e8 e2e8 f8e8 a7a8,1986,attraction endgame mate mateIn2 sacrifice short
N3vOZ,r7/1p2kp2/2p1bp2/7B/pq6/3QP2P/5PP1/1R4K1 b - - 1 28,b4a5 b1b7 e7f8 d3h7 a5h5 h7h5,1988,crushing endgame long
wwqcV,3k1r2/R7/p1p5/P2p2p1/3P1r2/3R2KP/8/8 b - - 5 45,f8e8 d3b3 d8c8 a7a8 c8d7 b3b7 d7d6 a8e8,1988,advantage deflection endgame exposedKing quietMove rookEndgame veryLong
G01jE,2r2rk1/p2n1pbp/4p1p1/1qB1Q3/N5b1/1B6/PPP2PPP/R4RK1 w - - 1 20,e5e4 g4f5 e4b4 c8c5 b4b5 c5b5,1990,crushing long middlegame
Ma2KO,b4rk1/p4ppp/1p1Np1r1/3nP3/1P5q/P2Q1P2/3B2PP/2RR2K1 w - - 5 24,d2e1 g6g2 g1g2 d5f4 g2g1 h4g5 e1g3 f4d3,1991,attraction crushing fork middlegame sacrifice veryLong
t4Ihs,7k/pb5p/1p1br1p1/8/1P6/P2RP3/5KPP/2R5 b - - 3 33,d6h2 d3d8 h8g7 d8d7,1992,crushing endgame master short
Vf3kt,5rk1/3n1ppp/2R2n2/1B3qB1/Q2b3P/8/2p2PP1/5K1R w - - 2 24,a4d4 f5b5 d4c4 b5b1,1993,advantage fork hangingPiece middlegame short
7DF0n,r3r1k1/p2q1bpp/1p3p2/2pP4/2P2Q1N/6RP/P5P1/5RK1 b - - 0 28,g8h8 g3g7 h8g7 f4f6 g7g8 h4f5,1994,advantage attraction defensiveMove kingsideAttack long middlegame sacrifice
RHRdT,3rkb2/1ppq2pQ/p4p2/4p3/2n1P3/2P2N2/PP1N1PPP/R1B2K2 w - - 1 16,d2c4 d7d3 f1g1 d3d1 f3e1 d1e1,1994,fork long mate mateIn3 middlegame
tX72D,8/R7/1p3p1p/P1kPp1p1/4P1P1/1r1p1P1P/4K3/8 w - - 0 52,e2d2 c5d4 d5d6 b3b2 d2c1 d3d2,1994,advancedPawn crushing endgame exposedKing long rookEndgame
JvT6o,rbr3k1/pp1n1ppp/4p3/1N1p4/P1qP2Q1/B3P3/2P2PPP/R1R3K1 b - - 3 17,c4a4 a3f8 d7f8 a1a4,1995,crushing discoveredAttack middlegame short
erGpf,1r2r1kB/3q3p/2p5/p1Pb1p2/2B5/P1Q2P2/6PP/3R2K1 b - - 3 30,d7f7 d1d5 c6d5 c4d5 e8e1 g1f2,1995,crushing long middlegame pin
tdYs7,r3kq1N/ppp3pp/2n2n2/4p3/2p1P1b1/4Q3/PPPP1KPP/RNB4R w q - 3 11,h2h3 f6d5 f2g3 d5e3,1995,crushing discoveredAttack discoveredCheck middlegame short
EUC4I,r2k3r/ppp2Qpp/2p5/8/2B1P1b1/2N5/PPPP2Pq/R1B1K3 w Q - 1 13,f7g7 h2g3 e1f1 g4e2 c4e2 g3g7,1996,crushing discoveredAttack long middlegame
YbyqM,r5k1/pQ1b1ppp/4pn2/8/q7/P2n4/1PPR2PP/2K3NR w - - 0 16,d2d3 d7c6 b7a8 c6a8,1996,advantage middlegame short
YvGZG,r3k2r/3p1pp1/2p5/pp2P1q1/3P1n2/N3QBp1/1P3P1P/R4RK1 w kq - 0 24,h2g3 g5h6 f1b1 h6h2 g1f1 h2h1 f3h1 h8h1,1997,kingsideAttack mate mateIn4 middlegame quietMove sacrifice veryLong
HhUiF,5R2/1r6/8/1n4k1/1p2B3/1K6/P7/8 b - - 4 46,b7a7 f8f5 g5h6 f5b5 a7a3 b3b2,1998,crushing endgame fork long master masterVsMaster
bQEXv,3rrk2/p4ppp/6bq/1Ppn4/5Q2/1B3P2/PP5P/R1BK2R1 w - - 0 26,f4h6 d5c3,1998,discoveredCheck doubleCheck mate mateIn1 middlegame oneMove pillsburysMate
hJj4j,8/5pkp/5p2/1p3PP1/5QKP/3q4/p7/8 b - - 6 54,f6g5 f5f6 g7h8 f4b8 d3d8 b8d8,1998,endgame long mate mateIn3 queenEndgame
nkN23,8/5r2/8/pP6/P2pk3/8/4K3/2R5 w - - 5 44,c1f1 d4d3 e2e1 d3d2 e1d2 f7f1,1998,advancedPawn crushing deflection endgame exposedKing long rookEndgame
3nfLr,r3qr1k/1Qp1b1p1/pn5p/5p2/8/P2RB2P/1P3PPN/R5K1 b - - 0 22,e7d6 d3d6 c7d6 b7b6,2000,crushing deflection middlegame short
UAcJv,3r2k1/5pp1/7p/4P3/1p3nq1/4Q1P1/1B1r1P1P/3R2K1 w - - 0 34,d1d2 g4d1 d2d1 d8d1 e3e1 d1e1,2000,endgame long mate mateIn3 sacrifice xRayAttack
ZrqX2,7k/1p1r2p1/2n4p/p1P5/3P4/4RPqP/6P1/3Q2K1 b - - 0 40,d7d4 e3e8 h8h7 d1b1 g3g6 e8h8 h7h8 b1g6,2000,advantage deflection endgame veryLong
kKsGe,8/p3k3/8/P3P1R1/5Pp1/6Pp/r7/5K2 w - - 2 43,g5g4 a2a1 f1f2 h3h2,2000,advancedPawn crushing endgame rookEndgame short
v3DOB,r1b2rk1/ppq1bppp/2p2nn1/8/2N4P/1P2QBP1/PBP1PP2/R2R2K1 b - - 0 15,f6g4 f3g4 c8g4 e3d4 e7f6 d4g4 f6b2 c4b2,2000,advantage middlegame veryLong
T2PCz,2rr2k1/1p2bppp/pq2bn2/4p1B1/4P3/P1NB3P/1P2QPP1/2R2RK1 w - - 4 18,c3d5 f6d5 e4d5 e7g5 c1c8 e6c8,2001,crushing discoveredAttack long middlegame
hKZp8,r3k2r/p1p1q1p1/2p5/3pPp2/4nPQ1/2N1P3/PP4P1/R1B2RK1 w kq f6 0 16,g4f5 h8h1 g1h1 e4g3 h1g1 g3f5,2001,advantage attraction fork long middlegame sacrifice
l8WO0,2Q5/5pkp/6b1/1p2q3/3p4/1P1p2PP/3RrP2/3R2K1 w - - 2 32,c8g4 e2d2 d1d2 e5e1 g1g2 e1d2,2001,attraction clearance crushing endgame fork long
C84CJ,2br3r/1k3p2/2p1qP1N/1p1pP1pQ/p7/2P3P1/PP4P1/2KR3R w - - 3 32,h5g5 d5d4 h6f7 e6f7 h1h8 d8h8,2002,advantage long middlegame
kmkH7,2kr3r/pppn1ppp/3bpn2/7q/3P2b1/P1N2N2/1PPBBPPP/R3QRK1 w - - 3 11,c3b5 d6h2 f3h2 g4e2,2002,advantage kingsideAttack middlegame short
mNDcM,3r3r/1p2k1p1/pN1bpp2/7p/2RP4/4BPnP/PP3KP1/2R5 b - - 1 22,g7g5 b6c8 d8c8 c4c8,2002,advantage middlegame short
ogG8V,r4rk1/ppp2ppp/2np4/2b1p3/2B1Q1bq/1P3P2/PBPP3P/RN2K1NR w KQ - 1 12,e1e2 h4f2 e2d1 f2g2 e4g4 g2h1,2002,crushing long middlegame trappedPiece
4meYU,r2qr1k1/1p2bp2/1Pp3pp/p1P3P1/P2p1P1n/BQ1R3N/4P3/3R1K2 b - - 1 32,h4f5 e2e4 d4e3 d3d8,2004,advantage middlegame short
6kLzO,2kr3r/ppp2ppp/1nn1b3/4P3/1bP5/1P3N2/P3BPPP/R1BNK2R w KQ - 3 11,c1d2 d8d2 f3d2 h8d8 d1c3 b4c3,2005,crushing long middlegame sacrifice
qOmxe,rn1q1rk1/ppp2ppn/3p4/4p1N1/2P1b3/P3B1Q1/5PPP/R2BR1K1 b - - 3 18,h7g5 e3g5 f7f6 g5h6 d8e7 e1e4,2005,crushing long middlegame pin
GN6CH,r4rk1/pp1bppbp/1qnp1np1/1B4B1/3NP3/2N5/PPPQ1PPP/R3R1K1 w - - 6 11,a2a4 b6d4 d2d4 c6d4,2006,advantage middlegame short
3F9W9,4r2k/1p3bR1/p4r2/5P2/1q1p4/1P1B2Q1/P5P1/2R3K1 w - - 5 37,g3h4 h8g7 h4g5 f7g6 c1c7 e8e7,2007,crushing hangingPiece long middlegame
YPynB,8/5p2/7P/8/4bPP1/1n1k4/3p1K2/3R4 w - - 1 44,d1d2 b3d2 f4f5 e4f5 g4f5 d2e4,2007,crushing endgame hangingPiece long
jX0rV,1rbq1rk1/p4Bpp/1p1p4/2p5/4PR2/2bP1Q2/PPP3PP/R5K1 b - - 0 16,g8h8 b2c3 g7g5 f4f6,2008,advantage hangingPiece middlegame short
qmsIU,3r3k/pp3Q1p/2pq2p1/4b3/8/1B6/PP4PP/5R1K b - - 3 27,e5h2 f1d1 d8f8 d1d6 h2d6 f7c4,2008,crushing endgame long
2fm9W,3r4/8/p2Ppk1p/1b3p2/2pRp3/2P3P1/P3BP1P/6K1 w - - 4 29,e2c4 e6e5 d4d5 b5c4,2009,advantage endgame short
GDxib,8/5p1k/7p/5N2/4Pp2/N1n2P2/1p1r3P/5RK1 w - - 2 44,a3b1 c3b1 f1b1 d2c2 b1b2 c2b2,2009,crushing endgame long
REZdq,8/6pk/6p1/p3p3/2p5/P1P3PP/1P1K4/8 b - - 1 38,g6g5 d2e3 h7g6 e3e4 g6f6 e4d5,2009,crushing endgame long pawnEndgame
o2vVo,3r1rk1/ppp2ppp/1bn1q3/5b2/4NB1Q/2PB1P2/PP4PP/2KR3R b - - 2 16,e6a2 e4f6 g7f6 d3f5 a2a1 f5b1,2009,crushing discoveredAttack long middlegame
3fZhS,r1b2k2/p5p1/2p4p/1p2b2q/4B3/8/PPP3QP/2B3RK b - - 0 24,c8f5 e4f5 h5f5 g1f1 f5f1 g2f1,2010,crushing long middlegame pin
fbIfy,1k3r2/1bpp4/1p1q4/3Pb1Bp/P3P1rP/5QP1/4NP2/1R3R1K w - - 1 29,f3e3 g4e4 e3e4 b7d5 e4d5 d6d5,2010,advantage kingsideAttack long middlegame pin sacrifice
cKAcZ,8/pp2k3/3b3p/2pK1P2/6PP/2P5/PP6/8 b - - 1 38,b7b6 f5f6 e7d7 g4g5 h6g5 h4g5,2011,bishopEndgame crushing endgame long
ohgLJ,7k/p5p1/1p6/2p2n2/3p1r2/3Q3P/PP1R1qPK/8 b - - 3 40,f5h4 d2f2 f4f2 h2g3 f2g2 g3h4,2011,advantage endgame long
u6rFF,2r2knr/pp4pp/4p1b1/5q2/QN6/1BN5/PP1B1PPP/2KRR3 w - - 6 18,b3e6 f5b1,2011,mate mateIn1 middlegame oneMove pin
E77fq,r2qk2r/pb2bpRp/1p2p3/2p1P2P/3p1B2/P2BP3/1PPKNP2/R7 b kq - 0 16,f7f6 d3b5 e8f8 f4h6 d4e3 d2e3,2012,advantage long middlegame quietMove
RHmpW,r5k1/1p2Qpb1/6pp/3P1b2/8/B3PN2/4qPPP/5RK1 w - - 0 19,a3d6 e2f1 g1f1 f5d3 f1e1 g7c3 e1d1 a8a1,2012,attraction mate mateIn4 middlegame pillsburysMate sacrifice veryLong
x9JYH,8/7p/p4Qp1/3p2B1/qp2r1P1/7P/1P2k1K1/8 b - - 6 48,a4c2 f6f1,2012,endgame master mate mateIn1 oneMove
4MEoM,6k1/R7/7P/6K1/6P1/8/p7/2r5 w - - 3 64,g5g6 a2a1q h6h7 g8h8 a7a1 c1a1,2014,advancedPawn crushing endgame long promotion
hIfGt,4r3/5k2/p6p/1p1pP1p1/2p5/P1P1R2P/1P3KP1/8 b - - 2 35,e8f8 e3f3 f7e7 f3f8 e7f8 f2e3 f8e7 e3d4 e7e6 g2g4 a6a5 d4c5 e6e5 c5b5,2014,crushing endgame quietMove rookEndgame veryLong zugzwang
NMnHi,r1b1k2r/pp2bppp/5n2/1B6/3Q1N2/4B3/qP3PPP/2KR3R b kq - 1 14,e8f8 d4d8 e7d8 e3c5 d8e7 d1d8 f6e8 d8e8,2015,clearance mate mateIn4 middlegame operaMate pin sacrifice veryLong
divkb,5rk1/p5pp/b1p1pr2/2qp4/3N2Q1/4P3/PPP3PP/1R2R1K1 w - - 2 19,d4e6 c5e3 g1h1 e3e1 b1e1 f6f1 e1f1 f8f1,2015,backRankMate mate mateIn4 middlegame sacrifice veryLong
D7PhO,6k1/2Qn1pb1/b3p1p1/p2pP1B1/Pp1q2NP/1P5B/5P2/6K1 b - - 1 28,d7e5 c7d8 g8h7 g4f6 g7f6 g5f6,2016,crushing kingsideAttack long middlegame
pdpyt,8/p4pk1/P7/3Qpr1p/3b3P/6K1/6P1/8 w - - 0 44,d5e4 f5f4 e4e2 d4f2 e2f2 f4f2,2016,crushing endgame long
3psyQ,8/8/3p4/2kPp3/1pP1K3/pP6/P7/8 w - - 0 51,e4f5 c5d4 c4c5 d4d5 c5d6 d5d6 f5e4 d6e6,2017,crushing defensiveMove endgame pawnEndgame veryLong zugzwang
YMeeR,2k2b1r/Q4ppp/1pp1p3/3pP3/3P1P1P/5Pq1/PPn1K3/RN3B1R w - - 5 22,a7b6 g3e1 e2d3 c2b4,2017,crushing middlegame short
aMQI1,r3k2r/pp3p1p/3bpq2/3Pn3/4p1b1/1P3N2/PBP2PP1/R2QRBK1 w kq - 1 16,f1b5 e8e7 f3e5 g4d1 e5c6 b7c6 b2f6 e7f6,2017,advantage defensiveMove middlegame veryLong
zwtNB,6k1/1r3pp1/RPp2n1p/3p4/8/5PPB/7P/6K1 b - - 2 37,g8f8 h3c8 b7b8 b6b7,2017,advancedPawn advantage endgame master short
MGWqn,r4rk1/2qb1pp1/p1n1p2p/3p2NQ/5P2/1Bb3R1/P1P3PP/1RB4K b - - 1 19,c6d4 h5h6 g7h6 g5e6 g8h8 e6c7,2018,advantage discoveredAttack discoveredCheck kingsideAttack long middlegame sacrifice
Nk2jo,3r2k1/p3ppbp/2p3n1/8/5PP1/1B5b/PPK1N3/3N2R1 b - - 2 25,e7e5 d1f2 e5f4 f2h3,2018,advantage middlegame short trappedPiece
PyTK7,r7/pppkq2p/2n1p1n1/8/2BP2Q1/8/P1P3PP/4R1K1 b - - 2 22,a8e8 e1e6 e7h4 e6g6 h4g4 g6g4,2018,advantage discoveredAttack discoveredCheck long middlegame
b2gUN,2r3k1/5ppp/R3p3/1B1pPb2/nn1P4/2P2N2/5PPP/6K1 w - - 0 22,c3b4 c8c1 b5f1 c1f1 g1f1 f5d3 f1e1 d3a6,2018,advantage attraction endgame fork sacrifice veryLong
dt0kW,1rr5/3p1pkp/1p4p1/1K1n1p2/PP1N4/2P2PP1/7P/R3R3 w - - 3 25,c3c4 d5c7,2018,endgame master mate mateIn1 oneMove
J2iVT,1r6/1Pbnq1k1/p1Q1p2p/3p2pP/3P2B1/4P1N1/6P1/5RK1 b - - 0 34,d7f8 g4e6 c7g3 f1f7 e7f7 e6f7,2019,crushing fork long middlegame sacrifice
R62LQ,2kr3r/p1p2ppp/8/b1p3B1/3Pn3/P1N5/1PPQBPq1/1K1R3R w - - 3 17,c3e4 a5d2 e2a6 c8b8 g5d8 g2e4,2019,advantage long middlegame
dzZ3o,6r1/1R6/2R5/3P1pk1/6p1/4p1P1/3r3P/6K1 w - - 4 48,c6d6 d2d1 g1g2 e3e2,2019,advancedPawn crushing endgame rookEndgame short
3Ab9n,3r2k1/1p4pp/pb2P3/5P2/4P3/P4R1P/1B4P1/7K w - - 4 32,f3g3 d8d1 h1h2 b6g1,2020,advantage endgame short
tQguu,r3kb1r/pp2qpp1/n2p3p/1NnQp3/2B3b1/5N2/PP3PPP/R1B1R1K1 b kq - 3 15,a6b4 b5d6 e7d6 d5f7,2020,advantage attackingF2F7 deflection middlegame short
dVMnH,1r3r2/3b1p1k/6pb/1p1B3p/4P3/P1qp1NQ1/5PPP/R2R2K1 w - - 0 28,f3e5 h5h4 g3h4 c3e5,2022,advantage deflection middlegame short
il79b,6k1/2p1r3/p1p1Pr2/2Np4/6bq/8/PPPQ2P1/R3R1K1 w - - 1 25,d2d4 e7h7 d4f6 h4f6,2022,crushing middlegame quietMove short
rkeV9,4r2k/p5b1/1p4pp/2pP1p2/5q2/2P3NQ/PP5K/R2R4 w - - 1 31,d1e1 e8e1 a1e1 f4f2 h3g2 f2e1,2022,attraction crushing exposedKing fork long middlegame
kEs4s,8/8/1p1p3p/p2P1p2/P4P1k/1P5P/6K1/8 b - - 0 51,h6h5 g2h2 b6b5 a4b5 a5a4 b5b6 a4a3 b6b7 a3a2 b7b8q a2a1q b8d8 a1f6 d8f6,2023,advancedPawn endgame mate mateIn5 pawnEndgame promotion veryLong
40s3H,1r3rk1/pq1bppb1/2pp1npB/7p/N3P1PP/5P2/PPPQ4/2KR1B1R w - - 3 15,g4h5 f6e4 h6g7 e4d2,2024,crushing middlegame short
yezaZ,5k2/8/p3P1p1/P2p1p1p/2pP1K1P/2P5/8/8 b - - 2 42,f8e8 f4e5 e8e7 e5d5 f5f4 d5e4 e7e6 e4f4 e6f6 d4d5,2024,crushing defensiveMove endgame pawnEndgame veryLong
5QZHJ,4rk2/pp2q3/4b1Qp/2pN1pp1/1r2p3/6P1/PP3PP1/3RR1K1 b - - 2 32,e6d5 d1d5 e7e6 d5f5 f8e7 g6g7,2025,crushing exposedKing long master middlegame
LM1Ec,rn1r2k1/p5pp/1p1p1p2/3P4/1P2QBqN/P5P1/5P1P/R5K1 b - - 0 25,g7g5 h4f5 g4f5 e4f5,2025,crushing middlegame short
Q61Pv,r3r1k1/pp2qpbp/2pp1np1/2nP2B1/4P3/2N2NP1/PP1Q1P1P/R3R1K1 b - - 2 15,c5e4 c3e4 f6e4 g5e7 e4d2 f3d2,2025,advantage long middlegame
nK0OO,r4rk1/pbpq1p1p/1p1b2p1/3p1n2/1P1P4/P3PNPB/2Q2P1P/R1B2RK1 b - - 1 16,f5e3 h3d7 e3c2 a1a2 c2b4 a3b4,2025,advantage long middlegame trappedPiece
K1h21,r1b2rk1/2q1ppb1/p1np1npp/3N4/2BNP3/4BP2/PP4PP/R2QK2R b KQ - 1 13,c7a5 e3d2 a5c5 d4c6,2026,advantage defensiveMove master middlegame short
aHLTM,1R6/1p3p2/2b3kp/5Np1/4P3/4KP2/6rP/8 b - - 3 41,c6d7 f5h4 g5h4 b8g8,2026,advantage endgame master sacrifice short
aUUbe,3r1rk1/1b3pp1/1q5p/p3N2n/Pn2P3/1Q4B1/5PPP/1BR1R1K1 w - - 2 27,b1a2 h5g3 h2g3 d8d2,2026,advantage middlegame pin short
HL06q,R7/4n1p1/PR3pkp/3p4/8/5PKP/2r5/8 w - - 1 47,a6a7 e7f5 g3g4 h6h5 g4f4 c2c4,2028,endgame epauletteMate long mate mateIn3
5EBbf,1n3r2/1r3p2/7R/3k1P2/1p2N3/3PK3/1P5P/8 b - - 1 32,b8c6 h6d6 d5e5 d6c6 e5f5 e4d6,2030,advantage deflection endgame long master
A69vq,r7/p5kp/1qp5/2N1R3/P7/1P6/6PP/5RK1 b - - 0 32,a8d8 a4a5 b6b4 c5e6 g7h8 e6d8,2030,crushing endgame fork long
HVPi0,1k5r/pp6/2p4q/P2P4/2P1B3/4R1P1/5PQr/5RK1 w - - 1 38,d5c6 h2g2 g1g2 h6h3 g2f3 h3f1,2030,attraction crushing deflection long middlegame skewer
cJbVy,3q2k1/Q7/4p1pp/3PpN2/2p2r2/1pP1K2P/1P4P1/3R4 b - - 0 30,g6f5 d5e6 f4e4 e3f2 d8d1 a7f7,2030,crushing endgame long sacrifice
z266i,4rrk1/pp1n4/2pq3p/3p1pp1/2PP4/1N1B1Pn1/PPQ2P2/4RRK1 w - - 0 20,f2g3 e8e1 f1e1 d6g3 g1f1 g3f3,2030,advantage exposedKing fork intermezzo long middlegame
27uAa,r1bq1r2/pp2bp1k/3p1npp/2p5/4P3/2NB2Q1/PPP2PPP/R1B1R1K1 w - - 0 13,g3h4 f6h5 h4h5 g6h5,2031,crushing opening quietMove short trappedPiece
XwfbJ,3r1rk1/1bq2p1p/1p2pPp1/3n4/2p5/1P2P2Q/1B3PPP/1B1R1RK1 b - - 0 23,c4c3 d1d5 d8d5 h3h6,2032,crushing master middlegame sacrifice short
rENdA,R7/5p1k/6pp/p7/K1P1Q3/1nP4P/6P1/3q4 w - - 0 33,e4e5 b3d4 a4a5 d4c6 a5b5 c6e5,2032,crushing discoveredAttack discoveredCheck endgame fork long
nYbiS,5r1k/pp4p1/1bp1Pq1p/3p1n2/8/1B1Q1PB1/PP2RPKP/8 b - - 1 27,f8e8 b3c2 e8e6 e2e6 f6e6 d3f5 e6f5 c2f5,2033,advantage middlegame quietMove veryLong
7Nrtd,rn4k1/pp3Pb1/1q1p4/2pp1bB1/7P/8/PPrQNP2/K2R1B1R b - - 0 18,g8f7 d2d5 f5e6 d5f3 f7g8 g5f6,2035,advantage exposedKing fork long middlegame
NXjcG,2kr4/1ppr2pp/p1pb4/8/6Q1/4B1P1/PqP1RP1P/4R1K1 b - - 3 19,b2f6 e3g5 f6g6 e2e6,2035,clearance crushing middlegame short
ZvHWJ,2r1r1k1/pq1n1pbp/1p4p1/2pp4/3Pn3/1P2PN2/PB1NQPPP/2RR2K1 w - - 5 18,d4c5 g7b2 d2e4 d5e4 e2b2 e4f3,2035,crushing hangingPiece long master middlegame
1ym8Q,1R3bk1/2r3p1/4P2p/p1p1n3/2P5/B1P2P2/7P/6K1 b - - 1 29,e5c4 a3c5 c7c5 e6e7 c5f5 e7e8q,2036,advancedPawn advantage endgame long master pin promotion sacrifice
NKLcE,R7/3k1p1p/4pPpP/1P6/2PK2P1/1p6/5P2/2r5 w - - 2 46,a8a7 d7c8 a7a8 c8b7,2037,crushing defensiveMove endgame rookEndgame short
VR5Z8,2r3k1/p5pp/8/5p2/3Rp3/PrBnP3/RP3PPP/6K1 w - - 4 28,g1f1 c8c3 b2c3 b3b1 f1e2 d3c1 e2d1 c1a2,2037,advantage discoveredAttack discoveredCheck endgame fork sacrifice veryLong
InSIF,6k1/p3R1pp/1p6/2p5/r4rP1/7P/P1P2P2/3R2K1 b - - 3 25,a4a2 d1d8 f4f8 d8d7,2038,crushing endgame rookEndgame short
LcAUV,8/1p1r3k/p1pP2b1/4B1p1/4n1P1/P6P/8/1B2R1K1 b - - 4 36,e4d6 b1g6 h7g6 e1d1 d6c4 d1d7,2038,advantage endgame long
bWodD,5k2/1R3b1p/P5p1/6P1/7P/1p6/r5BK/8 w - - 3 43,a6a7 a2g2 h2h1 g2a2,2038,crushing endgame short
tntOL,r4rk1/1p2bp1p/2np1p2/2qNp3/4P3/5QP1/PPP4P/2K2R1R b - - 5 19,c6d4 d5e7 g8g7 f3f6,2038,hangingPiece kingsideAttack mate mateIn2 middlegame short
AhE3J,6k1/p2R1pbp/bqN1p1p1/8/6Q1/r3P3/2P2RPP/6K1 b - - 0 21,b6c6 d7d8 g7f8 d8f8 g8f8 g4b4 f8g8 b4a3,2039,advantage attraction fork middlegame sacrifice veryLong
S1XRI,2r2k2/1b1p1pp1/p3p3/1p2P1PR/1Q1n1Pq1/3B4/8/4K3 b - - 1 29,d7d6 h5h8 f8e7 b4d6,2042,mate mateIn2 middlegame pin short
bFgUM,r3r1k1/5pp1/pq1p3p/1p1b4/1PpbP3/P7/BBQPRPPP/4R1K1 b - - 1 21,d5e4 b2d4 b6d4 e2e4,2042,advantage intermezzo middlegame short
uv8ZA,3rr3/1p4pk/p6p/3P1p2/4nq2/2NQR3/PP4PP/4R1K1 w - - 4 34,g2g3 f4f2 g1h1 f2e1 e3e1 e4f2 h1g2 f2d3,2042,crushing fork middlegame sacrifice veryLong
5hz1D,8/2p2rpk/pp1p2np/4p3/2Q1P3/P1PPPNqP/1P4P1/4R1K1 w - - 7 23,e1f1 g6h4 f3h4 g3e3 g1h2 f7f1,2043,crushing deflection endgame kingsideAttack long sacrifice skewer
62fen,5k2/5p1p/3p1p2/3Pb3/4P3/1q2NP1P/r3QP2/6RK w - - 9 29,e2f1 b3e3 g1g8 f8g8 f2e3 a2a1 f1a1 e5a1,2043,advantage endgame pin veryLong
IVINa,8/5p2/p4k2/2qp1P2/4P3/1Q4KP/8/8 w - - 1 49,b3d5 c5d5 e4d5 a6a5 h3h4 a5a4 h4h5 a4a3 d5d6 a3a2 d6d7 f6e7,2045,advancedPawn crushing endgame queenEndgame quietMove veryLong
gGlTB,5rk1/p4ppp/N3p1q1/3p4/3N4/1P1nP3/P5PP/2Q1R1K1 w - - 1 24,c1d2 d3e1 d2e1 e6e5 a6b4 e5d4,2046,crushing long middlegame
iI5f9,r2r2k1/5pp1/1p3q1p/1P6/p7/P2RPp2/2B2PPb/1QR3K1 w - - 0 26,g1h2 f6h4 h2g1 h4g4 g1f1 g4g2,2046,crushing long middlegame
hTROZ,6k1/R6p/p2K2p1/1r6/8/1bB5/8/8 b - - 7 47,b5d5 d6e7 d5d8 e7d8,2047,crushing defensiveMove endgame master short
MQYcm,8/5p2/R4P2/P4k2/r5p1/6K1/8/8 w - - 0 52,g3h4 a4a3 a6b6 a3h3,2048,endgame mate mateIn2 rookEndgame short
NcF85,r4r1k/1p2q3/n1pbb1Q1/4p3/5P2/P1B3P1/2P4P/RN3RK1 b - - 0 22,f8g8 g6h6 e7h7 h6e6 d6c5 g1g2,2048,advantage defensiveMove deflection long middlegame pin
9qfDK,3r2nr/pk2bppp/2Pp4/3Pp3/2B1P3/4BbPq/1PP2P1P/RN3RK1 b - - 0 15,b7c7 a1a7 c7b8 c6c7 b8c8 c4a6,2050,advancedPawn crushing fork long middlegame
jQzj3,8/7p/6p1/1pn3P1/7P/1PK2kB1/8/8 w - - 4 46,g3e1 f3e2 e1g3 c5e4 c3b4 e4g3,2050,crushing endgame fork long
jVGLw,4rqk1/1bpn1rpp/p2bBB2/1p6/3P4/2N5/PPP1Q1PP/4RRK1 b - - 0 15,d7f6 f1f6 g7f6 e6f7 f8f7 e2e8,2050,advantage discoveredAttack kingsideAttack long middlegame pin
wSwl9,8/8/6kp/1R3p2/5P1P/4r3/6K1/8 w - - 2 41,b5e5 e3e5 f4e5 g6f7 h4h5 f7e6,2050,crushing endgame long rookEndgame
ogEm0,3Q3r/5p1k/1p4p1/8/P3B1q1/3R4/1PP5/4R1K1 w - - 2 36,g1f1 h8d8 d3d8 g4f4 f1e2 f4e4,2051,advantage endgame exposedKing interference long
YxOX3,3r1r2/p1q2pkp/1p2p1p1/4N2n/2PNQn2/1P3P2/P5PP/3R1RK1 w - - 1 22,e5g4 f7f5 e4e5 c7e5 g4e5 d8d4,2052,advantage fork long middlegame
cYMD6,8/8/2p5/4k1pp/pPp2p2/P1P2PPP/5K2/8 w - - 0 37,f2g2 f4g3 g2g3 e5f5,2052,crushing defensiveMove endgame pawnEndgame short
gZ1tT,3rqBkr/pppb3p/2n1pP2/4P3/2B1P3/8/PpP3PQ/1K1R4 b - - 0 20,e8f8 d1d7 d8d7 c4e6,2052,capturingDefender crushing kingsideAttack master middlegame short
mPv2t,r3k2r/2pqbp2/p1ppb2p/7n/3PP2N/2P3p1/PP1N1BPP/R2Q1RK1 w kq - 0 16,d1h5 e6g4 h5a5 g3f2 f1f2 e7h4,2054,advancedPawn advantage kingsideAttack long middlegame
W03lX,r2r4/4nkpp/4npb1/1p2p3/p7/2PNBP2/PPBR2PP/3R2K1 b - - 1 23,d8d7 d3e5 f6e5 c2g6 f7g6 d2d7,2055,crushing discoveredAttack long middlegame
iHFGu,4rk1r/pppb2p1/3p2qp/4n3/2P5/1Q2R2P/PB1N1PP1/5RK1 w - - 1 19,b3b7 d7c6 e3g3 c6b7 g3g6 e5g6,2056,crushing long middlegame
kiZQN,1r6/2qk4/Q1R5/2Pp4/1N6/P2ppPp1/5nP1/5K2 b - - 1 35,c7e5 c6d6 d7e8 d6e6 e5e6 a6e6,2056,crushing endgame exposedKing fork long
49b4T,1r3k2/3q1pp1/3p2p1/2pP4/2PbR3/5PBP/4Q1PK/8 b - - 0 32,b8b2 e4e8 d7e8 g3d6 f8g8 e2e8,2057,crushing deflection endgame long sacrifice
4JEIx,2r2r1k/3n1p1p/p1qp4/2nNp1P1/1Q5P/4BB2/PPP5/2KR3R w - - 1 24,d5e7 c5d3 c1b1 c6c2 b1a1 d3b4,2057,crushing discoveredAttack long middlegame pin queensideAttack
lTJxV,8/p5pk/7p/5b2/4Q3/6P1/PP3q1P/R6K w - - 3 44,e4g2 f2e3 a1f1 f5e4,2057,crushing endgame master pin short
yLpqf,r6k/ppp3pp/8/P1P2p2/3r4/PQ6/3N1PPP/q1B2K1R w - - 3 20,f1e2 a8e8 e2d1 e8d8,2057,advantage defensiveMove middlegame short
BmNQX,8/1p3r1k/p3b2p/2PpPq2/1P6/P4QpP/1B3R2/6K1 w - - 0 39,f3g3 f5b1 g1h2 f7g7,2058,crushing endgame short
R7yIu,k6r/pp6/3Q1Nq1/4p3/4P3/2PP3P/PP2nPP1/R4RK1 w - - 1 28,g1h1 e2f4 f1g1 f4h3 d6f8 h8f8,2058,advantage long middlegame
SojuX,8/8/p4b2/8/PpP1N1pk/1P3p2/8/5K2 b - - 1 63,g4g3 e4f6 g3g2 f1g1,2058,crushing endgame hangingPiece short
Xvr4r,r5rk/1p3p1p/pb1R4/5PPQ/1P2p3/P7/2q4P/5R1K b - - 2 27,b6e3 d6h6 g8g7 f5f6,2058,advantage middlegame short
rGpN4,4R3/pp4k1/3p2p1/PPpN1p2/2Pn1P2/3P3b/3Q2pP/7K w - - 0 30,h1g1 d4f3 g1f2 g2g1q f2f3 h3g4,2058,advancedPawn endgame fork long mate mateIn3 promotion
C0JxK,2kr3r/pp4p1/n1p1p3/4p3/2PqN2P/5P2/PP1BB1P1/2KR3R b - - 2 21,a6c5 d2g5 c5e4 d1d4 d8d4 f3e4,2059,advantage discoveredAttack long middlegame trappedPiece
wHBZd,r2qk2r/1pp2p2/1b1p1n1p/p5p1/P1B1P1b1/2PQ2B1/1P4PP/RN2R2K b kq - 1 14,g4e6 c4e6 f7e6 e4e5,2059,advantage middlegame short
hGlxk,7r/1pk4r/1bpp2p1/p3p1q1/4P3/PB1P1RPP/1P2Q1P1/2R4K w - - 7 31,c1f1 h7h3 g2h3 h8h3 h1g2 g5h6 f3f7 c7b8,2061,advantage defensiveMove kingsideAttack middlegame quietMove sacrifice veryLong
hJYV4,r4rk1/pp1n1p2/2pq4/5bQ1/2B5/2N5/PPP2PPP/R5K1 b - - 0 18,f5g6 c3e4 d6e5 g5g6,2061,advantage kingsideAttack middlegame pin short
Bnpho,8/pp2rp2/7k/2p2RR1/2P4P/1P1n4/P3r1PK/8 b - - 6 32,d3e1 g5h5 h6g7 f5g5 g7f6 h5h6,2062,endgame exposedKing long mate mateIn3
BBvaR,8/R7/P3kp2/6p1/4P2p/4KP1r/8/8 b - - 0 41,h3h1 a7a8 h1a1 a6a7,2064,advancedPawn crushing endgame quietMove rookEndgame short
KHcez,7k/6bp/3P2p1/1pQ1p2r/7q/5P1b/1PP2PRP/3R3K w - - 7 30,d6d7 h3g2 h1g2 h4h3 g2g1 h5g5 g1h1 h3f3,2064,attraction mate mateIn4 middlegame veryLong
jkNSC,1q1rr2k/2R2p2/4bNp1/pp2QnPp/8/8/PPPR3P/2K5 b - - 14 32,d8d2 f6e8 h8g8 e8f6,2064,crushing discoveredAttack discoveredCheck kingsideAttack middlegame short
zm3UH,r5k1/1p1n3p/p2p2p1/2pP3r/P1PbNp1q/3Q1P1P/1P4P1/R1B2R1K w - - 3 22,e4d6 h4g3 c1f4 g3f4,2064,crushing middlegame short
A1MjG,1rr5/5pkp/3pb1p1/pq1Np3/7P/1B6/PK1Q1PP1/3R3R w - - 0 25,b2a1 a5a4 d5c3 c8c3 b3e6 c3d3,2065,advantage long middlegame
XJH21,8/p1br1rk1/1pQ4p/3P2p1/4N3/4B3/PP2KPP1/4R2q b - - 2 31,h1g2 e3d4 g7h7 e4f6 f7f6 c6d7,2065,advantage deflection fork long middlegame
ohlYy,r2q1r1k/pp1n2bp/2p1Q1p1/8/2P3n1/1PN1P1P1/PB3PBP/R3K2R w KQ - 1 14,e6g4 d7e5 g4e2 e5d3 e1f1 f8f2 e2f2 d3f2,2065,advantage fork middlegame veryLong
IatMv,r3k2r/pbppqppp/1pn1p3/4P3/3P4/2PB1N2/P1P1QPPP/R3K2R w KQkq - 3 11,d3a6 e7a3 a6b7 a3c3 e2d2 c3a1,2067,crushing fork long middlegame sacrifice
dRpNd,r3r1k1/1b3pbp/1qn3p1/pp1p3P/3P1B2/1P3N2/P1BQ1PP1/3RR1K1 b - - 0 20,c6d4 e1e8 a8e8 f3d4,2067,crushing intermezzo kingsideAttack middlegame short
W01Sw,3r2k1/p3bpp1/4pn1p/q7/1p1Nb3/4P1BP/PPB2PP1/1QR3K1 b - - 2 22,e4d5 g3c7 a5c7 c2h7 f6h7 c1c7,2068,crushing discoveredAttack long master middlegame sacrifice
gKvn6,1r3rk1/3R3p/6pq/p1p5/4Q3/2P1N1P1/P4P2/6K1 b - - 1 35,f8f7 d7f7 g8f7 e4d5 f7g7 d5e5,2068,attraction crushing endgame long master
ZNimL,r2qr1k1/1b2bppp/p4n2/2p1N3/5B2/2N4P/PPQ2PP1/2R1R1K1 b - - 2 19,d8a5 c2b3 a5b4 b3f7,2069,crushing middlegame short
19N3m,8/5b2/B7/2k5/8/2p5/5PP1/5K2 w - - 0 54,a6d3 f7c4 f1e2 c3c2 d3c4 c2c1q,2070,advancedPawn bishopEndgame crushing endgame long pin promotion
puR3q,5k2/8/4PKP1/5P2/8/6r1/8/8 b - - 0 50,f8e8 f6g7 g3a3 f5f6 a3f3 f6f7,2070,advancedPawn crushing endgame long rookEndgame
zjcd8,6k1/pp4p1/2p3R1/3b3P/7q/2P1Q3/P4P2/6K1 w - - 2 35,g1f1 h4h1 f1e2 h1h5 e2d2 h5g6,2070,advantage endgame fork long
GJaHe,1k1r2r1/p1p2p2/1p6/8/2P4q/1PB1Q3/P4PP1/R3R1K1 w - - 2 26,a1d1 d8d1 e1d1 h4g4 g2g3 g4d1,2072,advantage attraction long middlegame
A6gu9,8/8/6P1/2p2P2/2b2N2/2p1K2p/6k1/8 b - - 1 55,g2g3 f4h3 c3c2 e3d2 c2c1b d2c1,2073,crushing endgame long
EtKUE,r2k1b1r/1p3Qp1/2pNp2p/p2nP2P/3RN3/1q6/1P3PP1/1K1R4 w - - 8 28,f7e6 d5c3 e4c3 b3e6 d6b5 d8e7,2074,crushing defensiveMove discoveredAttack long middlegame pin
TsrWt,rn1qk1nr/1bp2pp1/1p5p/3p4/pb6/1BNP1N2/PPPB1PPP/R2Q1RK1 w kq - 0 10,b3d5 b7d5 c3d5 b4d2 d1e2 e8f8,2074,advantage defensiveMove long opening
bdwME,r3nrk1/1q1b1pbp/2np2p1/1B2p3/4P3/N3BP2/PP1QN1PP/1KR4R w - - 4 16,d2d5 a8a3 b5c6 d7c6 d5c6 b7c6 c1c6 a3e3,2074,advantage middlegame pin veryLong
z9gvE,6k1/4bp1p/2p1n1p1/qp2p3/Pp2P3/1PrRPK1P/3QB1P1/R7 w - - 4 35,d3c3 e6g5 f3g3 g5e4 g3h2 e4d2,2074,crushing deflection fork long middlegame
88E91,5r1k/5pp1/4p2N/1b1p3Q/8/4R2P/3qrPPK/q7 b - - 1 29,e2e3 h6f5 h8g8 f5e7,2075,discoveredAttack discoveredCheck mate mateIn2 middlegame short
jMiGT,5rk1/5pp1/pp3n1p/3q4/3p2n1/PN1P2P1/1P2PP1P/2RQR1K1 w - - 3 22,b3d2 g4f2 g1f2 f6g4 f2g1 g4e3,2075,advantage attraction kingsideAttack long middlegame sacrifice
uHGRp,2r5/4pk1p/3pbBp1/4q3/1Q2P1P1/5P2/K1P3B1/1NR4R w - - 1 30,a2a3 c8a8 b4a4 e5c5 a3b2 a8a4,2075,crushing exposedKing long middlegame pin
H5Hws,4rrk1/2n3p1/1p4qp/p1pPRp2/2P5/P1N4n/1PB1Q2N/5R1K w - - 0 27,c2f5 f8f5 e5e8 c7e8,2077,advantage middlegame short
JVXnp,3Q4/6pk/8/P4q2/1P5P/6P1/6K1/4b3 w - - 7 55,d8g5 f5g5 h4g5 e1b4 a5a6 b4c5,2077,crushing defensiveMove endgame long
KcXdI,4b2k/4Pq1p/pp3b2/2p2p2/4pP1P/P3P2K/1B4Q1/8 b - - 3 36,f7e7 g2g5 h7h6 b2f6 h8h7 g5f5 e8g6 f5g6 h7g6 f6e7,2077,crushing endgame fork pin veryLong
QjbYw,1r1q1rk1/pb1nbp1N/2p1p1p1/4P3/PppP1Q1P/2P3P1/5PB1/R1B1K2R b KQ - 0 16,g8h7 f4h6 h7g8 h4h5 g6g5 g2e4 f7f5 e5f6,2077,crushing enPassant master middlegame veryLong
TZsL0,7B/1Q2nk1p/4ppb1/3p4/8/6R1/1p3P1P/2qRK3 w - - 2 32,g3b3 g6c2 b3d3 c2d3,2077,crushing fork middlegame pin short
YlZW0,r1bq1r2/pp1pb1pk/2n1p3/3nP1P1/3P4/2P1B3/5PP1/RN1QK2R b KQ - 0 14,h7g8 h1h8 g8h8 d1h5 h8g8 g5g6 d5f6 e5f6 f8f6 h5h7 g8f8 h7h8,2077,attraction kingsideAttack mate mateIn5 opening sacrifice veryLong
ZS1RD,3r2k1/ppp2ppp/2pr4/4p1q1/1P2P1b1/2P3P1/P1QNB1KP/3R1R2 w - - 0 21,d2f3 g4f3 g2f3 d6d2 d1d2 d8d2 c2d2 g5d2,2079,advantage collinearMove middlegame veryLong
2FPXX,r2qr1k1/ppp3bp/2p2p2/4PPp1/3P1Q2/5N2/PPP2P2/2KR2R1 w - - 1 22,e5f6 g5f4 g1g7 g8f8,2080,advantage master middlegame short
aBmTy,4b3/7k/4p2P/1p1pPpK1/1Pp5/2P1P3/8/3B4 w - - 1 42,d1h5 e8h5 g5h5 f5f4 e3f4 d5d4 c3d4 c4c3 d4d5 c3c2 d5e6 c2c1q,2080,advancedPawn bishopEndgame crushing endgame master promotion sacrifice veryLong
w8xbS,3r1r1k/p3b2p/7P/1Q2P1p1/8/1B2P1B1/PpPq1PP1/1K5R w - - 1 26,b5b7 d2c1 h1c1 b2c1q b1c1 e7a3 c1b1 d8d1,2081,advancedPawn attraction master mate mateIn4 middlegame pillsburysMate promotion queensideAttack sacrifice veryLong
PI6Sp,8/p2qbprk/1p2p3/3pP1PB/P2P1Q2/1P6/8/5RK1 w - - 1 35,h5f7 e7g5 f4f3 g5f4,2082,crushing discoveredAttack discoveredCheck endgame short
bRnTk,8/7p/5P2/6k1/8/4NRK1/4q2P/8 b - - 6 45,h7h5 h2h4 g5g6 f6f7,2082,advancedPawn crushing endgame master short
ohboL,2kr1b2/pp6/2p1pp2/3pnn2/5Q2/2P4K/PP1N1P2/6R1 w - - 0 27,d2f3 f8h6 f4a4 e5f3,2082,advantage middlegame short
OQML7,8/ppk2pp1/2p5/3p4/1Q6/1P1P1nNK/P1P2q2/3R4 w - - 3 33,d1f1 f2h2 h3g4 h2h4 g4f3 h4b4,2084,advantage endgame exposedKing long skewer
SXaxn,4r1k1/pp4p1/5p1P/3p1p2/1P1P2p1/P1QNP1q1/8/5K1R w - - 0 29,h6g7 g3f3 d3f2 g4g3 h1h8 g8g7,2084,crushing endgame fork long
8DV4O,3r2k1/3q1p1p/p3p1p1/1p1nP3/1b2N3/1P4PQ/PB3P1P/3R2K1 b - - 7 29,d7c7 d1d5 e6d5 e4f6,2086,advantage middlegame sacrifice short
8e7ZM,r4rk1/1pp2pp1/2q3p1/4P3/1p1P1BP1/1PnQ1N1P/1KP5/R6R w - - 7 23,f3d2 c6h1 a1h1 a8a2 b2c1 a2a1 d2b1 a1b1 c1d2 b1h1,2086,advantage middlegame sacrifice skewer veryLong
PmFsQ,8/pk6/1p3p2/1P1p1p1p/P2P1PpP/2K3P1/8/8 b - - 3 44,a7a6 b5a6 b7a7 c3b3 a7a6 b3b4 a6b7 b4b5,2086,crushing endgame pawnEndgame veryLong zugzwang
VtYMz,5R2/7K/7P/5pk1/8/4r3/8/8 w - - 2 65,h7g7 e3e7 g7g8 g5g6 f8a8 g6h6,2086,crushing endgame long rookEndgame
aX4BC,8/1pr5/pR6/k2p4/4q1P1/7P/PQ2B1K1/8 w - - 11 44,e2f3 c7c2 g2g3 e4e1,2087,crushing endgame fork short
4UWN7,4r1k1/pp3pp1/8/3P2R1/2P4P/3pr3/PP6/1K1R4 w - - 1 28,c4c5 e3e1 g5g1 d3d2 b1c2 e1g1,2089,advancedPawn crushing endgame long pin rookEndgame
1KFpu,r5k1/1pP3pp/p3r1p1/4b3/8/P5P1/1P1R1P1P/4R1K1 b - - 0 26,a8c8 d2d8 e6e8 d8e8 c8e8 e1e5,2090,advantage endgame long
MDFft,8/8/7p/2p2kp1/1pPp4/P2K1PP1/8/8 w - - 0 41,a3b4 c5b4 d3d4 h6h5,2092,crushing defensiveMove endgame pawnEndgame short
sorc8,7r/1b6/p2kNpP1/4bP2/6B1/2P5/P2p3P/5RK1 w - - 2 34,g6g7 h8h2 f1d1 h2g2 g1f1 g2g4 d1d2 d6e7,2092,advantage endgame fork veryLong
xTTE1,1n2k2r/p2p1ppp/1p1b4/2p3q1/4Q3/P1NB4/1P2KPPP/n5NR b k - 4 14,g5e5 g1f3 e5e4 c3e4,2092,advantage middlegame short
8sTTX,r1br2k1/1pq2ppp/p7/3Bn3/P6N/5Q2/1PP2PPP/R4R1K w - - 3 19,f3e4 e5g4 h4f3 g4f6,2093,advantage middlegame short
OSLOl,6k1/5p2/pB6/P2p2p1/3Nq2p/4P1P1/3n1P1P/R1R3K1 w - - 6 35,c1d1 h4h3 f2f3 e4e3,2093,crushing endgame short
VN8CP,1r3r2/3N1qbk/p1b3pp/1pp1pp2/8/3RBP1Q/PPP3PP/3R2K1 b - - 5 23,c6d7 d3d7 b8d8 d7d8 f8d8 d1d8,2093,crushing long middlegame
wQtRp,r3kb1r/pppqpppp/2n2n2/1B6/6b1/2N2N2/PPPP1PPP/R1BQK2R w KQkq - 8 7,f3e5 d7e6 b5c6 b7c6 c3e2 e6e5,2094,crushing long opening pin
I5obG,r4rk1/3Rp3/2p1p1pp/1p2P3/2n1q3/P1Q1P3/1B3PPP/2R3K1 b - - 2 21,f8f5 d7d4 e4e5 d4c4 b5c4 c3e5 f5e5 b2e5,2095,crushing discoveredAttack middlegame veryLong
giUmj,3rrbk1/5p2/p3p1p1/2p1P3/Ppp1qPQB/4PR2/1P4P1/R5K1 b - - 5 25,f8e7 h4e7 e8e7 g4h4 e4f3 g2f3,2098,clearance crushing long middlegame
oqgX7,r1b2rk1/pp2ppb1/1q4pp/3pP3/3n2n1/2N2NP1/PP1B1PBP/R2QK2R w KQ - 0 13,c3d5 d4c2 d1c2 b6f2,2098,attackingF2F7 crushing discoveredAttack middlegame sacrifice short
8P05W,1r4k1/2p4p/3p2p1/p1pP4/2P1Br1q/1P5b/P5QK/4RR2 w - - 0 24,f1f4 h3g4 h2g1 h4e1,2099,advantage discoveredAttack discoveredCheck middlegame short
kcIMh,4k1Q1/1p2n3/1q1pNQ2/3P4/4P1b1/6P1/5R2/q1r2BK1 b - - 0 37,e7g8 f6f7,2099,master mate mateIn1 middlegame oneMove
w1nrZ,4Rrk1/p5pp/8/8/2pPQP1q/2P5/PP3K2/8 w - - 8 36,f2e3 h4e1 e3f3 f8e8 e4e1 e8e1,2099,advantage endgame long
Fr9GR,7k/8/6Q1/7p/5q2/7K/6P1/8 b - - 4 53,h5h4 g6h5 h8g8 h5g4 f4g4 h3g4 h4h3 g4h3,2100,crushing endgame exposedKing queenEndgame veryLong
1gj3e,8/2k5/8/PP2b1pp/3NQ3/3K3P/8/1q6 w - - 7 47,d3e3 e5f4 e4f4 g5f4,2101,crushing endgame master masterVsMaster short
Szzng,5rk1/2p2ppp/p1N1p3/6P1/q1PPQP1P/Pr5R/1p1R4/1K6 w - - 5 26,e4c2 a4a3 c6e7 g8h8 c2b3 a3a1 b1c2 a1c1,2101,advantage exposedKing middlegame queensideAttack sacrifice veryLong
ZRfke,8/5Qp1/7p/1p1k4/2p3P1/2PqP2P/6K1/8 b - - 10 38,d5e4 f7e6,2101,endgame mate mateIn1 oneMove queenEndgame
plmoa,r3r1k1/4P1pp/p1p2q2/1p3N2/6Q1/3R2RP/b4PP1/6K1 b - - 1 29,g7g6 d3d6 f6d6 f5d6,2101,crushing middlegame pin short
KV0Hp,4rk2/1p3pR1/4r2p/p1p1PN2/1q1pQ3/1P4P1/2P2P1P/6K1 b - - 0 36,e6e5 g7g8 f8g8 e4g4 g8h8 g4g7,2102,attraction endgame long mate mateIn3 sacrifice
UQREz,5Q2/8/6pk/3q3p/8/5P1P/8/6K1 b - - 2 51,h6g5 h3h4 g5h4 f8f4 h4h3 f4h2,2102,attraction endgame long mate mateIn3 queenEndgame
pbYED,8/8/2k5/3pBp1p/1b1P2pP/4P1P1/2K5/8 b - - 5 47,b4d6 e5d6 c6d6 c2b3 d6c6 b3a4 c6b6 a4b4,2102,bishopEndgame crushing defensiveMove endgame veryLong zugzwang
Gyin3,r1bqk2r/pp1pbppp/2n1pn2/8/3P4/1P3N2/PBP2PPP/RN1QKB1R w KQkq - 3 7,f1b5 d8a5 b1c3 e7b4 d1d3 f6d5,2105,crushing fork long opening
KYac0,r1b1k2r/1p4pp/p2b4/3pPp2/Pn4Bq/1PN5/2PB1PRP/R2QK3 b Qkq - 0 18,d6c5 d2g5 c5f2 e1f1 f5g4 g5h4,2105,crushing defensiveMove long middlegame
ebimP,8/pR2b3/P2p2r1/2pPpk2/3n2pQ/4B2P/2q2PP1/2N3K1 w - - 2 39,h4e7 d4f3 g2f3 g4f3 e7g5 g6g5,2106,crushing discoveredAttack discoveredCheck long middlegame sacrifice
qpXFK,4r1k1/pp3p1q/1np2p1Q/8/2B2PP1/2N4P/PPb5/2R4K w - - 1 25,c4f7 g8f7 h6h7 c2h7,2106,advantage hangingPiece middlegame short
ES20U,2R5/p5pp/1p1K2k1/3p2q1/N2Pr3/3Q4/PP4P1/8 w - - 12 36,c8c6 g5d8,2107,endgame mate mateIn1 oneMove
0lJPA,5r2/bpp1k1q1/p3p2p/P3p1p1/1P6/5NPP/3Q2K1/3R4 b - - 1 31,e5e4 d2d7 e7f6 f3e5 g7d7 e5d7,2108,advantage endgame long quietMove
AqttQ,7Q/8/kp4P1/p1pb3P/P7/4q1B1/1P6/5NK1 w - - 5 50,g1h2 e3e2 h2h3 d5e6 h3h4 e2g4,2108,deflection endgame exposedKing long mate mateIn3
yBINP,r2q2r1/p3bpBk/3p4/3PpN2/4P2n/2Pn1P1Q/PP1K1P1P/R5R1 w - - 13 22,g1g4 d3f2 h3h4 e7h4 g4h4 d8h4,2108,advantage fork long middlegame
O5Jdd,r2q3r/3b4/2p5/ppP2k2/3p1n2/1P3NQ1/P4PPP/4R1K1 b - - 5 25,d8f6 e1e5 f6e5 g3g5 f5e4 g5e5,2109,advantage long middlegame sacrifice skewer
KUbng,8/1p6/2p1k1P1/p2pN3/3n1K2/8/PP6/8 b - - 0 38,d4e2 f4g5 e2g3 g6g7 g3e4 g5g6,2111,advancedPawn crushing defensiveMove endgame knightEndgame long
vhAHU,r7/ppp2b2/n2p1q1k/1B1Pp3/4P1R1/2N2p1P/PPP2Q2/1K6 w - - 11 27,f2h4 f6h4 g4h4 f7h5,2111,advantage defensiveMove middlegame short
7utR8,3r2k1/BBpn1pp1/5n1p/6q1/3P4/P1PQ4/2P3PP/1R3rK1 w - - 0 24,b1f1 g5a5 d3a6 a5a6 b7a6 d8a8,2112,advantage long middlegame
pMmvb,3r1rk1/pp1B4/7q/2b1ppp1/3n4/2P3B1/PP3PPP/R2Q1RK1 b - - 1 21,d8d7 g3e5 d4f3 d1f3,2113,advantage master middlegame short
npIPN,4r1k1/3R2pp/b2Bp3/p4p1r/Pp6/1Bb1R3/5P1P/3K4 b - - 1 34,a6c8 e3e6 e8e6 b3e6 g8h8 d7d8,2114,backRankMate long mate mateIn3 middlegame
pxBMO,3r1r2/1p3pbk/p5qp/1Q3R2/8/4B1P1/PP3P1P/4R1K1 w - - 0 30,b5c5 b7b6 c5c2 d8d5 f5d5 g6c2,2114,advantage long middlegame
D4Zvs,r1b3k1/pp3p2/2pb2pp/q2p4/3Pr2N/4P3/PPQ2PPP/1BR2RK1 w - - 0 18,h4g6 f7g6 f2f3 e4e6,2115,advantage hangingPiece middlegame short
d2q7r,5rk1/2p2pp1/B2p3p/8/4Pp1q/P2P1P1b/2r2P1P/3RQ1RK b - - 1 23,c2f2 d1d2 h3g2 g1g2 f2g2 e1h4,2115,advantage long middlegame
qOL7l,2kr3r/1ppqnpb1/p2p4/3P2Bp/2PN2n1/3Q4/PP1N2PP/1R3RK1 w - - 1 20,f1f7 g4e5 f7e7 e5d3,2115,advantage fork middlegame short
X3wtH,r1bq1rk1/pp3p1n/4pbpQ/3p4/3N4/1P1PPR2/PB4PP/R5K1 b - - 3 18,f6g7 h6g7 g8g7 d4f5 g7g8 f5h6,2116,attraction discoveredCheck doubleCheck kingsideAttack long mate mateIn3 middlegame sacrifice
YxD7I,8/8/p7/8/P7/kr3p1P/3R4/3K4 w - - 0 47,h3h4 b3b1 d1c2 f3f2 c2b1 f2f1q,2116,advancedPawn crushing endgame long promotion rookEndgame
fJEW7,r3r1k1/pp2nppp/2p2b2/8/1PNP1nq1/5N2/PBB2PP1/R2Q1RK1 w - - 0 18,f3h4 f4e2 d1e2 g4e2,2116,crushing kingsideAttack middlegame short
9poTj,k7/P7/1p2Q3/1PqpR1N1/8/6P1/2P2PKr/R6r w - - 3 35,g2f3 c5f2 f3g4 h2h4 g3h4 h1h4,2117,killBoxMate long mate mateIn3 middlegame sacrifice
cP0xx,8/2k5/1p6/1K3p1p/P3p2P/4P3/5P2/8 w - - 0 39,b5a6 c7c6 a6a7 b6b5 a4b5 c6b5 a7b7 b5c4 b7c7 c4d3 c7d6 d3e2 d6e5 e2f2,2117,crushing endgame pawnEndgame veryLong zugzwang
n0Soe,r6k/1p3Q1p/4p1p1/3p4/3b2P1/P1r1B1nP/P5BK/1q2R3 b - - 1 25,b1e1 e3d4 e6e5 f7f6 h8g8 g2d5,2117,fork hangingPiece long mate mateIn3 middlegame
OvcgX,r1b1r1k1/ppq2pb1/2np1n2/6Np/3P3P/3QB3/PPBN1PP1/R3K2R w KQ - 7 16,d2e4 f6e4 g5e4 c6b4,2119,advantage master middlegame short
buwil,r3b2k/pp5p/4R1pP/4Nr2/2p1pP2/4Q3/1qP3K1/2R5 b - - 0 36,e8c6 e5c4 b2f6 e6f6,2119,crushing middlegame short
gUE0c,8/6R1/1p5p/4r2P/PPb2p1k/5B2/5P2/6K1 w - - 3 42,g7g4 h4h3 g1h1 c4d5 f3d5 h3g4,2120,crushing deflection endgame long
20xvF,8/5pk1/8/b3PK2/P5P1/8/8/8 b - - 2 48,g7h6 f5f6 a5c3 g4g5,2121,bishopEndgame crushing endgame short
DLiJn,8/1p6/p2k4/3pp1p1/2P3P1/3K1P2/PP6/8 b - - 0 43,b7b5 c4d5 d6d5 b2b4,2121,crushing defensiveMove endgame pawnEndgame short zugzwang
nwu0B,r7/pp4kp/2p1Q1p1/5p2/5q2/5PRP/Pb5K/3R4 b - - 1 28,b2e5 d1d7 g7h8 d7h7 h8h7 e6g6 h7h8 g6h5 f4h6 h5h6,2121,attraction endgame mate mateIn5 sacrifice veryLong
LmHcC,r2qk2r/4bp1p/p2p4/1pp1pn2/4b1Q1/2P2N2/PP1B2PP/R2B1RK1 b kq - 1 19,d6d5 f3e5 h7h5 g4h3,2123,advantage master masterVsMaster middlegame short
b9IZJ,r4rk1/ppp2ppp/4b3/n2Q4/1q1P4/4PN2/PP3PPP/1K1R1B1R w - - 3 14,d5c5 e6a2 b1a2 b4b3 a2b1 b3d1,2123,advantage attraction fork long middlegame sacrifice
6pHWL,5n2/1r4k1/2p1p1p1/3p4/5Q2/2qN3P/5RPK/8 b - - 1 35,c3d3 f4f8 g7h7 f2f4 g6g5 f4f6 d3g6 f6g6,2127,advantage endgame master quietMove veryLong
Sz8FE,r3r3/pb1R4/1pk4p/4b1p1/6B1/8/P1P2PPP/3R2K1 b - - 3 25,b7a6 g4f3 c6c5 f3a8 e8a8 d7d5,2128,advantage long middlegame skewer
lfcN9,3r2k1/5p1p/5qpB/1p1Qb3/p7/P1P5/1P3PPP/1R4K1 w - - 1 27,d5c5 f6f5 b1e1 e5h2 g1h2 f5c5,2128,crushing discoveredAttack endgame long
u4z21,r3k3/pp3b2/2p5/4qp2/4n3/2P5/PP3PQ1/R1B1R1K1 w q - 7 26,f2f3 e8c8 f3e4 d8g8 g2g8 f7g8,2130,advantage castling clearance long middlegame pin sacrifice
l2gaA,6k1/5pbp/3p2p1/3Pp3/4P1n1/1p3N2/2q2PPP/R4QK1 w - - 2 27,a1c1 g7h6 c1c2 b3c2,2132,advancedPawn crushing endgame sacrifice short
lYmqa,2r5/2p3bk/3r2pp/p3N3/1n6/2N4P/1P3PP1/2R1R1K1 w - - 0 29,e5f7 d6d7 f7e5 g7e5 e1e5 b4d3,2134,advantage long middlegame
q1cUD,2r2rk1/pb3pp1/1p1q3p/1B1pn3/1P1N2n1/P3P3/3N1PPP/2RQ1RK1 w - - 2 17,h2h3 c8c1 d1c1 e5d3 h3g4 d3c1,2134,advantage attraction long middlegame
30fHO,3r3k/p3Q1p1/7p/P4p2/8/5B1P/1rq2PP1/5RK1 b - - 1 29,d8d2 e7e8 h8h7 f3h5 f5f4 h5f7,2135,advantage defensiveMove endgame long master quietMove
eJI5k,4k2r/5pp1/4p3/p1qpP3/1b6/1P1Q1N1P/5PP1/R5K1 b k - 0 25,c5c3 d3c3 b4c3 a1c1 d5d4 f3d4,2135,advantage endgame long
njvav,r4r2/p3ppk1/4N1pp/4P3/1P1Pp1PQ/8/q6P/4RRK1 b - - 0 24,f7e6 h4e7 g7g8 f1f6,2135,collinearMove crushing endgame master short
o4j8V,8/pp1k4/2p2p1p/1PP2ppP/2PK1P2/6P1/P7/8 b - - 2 28,d7c7 f4g5 f6g5 d4e5,2135,crushing endgame master pawnEndgame short
R2JMH,r4rk1/pp3ppp/4pb2/2pq4/3P2N1/2Q5/PPP2P1P/2KR2R1 b - - 1 19,f6d4 g4f6 d4f6 c3f6 d5d1 c1d1,2139,advantage long middlegame pin xRayAttack
cdgz5,5rk1/p2b1ppR/1p6/4p3/3N4/P1PBn1P1/5qP1/2K4Q b - - 1 23,f7f6 h7g7 g8g7 h1h7,2139,attraction mate mateIn2 middlegame sacrifice short swallowstailMate
kbBAj,r2b1rk1/pb1R1p1p/2p3p1/1q1p4/8/PB2BQ2/2P2PPP/1R4K1 b - - 5 23,b7c8 d7d8 f8d8 f3f6 d8d6 f6d6,2139,crushing long middlegame sacrifice
BODH5,8/4k1p1/p1Q4p/1pP1qP2/4P3/P5P1/7P/7K w - - 0 37,c6e6 e5e6 f5e6 a6a5,2140,crushing defensiveMove endgame queenEndgame short
Oq2Xy,8/8/8/1p6/1k6/7P/5PP1/5K2 w - - 0 37,f1e1 b4a3 g2g4 b5b4 e1d2 b4b3,2143,crushing endgame long pawnEndgame
Xyycj,1r3rk1/3npp1p/1qpp1bp1/8/7P/p1N2P2/P1PPQP2/B1KR1BR1 w - - 1 18,h4h5 b6b1 c3b1 f6b2 a1b2 a3b2,2143,advancedPawn collinearMove long mate mateIn3 middlegame queensideAttack sacrifice
Bkh3W,6r1/4Q1P1/p1kp3b/2q1p3/2B1b3/P1P5/1P3P2/K2R4 b - - 0 41,c5c4 d1d6 c6b5 e7e5 b5a4 d6d4,2144,crushing endgame fork long pin
Vkv43,8/p7/R7/1n1rpkp1/1P3pR1/P4P2/4K1P1/8 w - - 3 42,g2g3 b5d4 e2f2 d4f3,2144,crushing endgame short
6H5XK,8/8/6N1/2k2p2/1p3PnP/3K4/8/8 w - - 0 46,g6e5 g4e5 f4e5 c5d5 h4h5 d5e5 h5h6 e5f6 h6h7 f6g7 h7h8q g7h8,2146,crushing endgame knightEndgame veryLong
C7R84,8/5R2/8/2r2k1p/5r2/3K4/8/7R b - - 20 70,f5e5 h1e1 e5d6 f7f4,2146,crushing deflection endgame rookEndgame short
IeqET,3r4/1p2R2k/1pbbp1B1/8/1P4KP/P1Bp4/7P/8 b - - 9 39,h7g6 h4h5 g6h6 c3d2 d6f4 d2f4,2146,endgame exposedKing long mate mateIn3
l5GTr,6k1/1b2bppp/5n2/2p1N3/r3P3/4B1PP/5PB1/1R4K1 b - - 1 24,e7d6 b1b7 d6e5 f2f4 h7h6 f4e5,2146,crushing long master middlegame
3VAqP,2r1r1k1/p2R1p1p/1bp3p1/1q2p3/8/2Q5/PB3PPP/3R2K1 b - - 5 26,b6d4 d7d4 e5d4 c3d4 b5b2 d4b2,2147,advantage long middlegame
OP9Nb,5rk1/8/1p1p3p/3Pp1q1/1P2B1pn/4P3/4Q1PP/5RK1 b - - 3 29,h4f5 e2f2 g5e3 e4f5 e3f2 f1f2,2147,advantage endgame long master
QeDKB,5rk1/pp3ppp/2p3q1/3pr3/PP1Nn3/2P1PQ1P/3P2P1/3R1RK1 w - - 1 20,d4f5 e4g5 f3g4 h7h5 g4g5 g6g5,2147,crushing long middlegame
q1Tpb,8/8/3k2p1/p1p5/P1K1pP1p/4P2P/6P1/8 w - - 3 43,c4b5 d6d5 b5a5 d5c6 a5a6 c5c4,2147,crushing defensiveMove endgame long pawnEndgame zugzwang
5vH6N,1rb2r2/p5p1/2N1kp2/3p3Q/4qP2/P1B1n1K1/1PP3P1/R6R w - - 5 24,h1h2 e3f5 h5f5 e6f5 c6d4 f5g6,2148,crushing long master middlegame
Edr4o,r2q1rk1/1pp2ppp/p1n2b2/3p4/3P2b1/2NB1N1P/PPP1QPP1/2KR3R b - - 0 11,c6d4 d3h7 g8h8 d1d4,2149,advantage discoveredAttack kingsideAttack middlegame short
XHGlz,r3r1k1/5pb1/p3p3/1pp1P1RQ/4q3/P7/1PPB4/R2K4 b - - 1 26,e4h7 h5h7 g8h7 d1e2,2149,crushing middlegame short
YRF6w,2r1r1k1/4Bpp1/p7/1p2P2p/2qPQ2P/P5P1/1PP2R2/1K6 w - - 2 32,e7c5 c8c5 b2b3 c4d5 e4d5 c5d5,2149,crushing endgame long
tDqzc,r1b2rk1/ppp2Bpp/3p4/8/6nq/6N1/PPP2PP1/RN1QR1K1 b - - 0 15,f8f7 e1e8 f7f8 d1d5 c8e6 d5e6 g8h8 e8a8,2149,crushing kingsideAttack middlegame veryLong
cKQ1H,8/6p1/4k2p/4Pp2/4pK1P/6P1/4P3/8 b - - 0 44,g7g5 h4g5 h6g5 f4g5 e6e5 e2e3 e5e6 g5g6,2150,crushing endgame pawnEndgame quietMove veryLong zugzwang
kKzHa,8/8/5k2/p3nB2/P4p1p/7P/6PK/8 w - - 0 42,f5g4 e5g4 h3g4 f6g6 h2g1 g6g5 g1f1 g5g4,2150,crushing endgame master veryLong
jOchP,4r1r1/pppn2pp/2kb1n2/5Q2/2P5/2NpB3/P1P2PqP/R3KR2 b Q - 3 17,a7a6 f5b5 a6b5 c4b5,2152,mate mateIn2 middlegame sacrifice short
DoUIK,5k2/8/2KP4/5N2/6p1/1P6/5n2/5b2 b - - 0 48,f8e8 f5g7 e8f7 d6d7,2153,advancedPawn crushing endgame master short
bwJPl,6k1/pQ3pb1/1p4p1/6B1/1q4n1/1NN2p2/1PP5/2K1rB1R w - - 1 24,c3d1 e1d1 c1d1 g4f2 d1c1 b4e1,2155,attraction fork long mate mateIn3 middlegame sacrifice
s1rvi,1k3r2/1pp3p1/r7/p2P3Q/8/4q2P/PPP2RP1/3R2K1 w - - 3 28,d1f1 a6f6 h5e2 e3e2 f2e2 f6f1,2155,crushing endgame long
pcMir,r4rk1/pp5p/2p1R3/3p4/3P1bP1/1B6/PPP3Kp/5R2 b - - 0 28,g8f7 e6e4 f7g6 e4f4 f8f4 f1f4,2157,advantage endgame long pin
oRLAb,r1b2rk1/ppppqpp1/2n4p/3n4/4P3/P1PB1N2/5PPP/R1BQ1RK1 b - - 1 11,d5c3 d1c2 d7d5 c2c3,2158,advantage opening short
qA1ac,7r/1R6/2pk4/4q1p1/2Pp2Q1/7P/6PK/8 w - - 3 40,h2g1 e5e3 g1h1 e3c1 h1h2 c1f4 g4f4 g5f4,2161,advantage endgame veryLong
rOlEH,3r1rk1/p1qnpp1p/1p3bp1/8/2P5/1P3NP1/PB1Q1PKP/R3R3 b - - 2 17,d7e5 d2f4 e5f3 f4c7,2161,advantage master middlegame short
4MnA3,r2q1r1k/1p3ppp/3Q4/4nP2/4Pp1P/1P3P2/p1P1B3/K2R3R b - - 0 24,d8a5 b3b4 a5a3 d6e5,2163,crushing master middlegame short
CPevB,r4rk1/3b1ppp/pqp1p3/2b5/4NP2/8/PPP2PPP/R2Q1RK1 w - - 0 14,d1d7 f8d8 e4c5 d8d7,2163,advantage middlegame short trappedPiece
Rmpkd,r4rk1/1p3p1p/pqn2Qp1/6N1/1P6/P3P3/5PPP/1bB2RK1 b - - 1 19,b1d3 c1b2 c6d4 f6b6,2163,crushing middlegame quietMove short
hZ41x,6k1/5pp1/p4r2/4Q3/P3p2p/1P2NqP1/2Pr1P1P/4RRK1 w - - 0 36,e3g2 d2f2 e5e8 g8h7 e8e4 f3e4 f1f2 e4d4,2164,advantage middlegame veryLong
vkpPX,2r5/2p2kp1/N1P2p2/1P1PRn1p/6b1/B7/6PK/8 b - - 2 39,f5d4 e5e7 f7g6 a6c7,2166,crushing endgame short
Lzy8i,8/7p/5kp1/1pP5/1n3PPP/5K2/P7/8 b - - 1 47,b4a2 c5c6 f6e7 f4f5 g6f5 g4f5,2168,crushing endgame knightEndgame long
I02SA,r3nrk1/1bqnpp1p/3p2p1/4P3/3P1PP1/5NNP/6B1/1R2QR1K b - - 0 24,d6e5 b1b7 c7b7 f3e5 b7c8 e5d7 c8d7 g2a8,2169,advantage deflection opening veryLong
tHR67,1k1r4/p1p2p1p/Bp2pq2/2r5/8/1P1P1P2/P1P1QP1P/2KR3R w - - 1 22,e2e4 f6a1 c1d2 a1c3 d2e2 c5e5,2169,advantage long middlegame pin queensideAttack
blCBD,8/p2kn2p/6p1/P1pBPp2/2P2p1P/5K2/5P2/8 b - - 4 32,e7c6 d5c6 d7c6 f3f4 c6d7 f4g5,2171,crushing endgame long
rpinV,r1b4r/4kpp1/p1p1p2p/q3P3/PP1Q4/8/5PPP/R4RK1 b - - 0 18,h8d8 d4d6 d8d6 e5d6 e7d6 b4a5,2171,advantage collinearMove long middlegame sacrifice
sn3qe,2r5/1b3kp1/p3qnp1/4ppQ1/8/4P3/PP1R1PPP/3R2K1 b - - 10 25,f6e4 d2d7 f7g8 d7d8 c8d8 g5d8 g8h7 d8h4,2171,advantage fork middlegame veryLong
tnQpc,6r1/1p3k2/p1b1pq1p/2R2p2/3P4/4P1Q1/PP3PPP/1B3RK1 w - - 7 25,g3e5 g8g2 g1h1 g2h2 h1h2 f6h4 h2g1 h4h1,2172,attraction discoveredCheck doubleCheck kingsideAttack mate mateIn4 middlegame sacrifice veryLong
Pz0KU,8/2p5/2p2p2/2Pp3p/1P1PkP1P/6P1/4K3/8 w - - 1 47,e2f2 f6f5 g3g4 f5g4 f4f5 e4f5,2173,crushing endgame long pawnEndgame quietMove
shDQp,4r3/8/p3P3/1p1R1P2/5KP1/8/Pk4P1/4r3 b - - 0 44,e8f8 d5e5 e1f1 f4g5 f8g8 g5f6,2174,crushing defensiveMove endgame long rookEndgame
yDxXf,2kr1b2/ppp2Npr/2n1pn2/5q2/2B3p1/2NP2P1/PPP2P2/R1BQR1K1 w - - 1 14,f7d8 f5h5 c4e6 c8d8 e6d5 f6d5,2174,advantage intermezzo long middlegame quietMove
c6eNp,3r3k/pp5p/8/2b1PPP1/2p5/3b1B2/P4R2/3R2K1 b - - 0 30,c5f2 g1f2 d8e8 d1d3 c4d3 e5e6,2175,advantage endgame long
3HKpV,6r1/7k/p1q1br1p/3p1N2/P2P2P1/2P2p1Q/5K1P/2R1R3 w - - 0 27,f2f3 g8g4 h3g4 f6f5,2176,advantage middlegame pin short
WYgsw,r6r/1p3pp1/p2P1k2/5P2/1Q1p1q2/3P4/PP4R1/4R1K1 w - - 1 28,e1e4 h8h1 g1h1 f4f1 h1h2 a8h8 h2g3 f1d3 g3f2 d3e4,2176,attraction crushing endgame exposedKing fork sacrifice veryLong
5Ta0e,3r1rk1/pp2p1bp/1np1Ppp1/8/1qP5/1P1B1QN1/P5PP/3R1R1K b - - 2 19,b4c3 d3g6 c3f3 g6f7 g8h8 g2f3,2178,advantage intermezzo long middlegame sacrifice
KMHWo,r2q1rk1/pp3pp1/3bp3/1B5p/6n1/5NP1/PPP2P1P/R2QR1K1 b - - 0 16,g4f2 g1f2 d8b6 f2g2 b6b5 d1d6,2178,advantage hangingPiece long middlegame
Ha9BQ,rnb1k2r/p3ppb1/2p2npp/qp2P3/5B2/2N2N2/PPPQBPPP/2KR3R b kq - 0 10,b5b4 e5f6 b4c3 f6g7 c3d2 f4d2,2179,advancedPawn crushing long middlegame sacrifice
DhiFX,4r1k1/5p2/4P1pQ/2r2p1p/pqN4P/1P1R2P1/1KP5/8 b - - 0 41,b4b7 d3d7 b7d7 e6d7,2181,advancedPawn crushing endgame master short
Zb4jt,3n1k2/1p3P2/p5p1/3Q4/P7/1B5P/6PK/5q2 b - - 4 36,d8f7 d5f7 f1f7 b3f7 f8f7 a4a5,2181,crushing defensiveMove endgame long
nX5OX,r1b4r/1pk2ppp/p7/2b3B1/P7/5p2/1P3PPP/2KR1B1R b - - 3 15,c8f5 d1d5 f5e4 d5c5 c7d6 g5e7,2183,crushing fork long master middlegame
roRHp,8/p7/8/6K1/8/1P6/Pk6/8 w - - 1 50,g5f5 a7a5 a2a4 b2b3 f5e4 b3a4 e4d3 a4b3 d3d2 b3b2,2189,crushing defensiveMove endgame pawnEndgame quietMove veryLong
dNigJ,r4rk1/1R2nppp/p1n1b3/3pP3/3P1B2/q2B1N2/P4PPP/3Q1RK1 w - - 1 17,d3h7 g8h7 f3g5 h7g8 b7b3 a3a2,2190,advantage hangingPiece long middlegame
efMCu,8/8/8/P2R4/2Kpk3/2p5/1rP5/8 b - - 2 45,b2b4 c4b4 e4d5 a5a6 d5c6 b4c4 c6b6 c4d4 b6a6 d4c3,2190,crushing endgame rookEndgame veryLong
geaDz,4r3/1bq2pk1/1p4p1/2p1PPPp/3p3P/1P1P2Q1/rB3R2/5RK1 b - - 0 28,c7e5 g3e5 e8e5 b2d4 a2f2 d4e5,2191,attraction crushing long middlegame pin
ynCQy,rnb2k1r/pN3ppp/2p1qn2/8/Q1P2B2/2N3P1/PP2P3/R3KB2 b Q - 0 16,c8b7 a4b4 c6c5 b4b7 e6c6 f1g2 c6b7 g2b7,2191,crushing fork middlegame veryLong
TeBIB,8/8/p4p1p/5k1P/3K4/P5P1/8/8 w - - 1 51,d4c5 f5g4 c5d5 g4h5,2193,crushing endgame pawnEndgame short
VCVX5,3r2k1/4r2p/p1PN1pp1/1p6/1P6/P1PRB1KP/6P1/b7 b - - 2 32,a1c3 d3c3 d8d6 c6c7 e7c7 c3c7,2194,advancedPawn advantage endgame long master
iY1z4,8/5p2/3P2k1/4P3/8/5K2/1R4p1/6r1 b - - 1 63,g1e1 b2g2 g6f5 g2d2,2195,crushing defensiveMove endgame rookEndgame short
dRAIv,8/8/5p2/1pk1p1p1/4P2p/3KPP1P/1P6/8 w - - 0 36,b2b3 c5b4 d3c2 b4a3 c2c3 a3a2 c3b4 a2b2 b4b5 b2b3,2196,crushing endgame pawnEndgame veryLong
XaCds,8/pp3Q2/2k3Bp/6p1/3P4/2P1n1PK/PP1q3P/8 w - - 5 37,d4d5 c6b6 f7e6 b6a5 b2b4 a5a4,2197,crushing defensiveMove endgame long
Q98C1,r1bq1r2/pp1pb1pk/2n1p3/3nP1P1/3P4/2P5/5PP1/RNBQK2R b KQ - 0 13,h7g8 h1h8 g8h8 d1h5 h8g8 g5g6 d5f6 e5f6 f8f6 h5h7 g8f8 h7h8,2198,attraction kingsideAttack master masterVsMaster mate mateIn5 opening sacrifice veryLong
MKQDI,8/7p/8/p3kpp1/2K5/P4PP1/7P/8 b - - 0 45,g5g4 f3g4 f5g4 c4b5,2199,crushing endgame pawnEndgame short
12EbY,2r5/5p2/1k3p2/1p1p3p/p1RRp2P/K1P1P1P1/5P2/8 b - - 0 39,c8c4 d4c4 b5c4 g3g4 h5g4 h4h5 f6f5 h5h6,2200,crushing endgame quietMove rookEndgame veryLong
14mG0,3r2k1/2RP1p2/1p4p1/1B5p/3KP2r/8/8/8 b - - 0 42,h4h2 c7c8 h2d2 b5d3 g8f8 c8d8,2200,advantage defensiveMove endgame long pin
ImVFh,3r2k1/1r3pp1/p1nqp2p/1p6/3P1n2/P4N1P/1P1Q1PP1/1B1R1RK1 b - - 1 20,c6d4 f3d4 d6d4 d2f4 d4d1 f1d1,2200,advantage long middlegame
Y76F2,6k1/pb3p1p/1p1b1p2/3P3q/4B3/5N2/P4PPP/2Q3K1 b - - 3 21,b7d5 c1c8 g8g7 g2g4 d5e6 c8e6 h5h2 f3h2,2200,advantage endgame veryLong
cnVlR,r5k1/pp2pr1p/3p1ppB/3P4/3bQ3/R7/qP3PPP/1R4K1 b - - 1 21,a2c4 h6e3 f6f5 e4d4 c4d4 e3d4,2200,advantage long middlegame
h1nQv,r3k2r/ppp2ppp/2np1n2/8/3PP2q/2N2B1b/PPP3PK/R1BQ3R w kq - 0 12,g2h3 f6g4 h2g2 h4f2,2200,mate mateIn2 middlegame pin short swallowstailMate
qugCS,2r1r1k1/p4ppp/1pN5/2bn4/8/8/P4PPP/RNB1RK2 w - - 3 20,c6a7 e8e1 f1e1 c8e8 e1d1 c5d4,2200,advantage attraction long middlegame
HVqQ0,4rrk1/pp1n2p1/2pq2Np/3p1B2/3Pn3/3Q3R/PPP3PP/5R1K b - - 5 21,d6g6 f5g6 e4f2 h1g1,2202,advantage hangingPiece master middlegame short
bBSEq,8/1p5p/p3k1p1/2R5/5pn1/4p3/PP4PP/6K1 w - - 0 37,h2h3 e3e2 c5c1 g4e5 c1e1 f4f3 e1e2 f3e2,2202,advancedPawn crushing endgame quietMove veryLong
2F9Lk,8/8/4p3/3pNk2/pppP4/P4K2/1PP3P1/8 w - - 0 39,e5c6 c4c3 b2c3 b4b3,2203,advantage endgame knightEndgame short
EKAHS,3k2r1/q2r1p1p/P3pp2/BQ6/8/1P3P2/5RP1/6K1 b - - 4 31,d8c8 a5b6 d7d1 g1h2 a7b8 f3f4,2203,crushing defensiveMove endgame long
IBTGP,8/p1r5/R3k3/3pp1p1/7p/2PKPP1P/6P1/8 b - - 3 36,e6f5 g2g4 h4g3 e3e4 d5e4 f3e4 f5f4 a6f6,2203,endgame mate mateIn4 rookEndgame veryLong
4cGVG,7q/1Q5p/6pk/2p5/1p6/1P5P/r4PP1/3R2K1 w - - 0 36,d1d7 h8a1 g1h2 a1e5 g2g3 a2f2,2204,crushing endgame long
Bieyz,8/3k4/p2N1pp1/KpPp1p2/8/7P/6P1/8 b - - 1 44,d5d4 a5b6 d4d3 c5c6 d7d6 c6c7 d6d7 b6b7,2204,advancedPawn crushing endgame exposedKing knightEndgame sacrifice veryLong
Hfgvb,8/7k/p3QpPp/P2p4/5K1P/2P3P1/8/3q1b2 b - - 0 37,h7g6 e6g8 g6h5 g8f7,2204,endgame mate mateIn2 short
fA32b,5bk1/1b1r2pp/p5q1/P2pp3/1Pp5/2P1B1N1/3Q2PP/5RK1 b - - 5 27,g6d3 d2f2 f8d6 e3c5 h7h6 c5d6,2204,advantage long middlegame
uZpei,1r2k2r/pBp1bppp/8/n3P3/3P2b1/2P3P1/P6P/1RB1K1NR w Kk - 1 15,h2h3 g4f5 b7c6 a5c6 b1b8 c6b8,2204,advantage long middlegame
hUhyD,r4r1k/ppp5/7B/4q3/3bB1Pn/5p1P/PP6/R2Q1R1K w - - 1 29,h6f8 e5e4 d1e1 e4e1 a1e1 a8f8,2205,crushing hangingPiece long middlegame
ku90P,6r1/1pk2p2/p1p5/4PN1p/4Q1r1/1P6/P6K/3R4 w - - 5 39,f5e7 g4e4 e7g8 e4h4 h2g2 h4g4 g2f3 g4g8,2205,advantage endgame exposedKing fork veryLong
MdVUH,8/4k3/5p2/4p2K/4P1P1/8/8/8 b - - 3 59,e7f7 h5h6 f7e6 h6g6 e6e7 g6g7,2206,crushing endgame long pawnEndgame zugzwang
c6IhE,r4rk1/pb3p2/1p2p3/2b4q/4R3/2Q5/PPP1BPPP/R5K1 b - - 3 21,h5h6 c3g3 h6g6 e4g4,2206,crushing middlegame pin short
7aJ53,8/2p3p1/5p2/1p1k1PPp/3P3P/2K5/P7/8 w - h6 0 36,g5f6 g7f6 c3d3 b5b4 d3e3 d5c4 e3e4 c7c6 e4e3 c4c3,2207,crushing endgame master pawnEndgame quietMove veryLong zugzwang
EE4HM,1k1r1b1r/ppp1qp2/2n5/5bBp/1P1Pp3/2P2N1P/P1QN1PP1/R3R1K1 b - - 0 16,e4f3 c2f5 e7g5 f5g5,2207,crushing hangingPiece middlegame short
KfXl4,1rb2rk1/4q1bp/p1p1p1p1/8/3P4/4PN2/PP3PPP/1R1QKB1R w K - 0 14,f1c4 f8f3 g2f3 e7b4 d1d2 b4c4,2207,advantage fork long middlegame sacrifice
1b9oF,8/8/2pk2K1/1p3P2/3P4/1P3R1p/8/7r w - - 0 49,f5f6 h1g1 g6f5 h3h2 f6f7 d6e7,2208,advancedPawn crushing defensiveMove endgame long master rookEndgame
A4mxE,r5k1/2B2pp1/b1p2b2/p4P2/P3PQ2/2Nq3P/KP6/5R2 w - - 3 40,f1d1 d3c4 b2b3 c4c3,2208,advantage deflection middlegame short
FzVb9,r5r1/5p1k/pb3p1p/3ppq2/1P1P4/1NP4P/3Q1PP1/R4RK1 w - - 0 24,g1h1 g8g2 h1g2 a8g8 g2h2 e5e4 f1g1 b6c7,2208,attraction crushing middlegame quietMove sacrifice veryLong
kRdFl,3r2k1/Q1R2pp1/P3pq1p/8/8/7P/r4PP1/5RK1 b - - 0 24,d8d6 a7b8 d6d8 a6a7,2208,advancedPawn advantage endgame short
59fzy,5r2/pp2b1pk/2p4p/3nNr1q/3P4/PP2Pp2/1BQ2P1P/3R2RK w - - 6 25,e3e4 h5h2 h1h2 f5h5 h2g3 e7h4 g3g4 f8f4 g4h5 d5f6,2209,attraction kingsideAttack mate mateIn5 middlegame sacrifice veryLong
1lN9m,1Q6/1p3pkp/5np1/2q5/2P1KP2/1P2R1P1/P5BP/4b3 w - - 1 29,e4f3 c5h5 g3g4 h5g4,2210,endgame mate mateIn2 short
OGv3o,2r5/1p3ppp/1pnk4/8/3n4/3R1P2/PP4PP/3R2K1 b - - 2 20,d6c5 d3d4 c6d4 d1c1 c5d6 c1c8,2210,advantage endgame long sacrifice skewer
SVHAP,4R3/pp3Qpk/7p/8/8/1Pq2K1P/P4PP1/4r3 w - - 5 31,e8e3 c3e3 f2e3 e1f1 f3e2 f1f7,2210,crushing endgame exposedKing long sacrifice skewer
LZkMa,2rq1rk1/B3b1p1/1p1pp2p/nNn1p3/4P3/4QN1P/PPP2PP1/R4RK1 w - - 0 17,b2b4 a5c4 e3e2 c5a4,2211,advantage defensiveMove master middlegame short
P28zI,r3r1k1/1b1p1pp1/p1nBp2p/qpP4P/4B3/2P4R/P1Q2PP1/R3K3 b Q - 0 22,c6b4 e4h7 g8h8 c3b4,2211,advantage middlegame short
Padxm,3nr2k/pp4pp/3bB2q/1Q1P3P/8/P7/1PP3P1/1K3R2 b - - 2 29,e8e6 b5d7 e6e1 f1e1,2211,crushing endgame short
zwiOe,3r1rk1/ppp2pp1/2n2b1p/5N2/1qBp4/1P3Q1P/P1P2PP1/3RR1K1 b - - 4 18,c6e5 f5h6 g7h6 f3f6 e5c4 e1e4,2212,crushing deflection discoveredAttack kingsideAttack long middlegame sacrifice
JV7Aa,4r3/3RP1kp/6p1/3B2n1/pR4P1/7r/6K1/8 b - - 1 37,a4a3 b4b8 e8e7 d7e7,2214,advantage endgame master short
ka5Ke,8/8/2n4p/7P/P7/2KN4/3pk1P1/8 w - - 4 51,d3b2 c6e5 g2g3 e5d3 b2d3 d2d1q,2215,advancedPawn crushing deflection endgame knightEndgame long promotion quietMove
X3346,8/8/1P6/8/P1p2kp1/1r6/2Kp4/5B1R w - - 2 68,a4a5 b3b2 c2b2 d2d1q,2216,advancedPawn crushing deflection endgame promotion short
tJCrq,r1b2R2/pp1kn2p/3N4/8/7P/1P5q/PBPP4/2K1R3 b - - 0 23,d7d6 b2a3 d6c6 f8f6,2216,advantage middlegame short
thPFj,2q4r/p3npk1/1pn1p3/1Qb3pp/8/2PRP1PP/P4PB1/3R2K1 b - - 4 28,h8d8 d3d8 c6d8 b5e8,2216,advantage middlegame short
1ix9Y,7r/1p2kp2/p2q4/3pp3/4P1n1/2PQ4/P4PP1/R3R1K1 w - - 1 25,e4d5 h8h1 g1h1 g4f2 h1g1 f2d3,2217,attraction crushing deflection endgame fork long sacrifice
aeXun,8/7p/p5p1/1ppPkp2/P3P1P1/1P1K4/6P1/8 w - - 0 45,g4f5 g6f5 e4f5 e5f5 d5d6 f5e6 d6d7 e6d7 a4b5 a6b5,2217,crushing endgame pawnEndgame veryLong
hZaER,7r/2p3k1/p1bP4/4p1q1/5p2/2P4P/2P2PPK/1R1QR3 w - - 1 29,f2f3 h8h3 g2h3 g5g3 h2h1 c6f3 d1f3 g3f3,2217,crushing endgame fork sacrifice veryLong
3FzAt,7N/8/8/3kp1b1/1KpP1p2/2P2P2/8/8 w - - 0 55,h8f7 g5e7 b4a4 e5d4,2218,crushing endgame short
ISsQw,5rk1/2q3pR/p1p1p3/3nPrP1/8/6BQ/PPP2b1P/3R3K b - - 1 24,f2g3 g5g6 f5f1 d1f1 f8f1 h3f1 d5f4 h2g3,2219,advantage middlegame veryLong
n6LZm,2k1r2r/1p1qb3/pQp1R1p1/2Pp1n1p/5B1P/8/PP3PP1/2R3K1 b - - 6 23,e7c5 e6c6 d7c6 c1c5 c8d7 c5c6,2219,advantage attraction intermezzo long master middlegame pin queensideAttack
BMcDg,8/5R2/r5p1/3k1pP1/3p1P1P/8/5K2/8 w - - 4 49,f7f6 a6f6 g5f6 d5e6 f2e2 e6f6 e2d3 f6g7 h4h5 g6h5,2220,crushing endgame rookEndgame veryLong
anxLr,2rqr1k1/ppp2ppb/3p1P1p/3Q2n1/2B2BP1/7P/PPP5/3R1RK1 b - - 0 23,d8f6 f4g5 f6g5 d5g5 h6g5 c4f7,2220,advantage kingsideAttack long middlegame
KyWZt,3R4/p4kbR/8/5pP1/1p6/2q1B3/2P2K2/8 b - - 0 32,f5f4 h7g7 f7e6 d8e8,2221,crushing endgame master short
GzDGW,4r2k/p1p2Q2/5R1p/2ppq3/4b2P/1P6/P1P3P1/7K b - - 2 39,e5a1 h1h2 a1e5 g2g3 e5f6 f7f6,2222,advantage endgame long
bCKKu,2r4k/2r1pQ1p/R2p1ppB/1p6/8/2P4P/1q3PP1/1b4K1 b - - 3 29,c8g8 h6g7 g8g7 a6a8 c7c8 a8c8 g7g8 f7g8,2222,mate mateIn4 middlegame sacrifice veryLong
ILXxD,r2q1r2/b1p2kp1/p3bn1p/1p2B3/3P4/2P5/PPQ3PP/RN3R1K w - - 5 16,e5f6 f7g8 b1d2 f8f6 f1f6 d8f6,2223,crushing discoveredAttack long middlegame
UslAW,2rqr1k1/1p3ppp/p2p1b2/3P1Q2/2n2B2/1N6/PPR3PP/5RK1 b - - 1 21,c4e3 f5c8 d8c8 c2c8 e8c8 f4e3,2223,advantage long master middlegame
yxwSb,5rk1/p3Qpbp/2R3p1/8/5q2/5B1P/Pr3PP1/5RK1 w - - 0 21,e7a7 g7e5 g2g3 f4f3,2223,crushing master middlegame quietMove short
EPgvV,6k1/8/6p1/8/p5P1/Pq4QK/8/8 w - - 0 55,h3h4 g6g5 h4h3 g8f7 h3g2 b3g3 g2g3 f7e6 g3f3 e6d5,2224,crushing defensiveMove endgame queenEndgame veryLong
NfSag,r5k1/3n1p1p/p2N2p1/8/1p1Q1P2/1b5P/2p1N1PK/1qR5 b - - 5 32,b3e6 d4e4 a8b8 c1b1 c2b1r e4b1,2224,advantage long middlegame xRayAttack
vJldJ,8/6k1/1R6/1P5P/6K1/5p2/5r2/8 w - - 0 48,g4g5 f2g2 g5h4 f3f2 h5h6 g7f7,2224,advancedPawn crushing defensiveMove endgame long rookEndgame
93ZfI,1q2k1nr/1rp2pb1/3p3p/1N4p1/P1Q1Ppb1/5N2/2PB2PP/1R2K2R b Kk - 3 16,g4f3 b5d6 c7d6 c4c6 e8f8 b1b7,2225,advantage long middlegame sacrifice
ZTV1e,r1b2r1k/p7/2p2pQ1/3pb3/1q3B2/8/PPP3PP/R2K1R2 w - - 3 19,f4e5 b4g4 g6g4 c8g4 d1d2 f6e5,2225,advantage long middlegame
8ECiw,5rk1/1b3qp1/1p3r1p/p2p1R2/6Q1/1PP5/1PB3PP/5R1K b - - 0 24,b7c8 f5f6 c8g4 c2h7 g8h7 f6f7,2227,advantage clearance kingsideAttack long middlegame pin sacrifice
N5rd0,8/p4k2/8/1pbPPKp1/5p2/8/P2B2P1/8 w - - 0 35,f5g5 c5e3 e5e6 f7e8 g5f6 e3d2,2227,advantage bishopEndgame defensiveMove endgame long
OxYcp,3r2k1/1p3ppp/pr1Pb3/8/P5P1/5B2/5P1P/R2R2K1 b - - 0 28,d8d6 a4a5 g7g6 a5b6,2227,advantage endgame short
orzAW,8/1p5k/p3B1pp/P7/1P1b2Q1/5p2/4qP1P/5RK1 w - - 0 35,e6d5 d4f2 f1f2 e2d1 f2f1 f3f2 g1f2 d1g4,2227,advancedPawn crushing discoveredAttack endgame fork pin sacrifice veryLong
qBJDV,r1b2rk1/1p4pp/pq2p3/2bpn3/3B4/2PB1N2/PP4PP/1R1Q1RK1 w - - 0 16,f3e5 c5d4 c3d4 b6d4 g1h1 f8f1 d1f1 d4e5,2227,advantage deflection fork master opening veryLong
611V7,r4r1k/7p/p3Qnp1/1pq5/2B5/2P5/P5PP/R2R3K w - - 1 26,c4b3 a8e8 e6d6 e8e1 d1e1 c5d6,2228,crushing deflection long middlegame
IQpVy,6k1/2p1r1pp/1p1p4/8/8/5Q2/PPP3PP/4qR1K b - - 5 27,e7e8 f3f7 g8h8 h2h3 e1f1 f7f1,2228,crushing endgame long quietMove
Tp0U3,8/6k1/3p1r2/2pPqBp1/P1P3Pp/1P3R1K/5RP1/8 w - - 1 91,f5e6 e5e1 h3h2 e1f2 f3f2 f6f2,2228,crushing endgame long xRayAttack
5A0QE,8/8/8/7p/4p1pP/R1rk2P1/5P2/5K2 w - - 14 49,a3c3 d3c3 f1e2 c3c2,2229,crushing defensiveMove endgame short zugzwang
AcnHW,6k1/1p4pp/p4p2/R2pr3/1P6/2P4P/1P3PP1/5K2 b - - 1 29,d5d4 a5e5 f6e5 c3d4,2229,crushing endgame master rookEndgame short
EUmjI,6k1/rq5p/5Pb1/1p1pQ3/rP2nP2/P6P/KB1p4/3R2R1 b - - 0 39,a4b4 e5e8,2229,mate mateIn1 middlegame oneMove pin
FE9TK,r4rk1/ppp1n1pp/2n3q1/8/3P4/2P2B2/PP3PPP/1RBQR1K1 b - - 0 15,g6b1 d1b3 f8f7 f3e4,2229,advantage master middlegame short
HL0Iq,8/7p/5k2/5p2/5K2/5P1P/8/8 w - - 1 41,f4g3 f6e5 h3h4 h7h5 g3f2 e5f4 f2e2 f4g3,2229,crushing endgame pawnEndgame quietMove veryLong zugzwang
M6gQA,8/7p/7P/1ppNk1p1/3pP3/3K4/2P5/8 w - - 2 40,d5c7 c5c4 d3e2 b5b4 c7d5 b4b3 c2b3 c4b3 d5b4 e5e4,2229,crushing endgame knightEndgame quietMove veryLong
PFm11,r1bq3r/ppp1bkpn/2n3Pp/4p3/3pP3/2PP4/PP2BP1P/RNBQK2R b KQ - 0 10,f7g6 e2h5 g6f6 d1f3 f6e6 f3f7 e6d7 h5g4 d7d6 f7d5,2229,mate mateIn5 opening veryLong
hrvRR,5r2/7p/6pk/5r2/1pBQR2P/1P1N1P1K/6P1/3q4 w - - 1 48,e4g4 d1h1 h3g3 f5f3 g2f3 f8f3,2229,long mate mateIn3 middlegame sacrifice
KfdUN,2r3k1/1p1q1ppp/p7/4B3/8/2Qp4/PP3PPP/1R4K1 w - - 2 26,c3d4 d3d2 d4d2 d7d2,2230,advancedPawn crushing endgame short xRayAttack
XUq9x,4r1k1/1p3pp1/4q3/3r3p/5Q1P/2R3B1/5PPK/8 b - - 3 41,e6e4 c3e3 e4e3 f2e3,2230,advantage endgame master short
wvk3r,5N2/8/3R4/5kP1/5p2/1P3r1P/7K/4n3 w - - 4 42,d6d2 f3g3 d2f2 e1f3 f2f3 g3f3,2230,crushing endgame long
7n5id,r1b2rk1/ppq1pp1p/2np1bp1/8/3NP3/1BN2P2/PPP3PP/R2QK2R w KQ - 0 11,c3d5 c7a5 c2c3 f6d4 d5e7 c6e7,2231,crushing long opening pin
OnCwW,r1b1k1nr/p4ppp/4p3/q2PP3/Pb1n4/1QB5/5PPP/RN2KBNR w KQkq - 0 12,f1b5 a5b5 a4b5 d4b3,2231,advantage middlegame pin short
bMwmJ,1r1r2k1/2R2p2/3PP1p1/7p/pp1Q1PnP/6P1/PPK5/5q2 b - - 3 35,b8c8 e6f7 g8h7 f7f8n h7h6 d4h8,2231,advancedPawn discoveredCheck doubleCheck endgame kingsideAttack long master mate mateIn3 promotion underPromotion
qSQIf,5k2/1p3pN1/p4P2/8/7R/6r1/5K2/3b4 b - - 4 45,g3g7 h4d4 f8g8 d4d8,2231,crushing endgame short
4Nkmo,6rk/pPq4p/8/2Np4/3bPp2/8/2Q2PPP/4R1K1 w - - 0 33,e1c1 c7g7 g2g3 f4g3,2232,crushing endgame master short
eFRar,6k1/R5p1/5p1p/3n1P2/P1n1p1P1/1R5P/2r5/7K b - - 1 37,e4e3 b3b8 g8h7 a7a8 c2c1 h1h2,2232,crushing endgame long quietMove
7fEwz,r2q4/pp3pkp/2brp1p1/2Nn4/3P4/PQ3BP1/1P3P1P/2RR2K1 w - - 7 25,c5b7 c6b7 b3b7 d6b6 f3d5 b6b7 d5b7 a8b8,2233,advantage attraction clearance master middlegame trappedPiece veryLong
GWRTA,8/p7/1p3k2/7p/PP4p1/2PK4/6P1/8 w - - 0 43,d3e4 h5h4 e4f4 h4h3,2233,crushing endgame pawnEndgame quietMove short
LD6kz,6k1/2R2p2/P3b1p1/3p3p/8/1rN3PP/3r1P2/5BK1 b - - 0 33,b3a3 c3b1 d2a2 b1a3,2233,advantage endgame fork short
EC7Kj,r1b2r2/1pq1ppk1/p2p2p1/4n3/P3PQ2/1B6/2PB2PP/R4R1K b - - 3 19,c8e6 f4h6 g7g8 f1f4,2234,middlegame
agKc5,5rk1/q4ppp/4b3/p1r5/1p1Q4/3P4/P5PP/2R1RBK1 b - - 0 27,f8c8 e1e5 a7d7 d4d7,2234,crushing middlegame short
rsf0y,2bq1r1k/r1bn2p1/p1Q2n1p/1pPp4/3P4/1PNB1N2/PB3PPP/R4RK1 w - - 1 17,c3d5 d7b8 c6c7 a7c7,2234,advantage middlegame short trappedPiece
yGJHh,3r4/5R1p/p5pk/2p1P3/P5Q1/1Pp4P/3q4/6K1 b - - 2 42,d2g5 f7h7 h6h7 g4g5 d8d1 g1f2 c3c2 e5e6,2234,advantage deflection endgame veryLong
qraqf,6R1/8/1KB5/1P6/4n3/4kp2/6p1/8 w - - 4 79,b6a7 f3f2 g8g3 e3f4 g3g2 f2f1q,2236,advancedPawn crushing defensiveMove endgame long promotion
y7OsA,8/8/pp4p1/1p3k1p/P1PPp2P/4P1K1/8/8 w - - 0 35,a4b5 a6a5 c4c5 f5e6 g3f4 a5a4,2237,crushing defensiveMove endgame long pawnEndgame quietMove
ym2BZ,6k1/7p/p2b2pq/1p1p1Q2/1PrP2R1/P3PK2/4N3/8 b - - 0 32,h6h3 e2g3 d6g3 g4g6 h7g6 f5h3,2238,crushing defensiveMove discoveredAttack endgame long pin sacrifice
6e5bX,6Q1/1p4p1/p4rkp/1n1pq3/3N4/1PR1PP1P/P5P1/6K1 w - - 3 32,c3d3 b5d4 e3d4 e5e2 g8d5 e2d3,2239,advantage endgame long
QRrs6,r1b3k1/pp2rpp1/3p1n1p/qB1pp3/4P3/2N1PN2/P1PQ2PP/R3K2R w KQ - 2 15,e4d5 e7c7 c3e4 a5b5 e4f6 g7f6,2239,advantage long middlegame
tSoV1,r3k2r/ppp2ppp/2np1n2/8/2BPPBbq/2P1Q3/PP4PP/RN3K1R b kq - 2 11,f6h5 f4g5 h5g3 f1g1 g3e2 c4e2,2239,crushing defensiveMove long middlegame
Db9BL,5rk1/pb1q1rpp/1p2p3/3nB2Q/3p1R2/3B4/PPP3PP/5RK1 b - - 11 20,g7g6 h5h7 g8h7 f4h4 h7g8 h4h8,2240,attraction kingsideAttack long mate mateIn3 middlegame operaMate sacrifice
M6xd8,2rr2k1/1p3pb1/2p2q2/p3PN1p/2P2QpP/1P4P1/P2p1PB1/3R2K1 b - - 1 28,f6e5 f5h6 g8h7 g2e4 e5e4 f4e4,2240,advantage kingsideAttack long middlegame
5e2z1,4r3/p3pkb1/3pR2P/4p1p1/5rB1/P6Q/KPP2q2/8 b - - 0 33,g7f6 h3h5 f7f8 h6h7 f8g7 h5e8,2241,advancedPawn advantage long middlegame
29bmz,8/8/4k3/4pp2/6P1/8/5KP1/8 w - - 0 53,f2e3 f5g4 e3e4 e6f6 e4d5 f6f5 g2g3 f5f6,2243,crushing defensiveMove endgame pawnEndgame veryLong
86fKv,6k1/p5p1/3q3p/2n1p3/4b3/P2pQ1P1/P6P/1R3BK1 w - - 0 30,b1b5 d3d2 b5c5 d2d1q c5c8 g8f7,2243,advancedPawn crushing defensiveMove endgame long promotion
8arZE,5rk1/4r3/6PQ/p7/4R3/5q2/8/4R2K w - - 1 51,h1g1 f3g3 g1h1 f8f2 h6h7 e7h7 g6h7 g8h7,2243,clearance crushing endgame exposedKing quietMove veryLong
AWEfu,8/6pk/4p3/3p4/Q7/1P2bB2/PK1q2P1/8 w - - 11 36,b2a3 d2c1 a3b4 c1c5,2243,endgame mate mateIn2 short
qmcRt,8/8/8/1k3p2/p2P2pP/K1P2P2/7P/8 w - - 0 42,f3g4 f5f4 g4g5 f4f3 c3c4 b5a5 g5g6 f3f2 g6g7 f2f1q,2243,advancedPawn crushing defensiveMove endgame pawnEndgame promotion quietMove veryLong
Jbeya,1rb1Qb1r/ppk1n1pp/2n1p3/3p2B1/3P4/8/Pq3PPP/2R1KB1R b K - 0 18,h7h6 g5f4 e6e5 f4e5 c7b6 e8d8 c6d8 e5c7,2244,mate mateIn4 opening pin sacrifice veryLong
FerQH,8/4k3/1p2b2p/p1p1p1pP/P1P1P1P1/1P2P2B/4K3/8 w - - 4 48,e2f3 b6b5 h3f1 b5a4 b3a4 e6d7 f1e2 d7a4,2245,bishopEndgame crushing endgame veryLong
vzZFT,8/5p2/8/2k1pp1p/7P/4KPP1/8/8 b - - 3 48,c5c4 g3g4 h5g4 h4h5 g4g3 h5h6 g3g2 e3f2,2246,crushing endgame pawnEndgame quietMove veryLong
G1Ker,3r2k1/1R4pp/3q1n2/3p1B2/p7/P7/1P1Q1P1P/6K1 b - - 0 29,d6e5 d2g5 d8d7 f5h7 g8h7 g5e5,2247,crushing discoveredAttack endgame long
RaCgU,2kr2r1/pp2Rp1Q/2p5/8/q7/3p2PP/1PnB1P2/5K2 b - - 3 23,d8e8 h7f5 c8b8 f5e5 b8a8 e7e8 g8e8 e5e8,2247,backRankMate mate mateIn4 middlegame veryLong
WzfGJ,r5k1/p1p3pp/2N3r1/3p4/3Pq3/7P/P2B1P1P/2Q1R1K1 w - - 3 21,g1f1 e4d3 e1e2 d3h3 f1e1 g6g1,2247,backRankMate long mate mateIn3 middlegame
kh4mF,Q7/p4kpp/4pp2/8/3P4/2P5/Prq2PPP/4RK2 w - - 2 28,a8a7 f7g6 d4d5 c2d3 f1g1 b2b1 a7e3 d3e3,2247,advantage defensiveMove endgame pin veryLong
BWuY9,6k1/1p6/2p1p1n1/2P1qp1p/6pP/1QN3P1/PPR1P1BK/4r3 w - - 1 31,c2d2 e5e3 b3e6 e3e6,2248,crushing master middlegame short
rfYsk,r4rk1/1b1qppb1/1p4pB/pNpPp2p/P1P1n3/4Q2P/1P2BPP1/R3K2R b KQ - 1 17,d7f5 h6g7 g8g7 e2d3 f5f2 e3f2 e4f2 e1f2,2249,advantage middlegame veryLong
Q1Vtm,8/8/p3p3/1p2k1pp/2P5/PP2K1PP/8/8 b - - 0 43,g5g4 h3g4 b5c4 g4h5,2252,crushing endgame pawnEndgame short
TRlEj,5r2/p5pk/2p4p/2Pp4/P2Pp2P/2Q1Br1q/5P1P/1R3R1K w - - 3 29,f1g1 f3f2 g1g7 h7h8 e3f2 h3c3 b1g1 c3f3,2252,crushing middlegame veryLong
8BEZO,1r2r1k1/ppb2p2/2p2q2/2P3p1/2PPp2p/2N1QbPP/P4PB1/1R2R1K1 w - - 0 22,g3h4 c7f4 c3e4 f3e4,2253,crushing master middlegame short
9Kp3G,7k/3r2p1/p6p/1p1Qp3/P3P3/K1P3R1/1r5q/6R1 w - - 0 32,d5d7 b5b4 c3b4 b2a2 a3b3 h2c2,2253,endgame long mate mateIn3 triangleMate
a98WG,8/8/4ppp1/2k4p/2P2P1P/2K3P1/8/8 w - - 3 45,c3b3 e6e5 b3c3 e5e4 c3b3 c5d4,2253,crushing endgame long master pawnEndgame quietMove
NdbFr,3k4/1pp5/p3p1pp/2P2p2/2n1p3/P1B1P1KP/1P3PP1/8 b - - 1 26,d8e7 b2b3 c4a3 c5c6 b7c6 c3b4 e7f7 b4a3,2254,advantage endgame fork sacrifice veryLong
O87Be,2k4r/1p1b4/4p3/3pQp2/p1pP1Prq/P1P1R1RN/1P4P1/6K1 w - - 5 33,e3f3 h8g8 g3g4 f5g4,2254,crushing middlegame quietMove short
UOV2q,6k1/R1P2pp1/1p5p/1P1p4/2r1n3/3Q1N1P/5PPK/2q5 w - - 3 30,d3d5 c1f4 g2g3 f4f3 a7a2 c4c1 c7c8q c1c8,2254,crushing deflection endgame veryLong
ZfFnz,3r2k1/ppr2p1p/6P1/4b3/3P4/3QP3/q1B2K2/2R4R b - - 0 25,f7g6 d3b3 a2b3 c2b3 g8g7 d4e5,2254,advantage long middlegame
AoJeC,8/7b/2P4p/3k2p1/4p1P1/p3K2P/P7/1B6 b - - 0 51,d5c6 b1e4 h7e4 e3e4 c6d6 e4d4,2256,bishopEndgame crushing defensiveMove endgame long
tvpbV,r2q1r1k/p4ppB/bp2p3/4P3/1b1PQ3/5N2/P4PPP/2BK3R b - - 1 16,a8c8 c1g5 b4e7 e4h4 e7g5 f3g5 d8g5 h4g5,2256,advantage master middlegame quietMove veryLong
JlbiQ,5n1r/p2Qnk2/1p2p2q/4PpR1/1P1N1Pp1/4P1P1/4NK2/8 w - - 12 39,d7c7 h6h1 g5g7 f7g7 c7e7 g7g8 e7g5 g8f7,2257,crushing defensiveMove middlegame quietMove veryLong
sXv3a,1r1k3r/pp3ppp/8/1Bpq4/QP1n4/8/P4PPP/3R1K1R b - - 0 20,c5c4 a4a7 d8c7 a7d4 d5d4 d1d4,2257,advantage long middlegame
78ySw,8/6N1/b7/4K1pP/8/5k2/8/8 b - - 0 52,f3g4 e5d4 g4f4 h5h6,2258,crushing endgame master short
7w8gG,5R2/6Q1/4p1p1/3pk3/4q2P/5rP1/5PK1/r7 b - - 0 41,e5d6 f8d8 d6c5 d8c8 c5b4 g7b7 b4a3 c8a8,2262,crushing endgame veryLong
9nRmV,8/p4k2/5qpR/3np3/1r4Q1/8/P1K2PP1/5R2 w - - 0 33,h6h7 f7g8 g4c8 g8h7 f1h1 b4h4 h1h4 f6h4,2262,advantage defensiveMove endgame veryLong
1Ms3E,k6r/p2r3p/1PN1p2b/3pP1q1/2pP3p/2P3P1/4BP2/RR4K1 b - - 1 32,h4g3 a1a7 d7a7 b6b7 a7b7 b1a1 b7a7 a1a7,2263,advancedPawn arabianMate mate mateIn4 middlegame queensideAttack sacrifice veryLong
IQL49,8/1p6/1p2k1pp/3p4/PP1K1P2/6P1/7P/8 w - - 3 39,h2h4 h6h5 a4a5 b6a5 b4a5 e6d6,2263,crushing defensiveMove endgame long pawnEndgame quietMove
NHlHn,r5k1/5pp1/1Q2p3/3p4/N3n2p/4P2P/PP1q1PP1/5RK1 w - - 3 25,b6b3 d2a5 a4c3 e4d2 b3c2 d2f1,2263,crushing endgame fork long master
hU6w5,6k1/pp3pp1/2p1p3/2Pr4/1P5R/P6Q/5PPK/4q3 b - - 7 41,e1e5 f2f4 g7g5 f4e5,2263,crushing defensiveMove endgame short
0J7tR,5rk1/2p3p1/p5qp/1p1N1n2/3P1P2/2PQ2BP/PPB3PK/4r3 b - - 0 33,e1e3 d3e3 f5e3 d5e7 g8f7 e7g6 e3c2 g6f8,2264,crushing fork middlegame sacrifice veryLong
IKSyi,8/6p1/4Qp2/P5p1/3p2k1/3b4/3K1R2/1q6 b - - 11 62,g4h5 e6h3 h5g6 h3d3 b1d3 d2d3,2264,crushing endgame long
Nq5jF,8/1pRn1kbp/3r4/P1p1p3/2P2p2/5P1P/R5P1/7K b - - 2 34,f7e7 c7b7 d6d1 h1h2 e5e4 a5a6 g7d4 h3h4 d4g1 h2h3,2264,crushing endgame quietMove veryLong
6DDTF,6k1/3r1p2/p3q1p1/1pP1p1B1/6PQ/2P2r2/PP3PK1/5R2 b - - 6 33,d7d3 f1h1 f3g3 f2g3 e6d5 g2h2,2266,advantage defensiveMove endgame long quietMove
iJ6jN,3rr1k1/1p3pp1/1bp1p1p1/5qP1/3PN3/2P2PP1/1P1B1KQ1/7R b - - 3 41,c6c5 g3g4 f5d5 e4f6,2266,crushing master middlegame short
Qxwka,1r3rk1/4ppb1/p2pb1np/q2N4/2p1P1P1/2P1B2P/PP1Q4/1KNR3R w - - 3 23,e3h6 e6d5 h6g7 d5e4,2267,crushing master middlegame short
SHRoY,5k2/1p1P1P2/3K4/p7/6N1/5P1p/PP2r3/8 b - - 2 49,e2d2 d6e6 d2d7 e6d7,2268,crushing defensiveMove endgame master short
aI6tF,2r3k1/5pbp/3Bp1p1/1P1pP3/p7/P6P/5KP1/4R3 b - - 0 29,c8c2 e1e2 c2c3 b5b6 c3b3 d6b4 g7f8 b6b7,2268,advancedPawn advantage defensiveMove endgame master quietMove veryLong
8GqeA,7r/6kp/4p2R/2rp1pP1/5P2/1p2P3/1P3P1R/1K6 w - - 0 31,h6e6 h8a8 h2h1 c5a5 b1c1 a5a1 c1d2 a1h1,2269,crushing endgame quietMove rookEndgame skewer veryLong
xUUro,5k2/8/R5K1/5P1p/8/8/8/7r b - - 0 49,h5h4 a6a8 f8e7 f5f6 e7e6 a8e8,2269,crushing endgame exposedKing long rookEndgame
vqZWn,3r2k1/p1q2ppp/1p1rp3/8/5Q2/2P3P1/PP3PKP/R3R3 w - - 1 19,a1d1 c7b7 f4e4 b7e4 e1e4 d6d1,2270,crushing endgame long
A4BQ7,rn1qkb2/5pp1/b4n2/4N3/8/2p4P/5PB1/r1BQR1K1 b q - 0 26,c3c2 e5c6 d8e7 d1d8,2271,discoveredAttack discoveredCheck mate mateIn2 opening pin short
BbKyT,8/7p/8/5K2/5p2/4k3/6PP/8 b - - 1 60,h7h6 h2h4 h6h5 f5g5,2271,crushing endgame pawnEndgame quietMove short
c1nmR,2r4k/3b2rp/1q3p2/p4P1Q/1p6/5B2/PPPR4/2K1R3 b - - 1 29,g7g5 h5h7 h8h7 d2d7 g5g7 e1h1 h7g8 f3d5,2272,attraction crushing middlegame sacrifice veryLong
OhdC4,2R5/q6p/4pppQ/4P3/3P2kP/2P3P1/5P1K/r7 w - - 0 39,e5f6 a1h1 h2h1 g4h3 h6c1 a7b7 c8c6 b7c6 d4d5 c6d5 f2f3 d5f3 h1g1 f3g2,2274,endgame fork mate mateIn5 sacrifice veryLong
Zd4ya,4k3/R4p2/4pK1P/4r3/8/8/8/8 b - - 1 53,e5h5 a7a8 e8d7 f6g7,2274,crushing endgame master rookEndgame short
pgHBu,8/2p5/5p2/1P2p1pk/4P3/PB5b/5K2/8 b - - 0 43,h5g4 b3e6 g4h4 e6h3 h4h3 f2g1 g5g4 a3a4 h3g3 a4a5,2274,bishopEndgame crushing defensiveMove endgame quietMove veryLong
nwnuO,8/2k5/1p2p3/1Q3p2/2P5/4q1PK/7P/8 b - - 0 68,e3c5 b5c5 b6c5 h3h4 c7d6 h4g5 d6e5 h2h4,2277,crushing defensiveMove endgame queenEndgame veryLong
3ZSy3,2r3k1/1Q5p/3pP3/3Pq1p1/2B2pP1/1P2pP2/r6P/3R2K1 b - - 2 31,c8a8 b7f7 g8h8 e6e7 a8g8 c4d3 e5g7 e7e8q g8e8 f7e8,2278,advancedPawn crushing endgame promotion veryLong
8ZEkg,8/2p4r/1p1pR3/p2Pnk2/2P2p2/1P3P2/5K2/6R1 w - - 1 50,g1g2 h7h3 f2e2 e5f3,2278,crushing endgame master short
WzKOq,2r5/P5kp/5pp1/8/8/7P/3p1PP1/Q5K1 w - - 0 40,a1d1 c8c1 a7a8q c1d1 g1h2 d1e1 a8a7 g7h6 a7d4 d2d1q d4f4 h6g7,2278,advancedPawn crushing defensiveMove endgame pin promotion queenRookEndgame quietMove veryLong
fHC6E,2b5/8/4k3/p3P3/6p1/PP4Kp/2B5/8 w - - 1 53,g3g4 h3h2 c2e4 e6e5 g4g3 e5e4,2278,advancedPawn bishopEndgame crushing discoveredAttack discoveredCheck endgame long
AHGTS,5rk1/p4p1p/3pp1p1/4P3/3Q1Pbq/3P4/1Pr3B1/1RB2RK1 w - - 3 25,c1e3 c2g2 g1g2 g4h3 g2h2 h3f1,2280,attraction crushing discoveredAttack discoveredCheck exposedKing kingsideAttack long middlegame sacrifice skewer
GhXpH,r1k5/6R1/2pn1p2/p1Npb1p1/4p1b1/P3P1P1/1PPB1P2/2K5 b - - 3 33,a8b8 g7g8 c8c7 d2a5,2280,advantage middlegame queensideAttack short
O4d4k,r1bqk2r/2ppbppp/p7/2nNN3/PpQn4/1B6/1PPP1PPP/R1B1K2R b KQkq - 2 11,c5b3 d5f6 g7f6 c4f7,2280,attackingF2F7 discoveredAttack mate mateIn2 opening sacrifice short
Y0q2b,3r3k/3q2pp/p4p2/1p2p3/8/2b2N2/P1Q2PPP/2R3K1 b - - 4 26,d7d3 c2d3 d8d3 f3e1 d3d6 c1c3,2280,advantage endgame long
lJiKE,r1bq1rk1/1p1pnpbp/p1nBp1p1/2p5/2B1P3/2NP1N2/PPPQ1PPP/R3K2R w KQ - 4 9,d6c5 d7d6 c5e3 d6d5 c4b3 d5d4 e3h6 d4c3,2280,advantage fork middlegame veryLong
8xaU1,1r4k1/7q/Q2p1b2/1p1PpP2/4Npn1/P7/1P3BPr/2R2RK1 w - - 3 31,c1c8 f6d8 c8d8 b8d8 e4f6 g4f6,2281,crushing defensiveMove long middlegame xRayAttack
HBo0U,r4rk1/ppb3pp/4p3/2N5/2Nn1p2/8/PPP2PP1/R1B2RK1 w - - 2 19,c2c3 d4e2 g1h1 f8f5 g2g4 f5c5,2282,advantage long middlegame
CMCDN,4r1k1/pp4p1/7p/5p2/2P5/1P1pBP2/P2Pn1PP/R4K2 w - - 0 25,a1e1 e8e3 d2e3 e2c3,2283,advantage endgame sacrifice short
n6oog,2r3k1/4R1pp/p3Pp2/P7/3p4/2p5/5PPP/3R2K1 w - - 0 29,d1d4 c3c2 e7d7 c2c1q d4d1 g8f8,2284,advancedPawn crushing defensiveMove endgame long promotion rookEndgame
uq2pG,4k2r/1b2pp2/p5p1/1p2n1b1/P2NP2p/2qB3P/2P1KQP1/1R5R w k - 0 22,a4b5 e5d3 c2d3 c3d2 e2f1 d2d3,2284,crushing deflection exposedKing long middlegame
5i1Rz,r6Q/pppqkp2/2np3N/2bBp3/4P3/2PP4/PP3PrP/R3K2R w KQ - 2 25,h8a8 c5f2 e1d1 d7h3 h6g8 g2g8,2285,attackingF2F7 crushing long master middlegame
MUOaR,r3r1k1/7p/pb2p1p1/3pn1q1/RB6/1PR1P1P1/3QB2P/6K1 b - - 2 31,e5g4 e2g4 d5d4 c3c6 g5g4 c6b6,2286,crushing long middlegame
E0MNN,8/R3bk2/1r5p/5p1P/5N2/p5P1/5PK1/8 b - - 8 46,f7e8 f4d5 b6d6 d5e7 d6d7 a7a3,2288,crushing endgame long
RhJs5,5bk1/p6p/1p1Bp1p1/4Pp2/5P2/3P4/r5PP/2R3K1 b - - 5 31,f8d6 e5d6 g8f7 c1c8 a2d2 d6d7,2288,advancedPawn advantage endgame long quietMove
Q0F9U,2R5/6pk/7p/7P/1p6/r1P2K2/6P1/8 w - - 9 56,g2g4 a3c3 c8c3 b4c3 f3e2 h7g8,2290,crushing defensiveMove endgame long rookEndgame
Xk8nM,5k2/R3Qp2/2p3pp/2P1n3/8/6K1/4q3/8 b - - 1 44,f8g8 e7e8 g8g7 a7f7 e5f7 e8e2,2291,crushing discoveredAttack endgame long
V4jJ9,8/3R1pkp/2p2Rp1/pp2Pp2/5P2/q5P1/6KP/8 b - - 1 36,a3b3 f6f7 b3f7 e5e6 f7e7 d7e7,2292,advantage endgame long pin queenRookEndgame sacrifice
Zylco,3r4/3k4/8/pR2PP2/2p3P1/P2p1K2/1P6/8 w - - 0 42,f3e3 d7c6 e5e6 d3d2 e6e7 d2d1q,2292,advancedPawn advantage endgame long promotion rookEndgame
vwKp4,5r1b/8/p2R2k1/1p2pNp1/4Pn2/2P5/PP4PP/6K1 b - - 1 32,g6h5 d6h6 h5g4 f5e3,2292,endgame mate mateIn2 short
w6gV5,8/1p5p/5pk1/1P3R2/5p1P/7K/5PP1/1r6 w - - 2 34,h3g4 h7h5 f5h5 f4f3 g4f3 g6h5,2292,crushing deflection endgame long rookEndgame
2VuWz,2r3k1/pp4pp/1q1p4/8/3nP3/1P1pQ1N1/P5PP/5RK1 w - - 2 27,e3d3 c8c3 d3d1 c3c1,2293,advantage endgame master short
4yZ7o,8/5p2/4p2p/p2pP3/1k2b2N/4P1P1/3KB3/8 w - - 0 40,e2h5 a5a4 h4f3 a4a3 d2c1 b4c3,2293,crushing defensiveMove endgame long quietMove
9z5h9,8/5k1p/2p4K/1p2BPP1/1P6/p7/2n5/8 b - - 1 51,f7g8 g5g6 h7g6 h6g6 c2e3 f5f6,2293,crushing endgame long
Go8qb,2r1k2r/1p1bnpp1/p1n1p3/2Q1P3/qPNp4/2P2NPp/P4P1P/R1B1K2R b KQk - 4 17,c6b4 c4d6 e8f8 c5b4 a4b4 c3b4,2293,advantage fork intermezzo long master middlegame
HAkjl,rnb1k2r/pp3p2/4p2p/2bp2p1/N7/3B1NP1/PqP2PP1/R2Q1RK1 b kq - 1 12,b2b4 a1b1 b4a4 d3b5 a4b5 b1b5,2293,advantage fork long middlegame sacrifice
o9yZd,3R4/4r1pk/8/6PP/3pp3/6K1/8/8 b - - 0 40,e4e3 g5g6 h7h6 g3g4 e7e4 g4f5 e4e5 f5e5,2295,crushing endgame rookEndgame veryLong
9pLBw,8/1R4p1/p2p4/k4rp1/8/1BP2P2/PP2K1P1/7r b - - 2 34,h1h2 b3d1 h2g2 e2f1 g2b2 b7b2,2296,crushing defensiveMove endgame long quietMove
Bq6A3,r1b2rk1/pp3pbp/4pBp1/2p3P1/5P2/4q1NP/1P4K1/R2Q1R2 b - - 4 25,b7b6 a1a3 c8b7 g2h2 g7f6 a3e3,2296,advantage defensiveMove long middlegame trappedPiece
a3j0m,6k1/p5p1/3p1p2/3Pp2Q/4q1PK/1P2B3/8/8 w - - 2 40,e3f2 g7g6 h5h6 e4h1 h4g3 h1h6,2296,attraction crushing endgame long skewer
nmDje,2r1k2r/p4pp1/1n2pq2/8/7p/BQ6/P1p2PPP/2R1R1K1 b k - 1 22,f6c3 e1e6 e8d8 e6d6,2297,crushing middlegame short
Gv0cn,3Qr2k/1p2Pqpp/p7/3p3r/8/8/PP2R2P/4R2K b - - 4 33,f7f3 e2g2 f3f7 g2f2 h5h2 f2h2,2299,advantage endgame long
MN9dE,3Q4/k4p2/1p6/6p1/8/1P3bPq/PB3P2/R4RK1 w - - 1 36,d8c7 a7a6 c7c4 b6b5 c4c6 f3c6,2299,crushing defensiveMove endgame long
nm11M,5rk1/p4p1p/6p1/1p3q2/2nrNP1P/2R3P1/PP6/1Q2R1K1 w - - 0 27,b2b3 c4a3 b1c1 d4e4 e1e4 f5e4,2299,advantage long middlegame
8GW6B,rn2k2r/3p1Npp/p4n2/q3p3/bp6/1B2P3/PPP2PPP/R2Q1RK1 b kq - 0 14,h8f8 f7d6 e8e7 d6f5 e7d8 d1d6,2300,clearance crushing long opening
FeB0t,4k1R1/p1p4n/1p2p3/4P3/2P2R2/2P1K1Pq/P7/8 b - - 1 49,e8d7 f4f7 d7c6 g8g7 h3h6 e3d3 h6g7 f7g7,2301,crushing endgame master masterVsMaster veryLong
bnOYh,4r2k/pRQ3p1/7q/5p2/3Pp3/5n1P/P1P2P2/5R1K w - - 7 28,h1g2 e8e6 c7g7 h6g7 b7g7 h8g7,2301,advantage endgame long quietMove
pMW7B,1r3rk1/3b1ppp/1qnp4/4nNQ1/p3P3/6NP/PP3PP1/R4RK1 b - - 9 25,g7g6 f5h6 g8g7 g3h5 g7h8 g5f6,2302,kingsideAttack long mate mateIn3 middlegame pin
MWuTY,r3k2r/pp3pp1/2p1pn2/2P4p/3P4/1P2BPq1/P3B3/R2Q1R1K w kq - 0 22,f1f2 f6g4 d1g1 g3g1 a1g1 g4e3,2303,crushing exposedKing kingsideAttack long middlegame
haVDV,rn4n1/pp2pkbQ/6p1/2p2b2/6q1/6P1/PPPPNP1P/RNB1K2R w KQ - 1 11,h2h3 g4f3 h1h2 g6g5 h7g7 f7g7,2303,crushing long middlegame quietMove trappedPiece
4xXXF,2r3k1/1p4bp/pQ2bqp1/4p3/P1P1P3/5N1P/1P2BPP1/3N2K1 b - - 0 23,e6c4 e2c4 c8c4 b6b3 f6e6 f3g5,2305,advantage long master middlegame pin
11CUs,r2q4/pp2r2k/2pp4/3B1p2/4P3/2P2PR1/PP1Q1P1P/5K2 b - - 3 24,c6d5 d2g5 h7h8 g5f6 e7g7 f6g7,2307,endgame exposedKing long mate mateIn3
stZL9,1R6/6pp/4k3/1p6/1Pr1p1PK/7P/8/8 w - - 0 52,b8b5 e4e3 h4g3 c4e4 g3f3 e3e2,2308,advancedPawn clearance crushing endgame long rookEndgame
ESxYD,r1b3k1/pp3r1p/1b3npB/3pq3/8/PN1Q3P/1PB2PP1/R3R1K1 b - - 1 20,e5b2 h6c1 c8f5 c1b2 f5d3 c2d3,2309,advantage long middlegame trappedPiece
ZyTis,8/8/1k1p4/3Pp1pp/4P3/3K2PP/8/8 w - - 4 45,g3g4 h5g4 h3g4 b6b5 d3c3 b5c5,2310,crushing endgame long pawnEndgame zugzwang
47jMT,8/8/8/4k2p/4p2P/4K1P1/8/8 w - - 2 64,e3e2 e5d4 g3g4 h5g4 h4h5 d4e5 h5h6 e5f6 h6h7 f6g7 h7h8r g7h8 e2e3 g4g3,2311,crushing endgame pawnEndgame veryLong zugzwang
EcZVo,5rk1/6r1/p2p1P1Q/p1pP1P2/2P1p3/2NK1P2/1q2B3/7R w - - 0 35,d3e4 b2c2 e4e3 c2c3,2312,advantage fork middlegame short
7nMAp,2B5/8/p7/1p3pkp/6p1/6K1/PP6/8 w - - 0 51,g3g2 a6a5 b2b4 a5b4,2313,bishopEndgame crushing endgame quietMove short
HX8vK,r2n1rk1/p5pp/1p1b1q2/2pQ4/3p4/P4P2/1P2BP1P/R1B1R2K b - - 4 23,g8h8 d5a8 f6h4 f3f4 h4f2 c1d2,2313,advantage defensiveMove hangingPiece long middlegame quietMove
fHrUs,r4rk1/ppp1n1pp/7q/3Ppb2/8/1QP3P1/PP1N2BP/R4RK1 b - - 1 19,h6d2 d5d6 e7d5 b3d5 d2d5 g2d5,2314,advantage discoveredAttack discoveredCheck kingsideAttack long middlegame
wWyl9,2k5/1p6/1B6/3P1r2/2P2br1/P7/1P2R1p1/1R4K1 w - - 0 36,b1e1 f4h2 g1h2 g2g1q e1g1 f5h5,2314,advancedPawn attraction endgame exposedKing long mate mateIn3 promotion sacrifice
BN0hC,8/8/4ppp1/pk1p3p/3P1P1P/1PK1P1P1/8/8 w - - 0 34,c3d3 b5b4 d3c2 b4a3,2315,crushing endgame pawnEndgame short
gmC8f,r2q3b/p1n1k2P/1p2p2R/3p1nN1/1P1P2Q1/P7/5PP1/R3K3 w Q - 10 26,g5e6 f5h6 g4h4 e7e6,2315,advantage hangingPiece middlegame short
RXDno,8/8/5p2/3p4/6n1/5QK1/P3k1P1/3q4 b - - 4 49,e2d2 f3d5 d2c1 d5d1 c1d1 g3g4,2316,crushing endgame long
otl2R,Q1b1k1nr/2qp2pp/p1nbpp2/1pp3B1/8/P1NP4/BPP2PPP/R3K1NR w KQk - 0 11,g5e3 e8e7 c3e4 c8b7 a8b7 c7b7,2316,advantage long opening trappedPiece
iBe1b,8/5PR1/p7/k1p5/P3K3/7r/2p5/8 w - - 0 60,f7f8q c2c1q f8d8 a5b4,2317,advancedPawn advantage endgame master promotion short
AhHDM,5r1k/3Q3p/2p4P/p1q3pp/1p2P3/8/PPP5/1K1R4 b - - 3 32,c5e5 d7f7 f8f7 d1d8 e5e8 d8e8 f7f8 e8f8,2318,clearance endgame mate mateIn4 sacrifice veryLong
xmLiK,2kq2r1/pp3p1p/1npbp3/7b/8/1P1P1NP1/P1PQBP1P/R4RK1 w - - 2 18,a1d1 d8f6 f3e1 d6f4 d2f4 f6f4,2318,advantage long middlegame pin
S9Sne,r5k1/pp1q1pp1/2p2n1p/2bp1P2/5B2/1P1B4/1PPQ1PPP/4R1K1 w - - 0 19,f4h6 g7h6 d2h6 c5f2 g1f1 f2e1,2319,advantage kingsideAttack long middlegame
af7EI,1r1q1rk1/pb2ppbp/6p1/2p5/3pB3/1P1Q2P1/PBP1PP1P/R2R2K1 w - - 0 15,e2e3 c5c4 d3c4 b7e4,2319,crushing deflection master middlegame short
1CcmY,8/4k3/1pp2n2/3PKP2/1P5P/P7/8/8 b - - 2 48,f6d5 b4b5 d5f6 b5c6,2320,crushing endgame knightEndgame short
dOqZF,5rk1/3R1p1p/bq4p1/p1b5/1p3Q2/6PN/PPP1rPBP/3R2K1 b - - 5 23,e2c2 g2d5 c2f2 h3f2,2323,crushing master middlegame short
3Yuay,3rr2k/1pp3pp/4Qp2/pPPNnP2/P3P1q1/8/6PP/3R1RK1 w - - 5 33,d5f6 g4d1 e6e8 d8e8 f1d1 g7f6,2324,advantage long middlegame
JsE5c,2b2r1k/1ppp3p/6pN/3B2Q1/3q4/r5P1/P3PP1P/R4K1R w - - 4 22,f1g2 f8f2 g2h3 d7d6 h6g4 c8g4 g5g4 d4d5,2326,advantage discoveredAttack discoveredCheck master middlegame veryLong
YOhJd,2rq2k1/p3b2p/2p3p1/2PpN3/3Pn2P/PQ6/6PB/5RK1 b - - 0 30,e4d2 b3h3 d2f1 h3e6 g8g7 e6f7,2326,crushing long middlegame sacrifice
IDg7m,8/5ppk/4p3/8/2P4Q/5q2/2K2P2/8 b - - 0 55,h7g8 h4d8 g8h7 d8d3 f3d3 c2d3 h7g6 d3d4,2327,crushing defensiveMove endgame queenEndgame veryLong
paLBH,rn1qk2r/4bppp/4p3/1Q1p4/3P4/4PPB1/PP3P1P/2R1K2R b Kkq - 0 15,d8d7 c1c8 e7d8 c8b8 a8b8 b5b8,2327,advantage long middlegame pin
AtVKX,rn3rk1/1b3pb1/p2p1n2/4pN2/1p2PN2/3B2R1/PPP3PP/4R1K1 b - - 1 23,e5f4 f5e7 g8h8 g3h3 g7h6 h3h6 h8g7 e7f5,2328,crushing fork middlegame veryLong
Gk6zK,r1b2rk1/pp5p/2np2p1/5q2/2P1Np2/PP1BP2P/6PN/Q5KR b - - 0 21,f4e3 h2g4 f5f4 g2g3 f4e5 g4e5,2328,advantage long middlegame
aRDX6,8/pp2k3/7p/2pp2pP/2P3P1/P2K1P2/1P6/8 b - - 0 33,e7d6 c4d5 d6d5 f3f4 g5f4 g4g5 h6g5 h5h6,2328,crushing endgame pawnEndgame sacrifice veryLong
S2dMU,1r3rk1/QP3pp1/7p/6q1/2B1P2b/2N2P2/PP2K1n1/R6R w - - 6 21,h1g1 b8b7 a7b7 g5e3,2330,crushing middlegame sacrifice short
r3PD8,6k1/5ppp/2p5/p1P5/Pr1Pp3/7P/5PP1/3R2K1 b - - 1 28,b4a4 d4d5 c6d5 d1c1 a4b4 c5c6 b4b8 c6c7 b8c8 c1b1 g8f8 b1b8 f8e8 b8c8,2330,advancedPawn crushing endgame pin quietMove rookEndgame veryLong
yIxqV,8/6p1/7p/1K2p3/3k4/3p4/6PP/2R5 w - - 2 49,b5b4 d3d2 c1c7 d4e3 c7d7 e3e2,2330,advancedPawn advantage defensiveMove endgame long rookEndgame
emP05,3Rr1k1/ppq2p1p/2p3pB/5b2/4N3/2P2PbP/PPQ3P1/4R1K1 b - - 0 19,c7d8 e4f6 g8h8 e1e8 d8e8 h6g7 h8g7 f6e8,2331,advantage attraction discoveredAttack fork middlegame veryLong
t9lhb,8/8/p1k2p2/1p2pPp1/1P2K1P1/P4P2/7P/8 w - - 3 36,h2h4 g5h4 e4e3 c6d5 e3e2 e5e4 g4g5 e4f3 e2f3 f6g5,2332,crushing endgame pawnEndgame veryLong zugzwang
4AAYC,6R1/8/5p1p/5p1k/4r2P/5KP1/5P2/8 b - - 10 51,e4g4 g8g4 f5g4 f3f4 f6f5 f4e5 h5g6 e5e6,2333,crushing endgame rookEndgame veryLong zugzwang
ZJdwO,r6r/5pk1/p1Q1p1pb/2P1P3/3P1P2/6Rp/PP1Bq3/6RK b - - 2 32,e2d2 g3g6 f7g6 c6b7 g7f8 b7a8,2333,crushing interference long middlegame sacrifice
cTChr,3r3r/k5p1/1pQ4p/3p2q1/3P1p2/P2BPb2/5PPP/2R2RK1 w - - 3 22,c6a4 a7b8 g2g3 f4g3 f2g3 g5e3 f1f2 e3c1,2333,crushing deflection fork middlegame pin veryLong
2WWJP,8/7b/5K1P/4p3/4Pp2/5P2/2k5/8 b - - 1 57,h7e4 f6e5 e4d3 e5f4 d3h7 f4e5,2335,bishopEndgame crushing defensiveMove endgame long
25U57,1k6/1p3q2/pbp2p2/2p1pPr1/5r2/1PP2P1Q/PK1R4/3RN3 b - - 0 31,g5f5 h3h8 b8a7 d2d7 f7d7 d1d7,2336,crushing long middlegame
iXz7s,1r6/3n1pk1/1q4pp/3pp3/3P3P/2PB1P2/1P1Q2P1/2K4R w - - 0 27,d4e5 d7c5 c1d1 c5d3,2337,advantage endgame short
f3yxC,5rk1/pp1Q1p2/q7/6N1/5R2/4P3/PPr4P/3R1K2 w - - 5 31,d7d3 f8d8 g5e6 d8d3,2338,crushing middlegame pin short
VkxbG,8/8/2k5/1p2p3/1Kp1Pp2/2P2P2/2P5/8 w - - 3 61,b4a5 c6c5 a5a6 b5b4 c3b4 c5b4 a6b6 c4c3 b6c6 b4a3 c6d5 a3b2 d5e5 b2c2,2339,crushing endgame pawnEndgame veryLong zugzwang
dzJjY,6rk/p6p/3p4/1p2p3/2n5/P3P2q/BPP1Q2P/5R1K b - - 4 27,c4e3 f1f3 g8g2 f3f8 h8g7 f8g8 g7f6 g8g2 e3g2 e2g2,2339,advantage endgame veryLong
6D7as,r1b2rk1/ppq2p2/4p2p/2b1P1N1/2p3Q1/2RB4/P4PPP/6K1 b - - 0 25,c7e5 d3h7 g8g7 g5f3 g7h7 f3e5,2341,advantage discoveredAttack discoveredCheck kingsideAttack long middlegame
FWyzO,2Q5/3rbp1k/1p2q2p/2p1P1p1/3n4/4N2P/P2R1PPB/3R2K1 w - - 0 33,e3g4 d4f3 g2f3 d7d2 c8a8 d2d1,2341,advantage discoveredAttack kingsideAttack long middlegame
V4EpP,1q3r2/2N3kp/p4pp1/4p3/P3P3/2Q4P/1r4PK/5R2 b - - 1 33,f8f7 c7e6 g7g8 f1d1 h7h5 d1d8 g8h7 d8b8,2341,advantage endgame fork master quietMove veryLong
Iq1x6,N2k3r/pp1n1ppp/8/3QP3/8/8/P3q2P/1KR5 b - - 5 24,a7a6 a8b6 e2b5 d5b5 a6b5 c1c8,2342,advantage endgame long pin
buiR2,8/2P5/8/4Q2k/6pp/8/6PK/2q5 b - - 1 47,h5h6 e5f6 h6h5 f6f5,2342,crushing endgame master queenEndgame short
JDY1P,8/8/8/8/pk2K2P/2p1B3/1bP5/8 w - - 0 45,e4d5 a4a3 e3c5 b4b5 c5a3 b2a3 d5d4 b5b4,2343,bishopEndgame crushing defensiveMove endgame veryLong
oEb0Z,5N2/2p3pk/Q6p/5p2/8/4q2P/1r1r1PP1/5RK1 b - - 1 39,h7h8 a6g6 h8g8 f2e3,2343,crushing endgame short
0XAOu,2kr1r2/pppqbpQp/2n1b2B/1B1pP3/8/2P2N2/PPP3PP/R3K2R w KQ - 7 12,e1c1 f8g8 g7h7 g8h8 h7d3 h8h6,2344,advantage long master middlegame skewer
6Qw4N,k7/1p2r1R1/p6P/P7/3n4/8/3r2P1/1R4K1 b - - 0 42,e7g7 h6g7 d4e2 g1h2 d2d8 b1f1 a8a7 f1f8,2344,advancedPawn crushing endgame quietMove veryLong
Klyg1,8/8/8/1p1k1p2/5B1p/1P2KPbP/8/8 b - - 0 41,d5c5 f4g3 h4g3 f3f4 g3g2 e3f2 c5b4 h3h4 b4b3 h4h5 b5b4 h5h6 g2g1q f2g1 b3c2 h6h7,2345,advancedPawn bishopEndgame crushing endgame quietMove veryLong
frLyC,8/5p2/pp6/3kPK2/PP6/8/8/8 w - - 5 46,f5f6 b6b5 f6f7 d5e5 a4b5 a6b5,2345,crushing endgame long pawnEndgame
jdGl4,5r1k/4q1p1/1p4p1/p1b2p2/2B5/1P2PP1K/4Q3/6R1 b - - 1 34,e7e3 g1h1 e3g5 f3f4 g5f4 h3g2,2345,advantage discoveredAttack discoveredCheck endgame long quietMove
vveQg,8/2p2ppp/8/1p1k4/pPnP1PKP/P2N4/1B6/8 w - - 3 34,f4f5 c4b2 d3b2 d5d4 b2d1 d4c4 g4f3 c4b3 f3e3 b3a3,2346,crushing endgame veryLong
kw37y,8/8/p2k2p1/1p1B1P2/1P1K2Pp/P6P/8/5b2 b - - 0 41,g6f5 g4g5 d6e7 d4e5,2348,bishopEndgame crushing endgame quietMove short
gWuDF,5r1k/1Q2b1p1/3pB3/4q1Pp/3NP2P/pP6/P1P5/1K1R1n2 w - - 2 32,b7d5 f1e3 d5e5 d6e5 d1h1 e5d4,2349,crushing fork long master middlegame
jEPhf,2r1qrk1/5pbp/p5p1/npNpP1B1/3P2Q1/7P/PP3PP1/2R2RK1 w - - 10 20,c5d7 c8c1 f1c1 h7h5 g4d1 e8d7,2350,advantage long middlegame
pKp5c,r3r1k1/pppq2pp/2nbpn2/6N1/3P4/1QN5/PP3PPP/R1B1R1K1 w - - 6 13,g5e6 c6a5 b3b5 e8e6 e1e6 d7e6,2350,advantage long middlegame
DYTbi,8/8/PR3pk1/6p1/2K4p/7P/r5P1/8 b - - 4 49,a2g2 c4b3 g2d2 a6a7,2351,advancedPawn crushing endgame master rookEndgame short
MfLMj,r1b2r2/1p1k2p1/p2Np3/3pP2p/3b2nP/3B4/P1P2PP1/R2QK2R w KQ - 0 17,c2c3 d4c3 e1f1 g4e3 f1e2 e3d1,2351,advantage fork long middlegame pin
MhS1g,8/8/3K2k1/6p1/6Pp/4R2P/5r2/8 b - - 1 63,f2f6 e3e6 g6g7 e6f6 g7f6 d6d5,2351,crushing defensiveMove endgame long rookEndgame
ZlLzF,rb2r3/1k1n3R/p1p5/Pp1pP3/1P3Q2/1q4P1/5PK1/R7 b - - 2 35,b8e5 h7d7 b7c8 f4f5 b3d3 f5d3,2351,crushing hangingPiece long middlegame
SwX9O,6k1/5pp1/7p/bp6/1P4QP/P2p4/5BPK/q7 b - - 2 40,d3d2 f2d4 a5c7 g2g3 c7g3 h2g2 a1d4 g4d4,2352,crushing defensiveMove endgame veryLong
mmggX,r2q1rk1/ppp2ppp/2n1P3/3p3b/8/5N1P/PP1NQPP1/R3R1K1 b - - 0 15,c6d4 e2e5 d4e6 e5h5,2352,advantage fork middlegame short
ry0Rj,2r3k1/1p1Qbpp1/p7/4N1Pp/1P3B1P/P3PPK1/2q5/8 b - - 8 31,g8f8 d7d5 c2f5 e5d7 f5d7 d5d7,2353,advantage endgame long
Px0bF,k7/p7/2pK2pp/2N5/5rP1/7P/2P1r3/1R6 b - - 4 41,e2c2 c5a6 c2d2 d6e5 d2d5 e5f4,2355,crushing defensiveMove endgame long quietMove
MfjDt,r1bq1rk1/p1p1b1p1/2p2n1p/3p4/8/3B2Q1/PPP2PPP/RNB1R1K1 w - - 6 15,c1h6 f6g4 e1e7 d8e7,2356,advantage opening short
Qsuga,r1b2rk1/2p2ppp/p1pq1n2/4N3/1p1PP3/2N1P3/PPPQ2PP/R4RK1 w - - 0 14,f1f6 g7f6 e5d3 b4c3,2363,advantage hangingPiece middlegame short
gVfkB,8/8/1p2k2p/p2p1pp1/P2P3P/4K1P1/1P3P2/8 w - - 3 34,f2f3 f5f4 e3f2 f4g3 f2g3 g5h4,2363,attraction crushing endgame long pawnEndgame
laZ1A,1q3rk1/1b1n1ppp/pp2P3/2b5/3N4/2BB4/PP2Q1PP/5RK1 b - - 2 22,b8d6 d3h7 g8h7 e2h5 h7g8 e6f7 f8f7 h5f7,2363,advancedPawn attraction crushing kingsideAttack middlegame sacrifice veryLong
Go8Iq,2Q3k1/5p2/4q1p1/8/6P1/5PK1/8/8 b - - 2 38,g8g7 c8e6 f7e6 g3f4 g7f7 g4g5,2364,crushing defensiveMove endgame long queenEndgame
HpYco,5r1k/ppb5/6Qp/6p1/3R4/2P1B2q/PP3P2/6K1 w - - 2 32,d4h4 c7h2 g1h1 h3h4 h1g2 h2e5,2366,crushing endgame long
6RMqQ,8/p7/5p2/1Pk1pP2/4P2p/3P4/4K2P/8 b - - 0 37,c5b5 d3d4 e5d4 e4e5 b5c5 e5e6,2369,crushing endgame long pawnEndgame
adNYF,1r2r1k1/p1p3pp/8/3Pbp1q/8/3Q4/PPP2PPP/R1B1R1K1 w - - 0 19,g2g3 e5g3 e1e8 b8e8 f2g3 e8e1 g1f2 e1d1 d3c4 h5h2,2369,advantage kingsideAttack middlegame sacrifice veryLong
jkAIa,2r1k2r/5ppp/Q1p1p3/3pqb2/6n1/2P1B3/PP3PPP/RN2K2R b KQk - 3 15,g4e3 a6c8 e8e7 c8b7 e7f6 f2e3 e5e3 e1d1,2369,advantage hangingPiece middlegame veryLong
TqlZg,2rq4/p5kp/5p2/3p3Q/8/6P1/P4P1P/1R4K1 b - - 5 28,d5d4 b1b7 c8c7 h5a5 c7b7 a5d8,2370,crushing endgame long
clYQT,1r3rk1/4qpp1/2n1p2p/p2pPn1N/P1pP2Q1/R1P2N1P/4BPP1/4R1K1 w - - 2 21,g2g3 e7a3 f3h4 c6e7 h4f5 e7f5,2372,crushing hangingPiece long middlegame quietMove
So4XI,5rk1/3n2pp/1q2p3/p1br4/8/2P2N1Q/P3RPPP/R1B3K1 w - - 0 26,h3e6 b6e6 e2e6 d5d1 e6e1 d1e1 f3e1 f8f2 e1d3 f2a2 d3c5 a2a1,2373,advantage discoveredAttack discoveredCheck kingsideAttack middlegame pin veryLong
TiaDg,5rk1/1b4pp/2pqp3/p1pp2P1/P1P2RN1/1P1PQ2P/8/4R1K1 b - - 0 29,d6f4 g4f6 f8f6 g5f6 f4e3 e1e3,2373,crushing endgame long
49Usi,2r2rk1/3R2pp/4p3/1p2P1Q1/2q5/8/6PP/3R2K1 b - - 10 29,f8f7 d7f7 c4c5 f7f2,2375,crushing defensiveMove endgame master short
p6j60,rk1q1r2/p1p1n1bp/Qpn3p1/8/2B1PB2/2p3NP/P5P1/1R3RK1 b - - 3 20,c3c2 b1b6 a7b6 a6b6 b8c8 c4e6 d8d7 b6c7,2376,mate mateIn4 middlegame pin queensideAttack sacrifice veryLong
3Ck1S,4r1k1/4p1b1/p2q4/1p1p3Q/3rn1p1/P3N1P1/1P2RPP1/4R1K1 b - - 5 32,e4f6 h5g6 d6d7 e3f5 e7e5 f5d4,2377,advantage long middlegame
ommWn,8/8/1p1k1p2/p3pP2/n2pP3/3P4/PP1K4/2B5 b - - 3 41,d6c5 b2b3 a4c3 c1a3 c5c6 a3e7 c3a2 e7f6 c6d6 f6d8,2378,clearance crushing endgame veryLong
PwQPX,8/1p3p2/2p3p1/p2k1p2/P2P1P2/3K2PP/1P6/8 b - - 2 41,b7b5 b2b4 b5a4 b4a5 c6c5 a5a6,2380,crushing endgame long pawnEndgame
sgBGR,8/5p1p/8/ppp1k3/6P1/1P2KP1P/P7/8 w - - 0 30,a2a4 c5c4 b3c4 b5a4 f3f4 e5d6,2380,advantage defensiveMove deflection endgame long pawnEndgame
xYJTk,2r1rk2/pb3ppQ/1p1qp3/2n1n1N1/2P4P/6P1/PP1N1P2/4RRK1 b - - 6 23,f7f6 h7h8 f8e7 h8g7 e7d8 g7f6,2380,advantage deflection long middlegame
NvLOg,8/5RP1/8/2pK1Pk1/5r2/8/p7/8 b - - 0 71,f4f5 d5e6 f5f7 g7g8q,2381,advancedPawn crushing defensiveMove endgame promotion rookEndgame short
tEAQE,2kr2r1/pp1q1p2/8/2b1np1p/2pNp2P/2P1P1P1/PP2QP2/4NKRR w - - 2 24,e2h5 c5d4 e3d4 e5g4 e1c2 f7f6 c2e3 g8h8,2384,crushing middlegame quietMove veryLong
1uUrs,8/kb6/p3P1Br/1p4pP/2pR4/q5PQ/2P4K/8 b - - 0 43,a3c3 d4d7 c3f3 d7b7,2385,crushing endgame short
mEHdv,2rr3k/pp3qp1/1b5p/4Q3/1P1pR3/P2P4/1B3PPP/5RK1 w - - 3 22,b2d4 d8d5 e5g7 f7g7 d4g7 h8g7,2385,advantage long middlegame
gKmki,r4rk1/p4pp1/1p2p2p/2p4q/2PbB1R1/P2Q2R1/1P3P1P/7K b - - 5 26,a8d8 d3d4 h5g4 e4h7 g8h7 d4g4,2386,middlegame
88cI2,6k1/p5pp/2p5/1P1b2R1/P2p4/3P2NP/5rPK/8 w - - 1 30,b5c6 f2g2 h2h1 d5c6,2387,advantage endgame intermezzo master short
PfBPW,8/2k5/6K1/pQ1B4/8/8/7p/6q1 w - - 10 58,g6f6 g1b6 b5b6 c7b6 f6e5 b6c5,2389,crushing endgame long
QnfvX,3R1k2/2p1r2p/p5pP/1p3pQ1/8/2P5/q4PP1/6K1 b - - 1 32,e7e8 g5f6 a2f7 f6g7 f8e7 d8d7 e7d7 g7f7,2389,attraction crushing deflection endgame exposedKing veryLong
Vefik,rnbk2nr/pppp1Qpp/8/2b1p3/2BPq3/4B3/PPP2PPP/RN2K2R b KQ - 1 8,c5d6 f7g7 e5d4 g7h8,2391,advantage opening pin short trappedPiece
FeXu4,8/7p/5kp1/1p2p3/1P2P2P/2K3P1/8/8 w - - 1 41,c3d3 g6g5 d3e2 f6g6 e2f3 g6h5 h4g5 h5g5,2392,crushing endgame pawnEndgame veryLong
xmUAo,2r2rk1/1b3pp1/p2qpn1p/1p1p4/2pnP3/P1PP1PNP/BP4PN/2R1QR1K b - - 0 19,c4d3 e4e5 d3d2 e1d2 d6e5 f3f4,2394,crushing fork long middlegame
9rR2m,N3Q3/pp1p2bk/3Bp1np/4P3/1P4R1/5p2/q2K1P2/8 w - - 0 31,d2d3 g6e5 d6e5 a2e2,2397,crushing fork master middlegame sacrifice short
QCmEY,8/5ppk/1P4p1/8/8/Q2p3P/2p2PP1/3q1RK1 w - - 0 40,b6b7 d1f1 g1f1 d3d2 f1g1 c2c1q g1h2 c1a3,2397,advancedPawn crushing endgame promotion sacrifice veryLong
PNmbI,2r2rk1/pR3p2/8/2qPp2P/4Npp1/3Q3b/P3K2P/2R5 b - - 1 29,c5c1 e4f6 g8g7 d3g6 g7h8 g6h6,2398,long mate mateIn3 middlegame pin
ZRoAF,3q2k1/1b3pbp/p3r3/1p2pN2/4p1QN/2P1B2P/PP3P2/6K1 b - - 1 29,d8f8 e3c5 g8h8 c5f8,2398,crushing middlegame short
9LCp6,r6k/5R1n/p3q2B/1pPpP2Q/8/2N4b/PP4r1/5R1K w - - 2 31,f7f8 a8f8 f1f8 h7f8 h6f8 h8g8,2400,advantage long middlegame
CEkOB,8/8/5K2/6p1/1p1N2Pp/n1k1P2P/8/8 w - - 0 58,f6g5 a3c2 d4e6 c3c4,2400,crushing defensiveMove endgame knightEndgame short
GeR42,4k3/pp4p1/2N1r3/3R2np/2P1P3/1P2K3/P7/8 b - - 0 37,g5e4 c6d4 e6e7 d4f5 e4c3 f5e7 c3d5 e7d5,2400,advantage endgame master veryLong
PHImO,2Q5/1p3p2/2k2P2/p1bp4/P5P1/1KN5/1P1q4/7r b - - 3 45,c6d6 c3b5 d6e5 c8f5,2400,endgame mate mateIn2 short
myLMv,3r2k1/p5pp/2B1p3/4p3/Q1pq4/3nR1P1/Pr3P1P/3R2K1 b - - 2 26,b2f2 e3d3 c4d3 a4d4 e5d4 g1f2,2400,advantage long middlegame
Z77Ut,4b3/1r4bk/5R1p/5Np1/2qpp1P1/7Q/RP3PP1/6K1 b - - 0 39,c4a2 f5g7 b7g7 f6h6 h7g8 h6h8 g8f7 h3h5,2401,advantage master middlegame veryLong
fiSLh,8/1p3rk1/pR6/P4NK1/4pp2/3n4/1P5P/8 b - - 1 44,g7g8 f5h6 g8f8 h6f7 f8f7 b6f6 f7g7 f6f4,2401,attraction crushing endgame exposedKing fork master veryLong
qqOav,2r1r1nk/p1q2pp1/2NR3p/2Q5/6PP/1P3P2/1PP1p3/2K1R3 w - - 1 26,g4g5 e8e6 d6e6 f7e6,2401,advantage middlegame short
s68wz,4k3/1bq1bN1r/4pR1p/pPp3pQ/P1B5/6PP/N1P3PK/3r4 b - - 1 23,e7f6 f7d6 e8f8 h5e8 f8g7 d6f5 e6f5 e8g8,2401,discoveredCheck doubleCheck exposedKing mate mateIn4 middlegame sacrifice veryLong
1LPRi,8/5p2/8/p2p1k2/Pp1P2pp/4Pp1P/1P3KP1/8 w - - 0 42,g2f3 g4f3 f2f3 b4b3 e3e4 d5e4,2402,crushing endgame long pawnEndgame
2jDPm,k1r2r2/1p2Q1pp/p7/Rb6/4N3/1P1PBP1P/1qPK4/6R1 w - - 10 30,g1a1 b2c2 d2e1 c2d3 a5a6 b5a6 a1a6 d3a6,2402,advantage deflection middlegame veryLong
F6xoy,r3r1k1/1pqb1ppp/p2b4/3p2N1/3nn3/2P1B2P/PPB2PP1/R2Q1RK1 w - - 0 16,g5e4 d6h2 g1h1 d4c2 e4f6 g7f6,2402,advantage long middlegame
RIJyd,8/3RP2p/6p1/4r3/kp1K4/p4P2/6PP/8 b - - 2 51,e5e6 d4c4 a4a5 d7d5 a5b6 d5d6 e6d6 e7e8q,2402,advancedPawn crushing deflection endgame promotion rookEndgame veryLong
UxDl4,6r1/4k3/pp3p1r/4pQ2/2P1N2p/6P1/Pq5P/3R3K b - - 1 31,h4g3 d1d7 e7f8 d7d8 f8g7 f5g4,2402,crushing endgame long
oZm16,8/1pp3kp/p4rp1/P3Q2b/1qP1B3/3PPN2/7R/6K1 w - - 1 31,f3g5 b4e1 g1g2 e1e2 g2h3 e2g4,2402,exposedKing long mate mateIn3 middlegame
87snA,8/4b3/p3p3/5p2/3P1N2/kp2PK2/8/4B3 w - - 0 45,e1c3 e7b4 c3b4 a3b4 d4d5 e6d5,2403,crushing endgame long
C38Al,r1b1k2r/pp1n1ppp/2p2n2/4p3/4P3/1Bq2N2/P1P2PPP/1RBQ1RK1 b kq - 1 11,e8g8 c1d2 c3c5 d2b4 c5b4 b3f7 f8f7 b1b4,2403,crushing discoveredAttack opening sacrifice veryLong
Keyet,r1br4/1p2ppkp/p5p1/2q5/5n2/2PB1N1P/PPQ2PP1/R3R1K1 w - - 2 20,a1d1 d8d3 d1d3 c8f5 c2d2 f4d3,2403,attraction crushing long middlegame sacrifice
V0Pls,5bk1/pq3p2/5P1p/2p2QnN/2N5/1P6/P4P2/6K1 w - - 0 36,h5f4 b7f3 c4e3 f3f4 f5f4 g5h3 g1g2 h3f4,2403,attraction crushing endgame fork master sacrifice veryLong
P6Jbu,8/1Q5p/p1P2pk1/4qpp1/8/6P1/5P1K/8 b - - 0 38,f5f4 c6c7 f4g3 h2g2,2404,advancedPawn crushing defensiveMove endgame queenEndgame short
daTHt,r4r1k/1pp3bp/p1q3p1/4pbN1/1P2N3/1QP1P3/1P4PP/3R1RK1 b - - 4 20,f5e4 f1f8 g7f8 b3f7,2404,advantage kingsideAttack middlegame short
ItXnG,r5k1/4q1p1/p3b1rp/1p1pP3/1PpP4/P1P2Q2/5P1P/4RR1K b - - 1 32,e6g4 f3d5 e7f7 d5a8 g8h7 f2f3,2405,advantage fork long middlegame
zOO7X,r4rk1/5pp1/3N1b2/3P3p/8/PP3n1P/K2B4/6RR w - - 1 33,g1d1 f3d2 d1d2 f6c3 d2d3 a8a3,2405,advantage long middlegame
1bzs6,8/8/R3rk2/1P2p1pp/2Kp4/6PP/8/8 b - - 0 41,g5g4 h3g4 h5g4 b5b6 f6f5 b6b7 e6a6 b7b8q,2406,advancedPawn crushing endgame promotion rookEndgame veryLong
HBfhp,6Rr/kp3p1P/p4q2/2p1pr2/P2p4/1P1P3Q/2P1K3/6R1 w - - 2 48,g8h8 f5f2 e2e1 f6f4 h8a8 a7b6 h3h6 f4h6,2406,advantage clearance endgame quietMove veryLong
HgvZH,8/1b6/pP1k1p1p/4p1p1/8/4PNKP/P5P1/8 b - - 3 39,b7f3 g3f3 f6f5 e3e4,2406,crushing endgame short
IEnVP,Qnkr4/1pp3p1/4rp1p/2q5/P7/2N1RN2/1P3KPP/4R3 w - - 5 26,c3b5 e6a6 e1c1 c5c1,2406,advantage middlegame short
OZ4GP,1rb2rk1/pp1q1ppp/2pP4/8/3Q1P2/8/PPP2P1P/1K3BR1 b - - 2 20,f7f5 f1c4 g8h8 c4e6 c6c5 d4c3 f8g8 e6d7,2406,crushing master middlegame veryLong
TplUA,8/1R3pr1/p3p3/k3P3/2pPK3/2P2P2/8/8 w - - 5 54,d4d5 f7f5 e5f6 e6d5 e4d5 g7b7,2406,crushing endgame long rookEndgame
trqqB,2kr3r/p4p2/2p1n2p/n3p3/Q1P4q/3PPB2/PP1K2R1/RN6 b - - 6 22,a5c4 d2e2 d8d3 a4c6 c8d8 e2d3,2406,advantage defensiveMove exposedKing long middlegame
xcqJ4,1r4k1/p1p3p1/6bp/2N2p2/8/4P2P/PbPN2P1/1R4K1 b - - 0 24,c7c6 c5d3 f5f4 b1b2 b8b2 d3b2,2406,crushing endgame long
0LhMl,8/8/2p3k1/Rp1r2Pp/6KP/5P2/8/8 w - h6 0 51,g5h6 d5d4 g4g3 d4a4 a5a4 b5a4,2407,crushing endgame long rookEndgame
xdWy0,8/2p1k2p/3p2pP/pp1P2K1/6P1/1PP5/P7/8 b - - 0 38,e7f7 a2a4 b5a4 b3a4 f7e7 g5f4,2407,crushing defensiveMove endgame long pawnEndgame zugzwang
zjhU9,4r2k/pb5p/2p1q1r1/1p2p3/5P2/2Q4P/PP4P1/4RRK1 b - - 0 27,e6a2 e1e5 e8e5 c3e5 g6g7 f1d1,2407,crushing defensiveMove long middlegame
GccJe,r4r1k/ppp1B2p/8/3qP2Q/3p3P/8/PPP5/2K3R1 b - - 5 26,f8f7 h5g5 d5f3 e7f6 f3f6 e5f6,2408,crushing endgame long master quietMove
bU9EL,5rk1/1p3n1p/5pp1/q7/8/P3p1P1/2N1PbKP/1R1Q1R2 w - - 0 33,b1b7 f8d8 c2d4 a5d5,2408,crushing middlegame short
gTjIh,8/p7/4p3/1p2pk2/1P4pp/1P2PP2/4K1PP/8 w - - 1 38,g2g3 h4g3 h2g3 g4f3 e2f3 e5e4,2408,attraction crushing endgame long pawnEndgame
3QPZI,r1b2rk1/pp3p1p/2p3p1/1Nq5/2Bn1Q2/3N3P/PPK3P1/R6R w - - 2 21,c2d2 c5c4 b5d4 f8d8 d2e3 c6c5,2409,advantage long middlegame
3cudu,2k5/2P5/p7/Bp2K3/1P2p1p1/P4b2/5P2/8 w - - 0 53,e5d6 e4e3 f2e3 f3e4 a5b6 g4g3,2409,advantage bishopEndgame clearance endgame long quietMove
hWafs,5rk1/1pp3pp/1p1pprN1/4n3/4P1q1/PQPPB1P1/1P4KP/4RR2 b - - 0 22,f6f1 g6e5 d6e5 e1f1 f8f1 g2f1,2409,advantage intermezzo long middlegame
wFAHr,8/1p4k1/p7/P1p1K3/2p5/2P5/8/8 b - - 0 39,g7f7 e5d6 f7f6 d6c7 f6e5 c7b7 e5e4 b7a6 e4d3 a6b5 d3c3 a5a6 c3d3 a6a7 c4c3 a7a8q,2409,advancedPawn crushing endgame pawnEndgame promotion veryLong
SbIAU,3r1k2/3rp2p/p4Bp1/2Q5/2P2bP1/6qP/5R2/4RK2 b - - 2 30,f4d6 f6e7 f8g7 c5d4 d6e5 d4e5 g3e5 e1e5,2410,advantage discoveredCheck doubleCheck fork middlegame veryLong
wknV6,r7/3k2n1/3P4/1pQb2b1/4qp2/1K4B1/1P3PPP/3R3R w - - 3 33,c5d5 e4a4 b3c3 a8c8 c3d2 a4c2 d2e1 c8e8 e1f1 c2e2 f1g1 e2e1 d1e1 e8e1,2410,backRankMate exposedKing master mate mateIn5 middlegame sacrifice veryLong
3VxkW,r2q2k1/1pp2ppp/1p3n2/4nb2/8/2PP4/PPBB1KPP/R2QN3 w - - 1 18,d3d4 f6g4 f2g3 e5g6,2412,advantage defensiveMove middlegame short
6ugjD,r4rk1/pp3pp1/1q1bb2p/2pp3Q/P7/1nNB4/1B1P1PPP/1R2R1K1 b - - 1 17,b3d2 c3d5 e6d5 b2g7 g8g7 b1b6,2412,advantage discoveredAttack long middlegame
Pkjql,8/7k/2Q5/1P6/2P1P3/p2P2KP/8/q7 w - - 3 52,b5b6 a1g7 g3f2 a3a2,2412,advancedPawn crushing endgame queenEndgame short
wvrfd,7r/1N4p1/p5k1/4p1P1/2P3KP/3p4/PP3Pn1/7R w - - 0 44,b7d6 h8h4 h1h4 d3d2 g4f3 d2d1q,2412,advancedPawn advantage endgame long promotion sacrifice
zHohx,rn1q1rk1/pp2bppp/2p5/3p2B1/2PPn1b1/2N2N2/PP2BPPP/R2Q1RK1 w - - 10 10,c4d5 e4g5 f3g5 g4e2 d1e2 e7g5,2412,advantage long opening
zx74M,6R1/2r4k/4bb1P/p1p1Np1Q/1qPnB3/8/1P3P2/2B4K b - - 0 35,h7g8 h5e8 g8h7 e8g6,2412,crushing middlegame short
2eLUd,5r1k/4Q1p1/1P4qp/4P3/8/2P1B3/3K4/8 b - - 1 45,f8f7 e7d8 h8h7 d8d3,2413,advantage endgame master short
6xtd5,2r2rk1/1p2p2p/3q2p1/p1nPR3/3Q4/6P1/PP4BP/2R3K1 w - - 1 28,g2h3 c5b3 h3e6 d6e6,2413,advantage middlegame short
Z6ncj,rn2kbnr/ppp1pppp/P3b3/8/8/6P1/RP1KPP1P/1NB2BNR b kq - 0 8,e6a2 a6b7 a2d5 f1g2 d5b7 g2b7,2413,advancedPawn advantage long opening
r04FV,8/8/2pK1pkp/3p4/p2P2PP/P7/1P6/8 b - - 6 42,f6f5 h4h5 g6f6 g4f5 f6f5 d6c6,2413,crushing endgame long pawnEndgame
v0L94,2r3kr/3Q1p2/3RNRnp/3pn3/2p5/2Pp3P/P3q1P1/2B3K1 b - - 2 29,c8a8 d7f7 e5f7 f6g6 g8h7 g6g7,2413,deflection epauletteMate kingsideAttack long mate mateIn3 middlegame sacrifice
3Qxb3,6k1/1R5p/4P1p1/p5K1/P1pp4/3P4/1P6/1r6 b - - 2 36,c4c3 b7b8 g8g7 e6e7 c3c2 b8g8 g7g8 e7e8q,2414,advancedPawn attraction crushing endgame promotion rookEndgame veryLong
c2soI,2r2rk1/p5pp/8/8/P3Rp2/2N2qP1/2QP1P1P/2B3K1 w - - 2 27,e4f4 f8f4 g3f4 c8e8 c3e4 f3e4,2414,advantage long middlegame quietMove
xOiCX,4r1k1/5p2/8/6p1/4q3/PQ4R1/3R1PK1/8 w - - 2 47,g2h3 e4h1 h3g4 h1h4 g4f3 h4e4,2414,endgame exposedKing long mate mateIn3
nVn8S,3R4/2q2pk1/2PR2p1/2B5/n5b1/2bQ1N2/1r2K2P/8 w - - 0 30,e2d1 b2d2 d3d2 g4f3,2415,advantage deflection middlegame pin sacrifice short
xQg2R,8/5p2/p1k1p3/1p1bP1p1/1P2B1P1/P3P3/5K2/8 w - - 6 40,f2f3 c6d7 e4d5 e6d5 f3e2 d7e6 e2d3 e6e5,2415,bishopEndgame crushing endgame veryLong
zVlWC,1Q6/p2q1pkp/4b1p1/6P1/8/4N3/2Pr1PP1/R4K2 w - - 4 31,a1a7 d2d1 f1e2 e6g4 e3g4 d7g4 f2f3 g4d4,2415,advantage endgame veryLong
G7C0z,1B4nr/5ppp/1R6/1B2pk2/1b6/4KP2/PP1r1P1P/7R b - - 4 21,d2b2 b5d7 f5g5 h2h4 g5h5 d7g4,2416,long master masterVsMaster mate mateIn3 middlegame
HmkNi,8/p4k2/1p3p1p/PR5P/6r1/5K2/1P3P2/8 b - - 1 38,g4g5 b5g5 h6g5 a5b6 a7b6 f3g4,2417,advantage endgame long master rookEndgame
Q08Zi,4r1k1/ppp2ppp/4r3/b6q/2Pp3B/3Q1N2/PP3P2/R4KR1 w - - 12 25,h4g3 e6e3 f2e3 h5f3 g3f2 d4e3,2417,crushing interference long middlegame sacrifice
g2Vxi,6k1/pp3ppp/2p5/2P2q2/2QB4/2Pp3P/P3rPP1/3R2K1 w - - 1 26,d1d3 e2e1 g1h2 f5f4 d3g3 h7h5 c4d3 h5h4,2417,advantage endgame quietMove veryLong
nevXO,6k1/1p4bp/q1r3p1/pN4N1/P3Pp2/Q1P2P1P/1P1K2P1/R4b2 b - - 0 31,f1b5 a4b5 a6b5 a3a2,2417,crushing middlegame short
oyDza,1k1r4/p4pb1/2R1b1p1/7p/5P2/4Q2P/qPP3P1/2K3NR w - - 1 21,e3a3 a2b1 c1b1 d8d1,2417,attraction mate mateIn2 middlegame pillsburysMate queensideAttack sacrifice short
1IJxg,rbbk3r/3p2pp/p4p2/1p2nP1Q/8/BBq5/P5PP/2R1R2K b - - 1 21,c3a5 a3e7 d8e7 h5f7 e7d8 f7g7,2418,advantage attraction long middlegame pin sacrifice
GJ29G,6rk/5p1p/p2p4/2pNppq1/2p5/3P1Q2/PPB2P1K/R7 w - - 0 28,d3c4 g5h4 f3h3 h4f2 h2h1 g8g3,2418,advantage deflection endgame exposedKing fork long
J7VxF,8/8/3k2p1/1p1P2P1/2p1K3/p1P5/P7/8 b - - 0 41,d6c5 e4e5 b5b4 c3b4 c5b4 e5d4 c4c3 d4d3,2418,crushing endgame pawnEndgame veryLong
0hfF8,6k1/6p1/p1p3q1/1pPp4/4b2p/2P1BBPr/PP3Q1P/R5K1 w - - 0 26,g1g2 h4g3 h2g3 g6h5 f3e4 h3h2 g2g1 h2f2 e3f2 d5e4,2419,advantage middlegame pin sacrifice skewer veryLong
FAOaZ,2r3k1/4Rpp1/4p2p/2r5/8/5qB1/3Q1P1P/4R1K1 w - - 0 26,d2d7 c5c1 d7d2 c1e1 d2e1 c8d8 e7a7 d8d1 a7a1 d1e1,2419,advantage middlegame pin quietMove veryLong
y4G3r,r2qk2r/pp3ppp/2nbpn2/1B1pN3/3Q1Bb1/2N5/PPP2PPP/4RRK1 b kq - 9 12,e8g8 b5c6 b7c6 e5g4 f6g4 f4d6 d8d6 d4g4,2419,advantage discoveredAttack middlegame veryLong
Z1TKB,5rk1/6pp/r3pp2/2qp4/p3nP1P/P1P1RNP1/2Q2P2/3R2K1 b - - 1 25,e4g3 c2d3 a6b6 f2g3,2420,advantage intermezzo master middlegame short
f4xVd,1k1r4/1pp4p/p4p2/8/3nNQ2/7P/1Pq1BPP1/3NK2R w K - 1 27,e4c3 c2e2 c3e2 d4c2 e1f1 d8d1,2420,backRankMate deflection discoveredAttack long mate mateIn3 middlegame sacrifice
ffiau,8/1p6/3NP3/p4K2/3p4/1r2k3/7P/8 b - - 0 44,d4d3 e6e7 d3d2 e7e8q e3f2 d6e4,2420,advancedPawn crushing endgame long promotion
hF74Z,5rk1/p5pp/3B1p2/2pP4/2P5/r2P1R1P/6PK/8 b - - 0 34,a7a5 d6c5 a3b3 c5f8 g8f8 f3e3,2420,advantage defensiveMove endgame fork long
jrqNV,8/8/1p2p3/5nk1/3P1R2/8/4K3/8 w - - 3 48,f4e4 f5g3 e2d3 g3e4 d3e4 g5f6 d4d5 e6e5 d5d6 f6e6 d6d7 e6d7,2420,crushing endgame fork master quietMove veryLong zugzwang
nqDxH,8/8/7p/5p2/6k1/6P1/5K1P/8 w - - 1 66,h2h3 g4h3 f2f3 h6h5 f3f2 h3h2,2420,crushing endgame long pawnEndgame quietMove zugzwang
oFdV1,r2q1rk1/2p2pp1/1p2b2p/p7/2P5/1P1PBNQP/1P3PP1/4R1K1 b - - 2 19,g8h8 e3d4 f8g8 e1e6 f7e6 g3g6,2420,crushing discoveredAttack long middlegame sacrifice
7FN4R,2kr4/1p3QR1/p3p3/1nP3P1/K1P2P2/8/1P1q4/8 b - - 2 43,d2c2 a4a5 c2d2 b2b4 d2d7 f7d7,2421,crushing defensiveMove endgame long
VaLc3,8/2p5/p2p4/2k3pp/2P1Kp2/1P3P2/P5PP/8 b - - 4 29,a6a5 h2h4 g5h4 e4f4 c5d4 f4g5,2422,crushing deflection endgame long pawnEndgame
2zCBQ,r5k1/2pQ4/p5p1/8/4r2P/1P2q3/K7/6RR b - - 0 33,e3e2 a2a3 e4e6 g1e1 e2e1 h1e1 e6e1 d7d5,2423,crushing defensiveMove endgame veryLong
4kzMb,r1b1r1k1/pp3p1p/3p1nnQ/4p1NB/4P3/8/PP1q1PP1/3R2KR b - - 5 23,d2f4 g2g3 f4g5 h6g5,2423,crushing master middlegame short trappedPiece
dVMS6,2k5/1p1b4/p5p1/3pp3/2pP2PP/2P2q1K/PP6/2Q4R w - - 1 32,h3h2 f3f2 h2h3 d7g4 h3g4 f2g2,2423,attraction endgame exposedKing long mate mateIn3 sacrifice
lW0Le,8/6kp/5pp1/8/1Q6/8/1Pq1KPPP/8 w - - 3 34,e2f3 c2d3 f3f4 g6g5 f4g4 h7h5 g4h5 d3h7 h5g4 h7h4 g4f3 h4b4,2423,attraction crushing endgame exposedKing queenEndgame skewer veryLong
Njyov,8/8/p1ppkppp/1P6/PP2KPP1/8/7P/8 b - - 0 35,c6b5 f4f5 e6f7 a4b5 a6b5 e4d5 h6h5 h2h3,2424,crushing defensiveMove endgame intermezzo pawnEndgame veryLong
WNdmP,r5k1/pbp1p1bp/6p1/3qN3/3B4/2P5/PP2Q1PP/5RK1 w - - 1 21,e2c4 c7c5 c4d5 b7d5 d4c5 g7e5,2424,advantage long master middlegame
lryjU,8/R2b2R1/Ppk2r2/2p3K1/2P3p1/8/5r2/8 b - - 2 49,f6f7 g7g6 f7f6 g6f6 f2f6 g5f6 g4g3 a7a8 g3g2 a8g8,2424,crushing endgame quietMove veryLong
6Yc0C,rn5k/1p3Rb1/p1ppQ2p/8/P1P1N1K1/6P1/1P2p3/7q b - - 3 26,e2e1q e6e8 h8h7 e4f6 h7g6 f7e7 g6f6 e8f7,2425,discoveredAttack discoveredCheck exposedKing mate mateIn4 middlegame sacrifice veryLong
HE8JN,4r1k1/1bR2p1p/p4Pp1/3pP3/5Q2/qP6/P5PP/7K b - - 5 31,b7c8 c7e7 a3e7 f6e7,2425,advancedPawn advantage endgame master short
hLMuC,5rk1/p1p3p1/2pb2p1/3p4/3P3p/1PP2qPP/P1Q2P1K/4RR2 w - - 0 26,c2e2 h4g3 f2g3 f3e2 e1e2 f8f1,2425,crushing discoveredAttack endgame long
p9evK,8/8/7B/8/p5K1/Pk6/2p4P/8 w - - 4 58,h2h4 b3a3 h4h5 a3b3 h6c1 a4a3 h5h6 a3a2,2425,advancedPawn bishopEndgame crushing endgame veryLong
5aIP5,3R4/p4p1k/1p4p1/8/5nqP/P7/1PQ2P1P/5K2 w - - 2 34,d8d1 g4f3 f1e1 f4g2 e1d2 f3f2,2426,crushing deflection endgame long master
E6KWe,r5rk/ppq2p1p/4p3/3pPp1N/4n3/2P4P/PP3PP1/R2QR1K1 w - - 1 22,f2f3 c7b6 d1d4 b6b2,2426,advantage middlegame short
UmYCT,1k1r3r/ppp3bp/2q3p1/5p2/PQ1p1P1P/1P6/2P2P2/1K1RRB2 b - - 1 25,h8e8 f1b5 e8e1 b5c6 e1d1 b1a2 b7b6 b4e7,2426,crushing middlegame pin veryLong
uOB6T,3k4/1p3p1p/p1b1pPp1/3pP1P1/P6P/1P1B2K1/8/8 b - - 4 30,d8c7 d3g6 h7g6 h4h5 g6h5 g5g6 f7g6 f6f7,2426,advancedPawn advantage bishopEndgame endgame sacrifice veryLong
wfQBF,2k1r2r/ppPb1ppp/8/3P4/P4Pq1/2N5/1PpQ2P1/R1B2RK1 w - - 1 18,c3b5 d7b5 a4b5 e8e2 d2e2 g4e2 b5b6 a7a6,2426,advantage defensiveMove middlegame veryLong
M1i5x,3r1rk1/pp2qppp/6b1/3n4/6P1/1QBpP1NP/PP3P2/2KR3R b - - 1 20,d5e3 h1e1 d3d2 d1d2,2427,advantage master middlegame short
XC7g2,8/8/1p3k2/p5pp/4K3/P5PP/1P6/8 b - - 0 44,b6b5 g3g4 h5g4 h3g4,2427,crushing endgame pawnEndgame short
qNM1r,8/8/6p1/4n3/P1pK1k1P/3p2R1/8/8 w - - 1 46,g3g5 d3d2 g5g1 e5f3 d4c3 f3g1,2427,advancedPawn crushing endgame fork long
LCOTe,6k1/3Q4/1ppP1p2/p7/P6K/6P1/7P/5q2 b - - 1 39,f1c4 d7g4 c4g4 h4g4 g8f7 h2h4,2428,crushing defensiveMove endgame long queenEndgame
VSGB4,8/5pp1/7p/p1k1pP2/2p3PP/P1K5/1PP5/8 w - - 0 31,b2b4 a5b4 a3b4 c5b5 f5f6 g7g6 c3d2 b5b4,2428,crushing endgame pawnEndgame quietMove veryLong zugzwang
gic7H,r4rk1/1b1p3p/p1n4P/1pQ2Pp1/5q2/3B4/PPP5/1K4RR b - - 3 28,c6d4 c5e7 f8f7 g1g5 g8h8 e7f7 f4g5 f5f6 g5g8 f7g7 g8g7 h6g7,2428,advancedPawn advantage deflection kingsideAttack middlegame veryLong
4XRUu,8/8/1p1k1p1p/1P3P2/pK4P1/P7/8/8 b - - 4 48,d6e5 b4a4 e5f4 a4b3 f4g4 a3a4 g4f5 a4a5,2429,crushing endgame pawnEndgame quietMove veryLong
vBkAi,8/p2k1p2/3p1P1p/2pK1q2/5P2/2r4P/6P1/Q3RB1R w - - 2 30,e1e5 f5e6 e5e6 f7e6 d5e4 d6d5 e4e5 c3e3,2429,endgame mate mateIn4 sacrifice veryLong
ETkch,2r1r2k/q3b1pp/p1bBQp2/1pNn4/5P2/1P4PP/P1P3B1/3R1RK1 w - - 1 24,g2d5 e7d6 e6d6 e8d8 d6d8 c8d8,2430,advantage long middlegame pin
KvZ5V,2k1r3/pp2qp2/1pp1b2p/4Q3/3P4/2P4P/PP3PP1/2K2B1R w - - 1 21,b2b3 e7a3 c1b1 e6d7 e5e8 d7e8,2430,advantage endgame long
HQ4At,4rrk1/p4n1p/1q2bBp1/1pp5/5N1P/1P1P2R1/P5P1/R2Q3K b - - 1 25,e6b3 f4g6 b6f6 g6f8 g8f8 a2b3 f6h4 g3h3,2431,advantage discoveredAttack discoveredCheck middlegame trappedPiece veryLong
XAUcz,8/R3R3/p2r1k1p/1p4p1/1P1np3/P4p2/5PPP/5K2 w - - 2 34,e7e4 d4c6 a7a6 d6d1 e4e1 d1e1 f1e1 f3g2,2431,advancedPawn advantage clearance endgame veryLong
c4zTq,5R2/pr4pp/1pbB1p1k/5p1P/3P1P2/6Q1/P5PK/5q2 b - - 2 38,f1d1 g3g6 h7g6 f8h8,2431,endgame mate mateIn2 sacrifice short
0mHd9,2r1r3/4p1k1/p2p1pp1/3P2P1/q1PQ4/5R1P/P7/4R1K1 b - - 0 28,c8c4 e1e7 g7g8 e7e8 a4e8 d4c4,2432,crushing endgame long pin
4HIiP,7r/pB6/4Rp2/1P3kp1/P1pP4/b1P2KP1/7r/4R3 w - - 3 36,e6e2 g5g4 f3e3 a3c1 e1c1 h8e8,2432,endgame
ZT6IB,8/4P3/2k2p2/1pB2K1b/7P/8/8/8 w - - 9 58,f5f6 c6c5 f6g5 c5d6 g5h5 d6e7 h5g5 b5b4,2432,bishopEndgame crushing defensiveMove endgame hangingPiece veryLong
iDOaf,5r2/pp2rk2/2p1p3/5p1p/3P1bqP/1QB1R1P1/PP5K/4R3 w - - 0 28,g3f4 g4h4 e3h3 h4f2 h2h1 f8g8,2433,crushing defensiveMove exposedKing long middlegame
OYu2j,3N4/8/Pk5p/4ppp1/4p3/7P/4KPP1/8 w - - 1 53,d8c6 b6c6 e2e3 h6h5 a6a7 c6b7 a7a8q b7a8 g2g4 f5g4 h3g4 h5h4,2434,crushing defensiveMove endgame hangingPiece master masterVsMaster quietMove veryLong
OacmA,8/n7/P2Pkp2/2P3b1/3BK1P1/8/8/8 b - - 3 53,a7c6 d4c3 g5h4 c3a5,2434,crushing defensiveMove endgame short
P5Q4A,8/5k2/6p1/4Kp1p/7P/5PP1/8/8 w - - 1 64,e5d6 f5f4 g3f4 f7f6 f4f5 f6f5 d6d5 f5f4,2434,crushing endgame pawnEndgame veryLong
XknD9,6r1/pp4r1/3R4/8/2P3p1/kP4Rp/P6K/8 b - - 0 36,a3a2 b3b4 a2b1 d6d2 b1c1 d2a2 g8d8 g3g1 d8d1 a2a1,2434,advantage endgame quietMove rookEndgame veryLong
fXfuV,1r2b1r1/8/R5p1/4kp2/p1P5/4P3/PPK2P2/6R1 b - - 0 34,g8g7 f2f4 e5e4 g1g3 g7e7 a6d6 b8d8 d6d8,2434,crushing endgame veryLong
O2h1D,8/8/8/p5p1/2B2p2/1Pk1bP1P/4K3/8 w - - 6 45,e2d1 a5a4 c4d5 a4a3 b3b4 c3b2,2435,bishopEndgame crushing defensiveMove endgame long
msZxO,3r4/1PKP4/8/8/8/8/p5kp/R7 b - - 4 54,d8d7 c7d7 h2h1q a1a2 g2h3 a2a3,2435,crushing endgame long rookEndgame
EDNoB,8/8/2pk2p1/1p5p/1P3K2/2P4P/6P1/8 b - - 1 46,d6e6 f4g5 e6f7 g5h6 h5h4 h6g5,2436,crushing endgame long pawnEndgame
Jhjyz,2k4r/ppP2pp1/2n1p1q1/3P4/8/2K2RNr/PPP5/R1BQ4 b - - 0 26,h3g3 d5c6 g6f6 c3b4 h8h4 c2c4,2436,advantage defensiveMove long middlegame
buSid,8/6k1/n2p2p1/2pP1pPp/2P1pP1P/1P6/2B5/K7 w - - 1 43,c2b1 e4e3 b1d3 a6b4 d3f1 b4c2 a1b1 c2d4 b1c1 e3e2 f1e2 d4e2,2437,advancedPawn crushing endgame exposedKing veryLong
MCKdv,r4r2/pp3p2/4bB1k/4P1R1/6pP/8/P7/2R4K b - h3 0 26,g4h3 c1g1 e6d5 h1h2 d5g2 g5g4 f8g8 g4h4 h6g6 h4h3,2438,advantage defensiveMove endgame exposedKing pin quietMove veryLong
RiJtK,8/5p2/7p/4k1p1/4p3/1P4P1/5nP1/K3R3 w - - 1 39,a1a2 f2d3 e1d1 e5d4 a2b1 d4c3,2438,crushing endgame long
9NyAS,6k1/r5p1/6Q1/4p3/1p1pP2p/1P1P3P/2q3P1/5R1K b - - 0 40,a7a2 f1f5 c2c1 h1h2,2440,crushing endgame master short
9RV5f,2r3k1/p4p2/4pbp1/q4n2/2B5/1PPQ4/PK4P1/4R2R w - - 4 29,g2g4 c8d8 d3c2 f6c3 c2c3 d8d2 c3d2 a5d2,2440,advantage fork master masterVsMaster middlegame sacrifice veryLong xRayAttack
ESdr0,2k1r2r/pp4p1/2q2pp1/3np3/3P2N1/2P3P1/P3Q1PP/1RR3K1 w - - 0 26,c3c4 d5c3 c1c3 e5d4 c3c2 e8e2,2440,crushing discoveredAttack long middlegame sacrifice
FGIPf,R2Q4/5pk1/4pnp1/1p2q3/p1n5/6PP/P4P1K/8 b - - 0 35,g7h6 d8f8 h6h5 f8h8 h5g5 f2f4 g5f5 f4e5,2440,crushing endgame fork veryLong
XQEqC,8/6p1/7p/7P/pPp1k1P1/2K3P1/8/8 w - - 0 41,b4b5 e4d5 c3b4 c4c3 b4c3 d5c5,2440,crushing endgame long pawnEndgame
lBx3i,2B5/8/1K5p/1Pp3pn/2k5/8/8/8 b - - 0 52,h5f6 b6c6 c4d4 b5b6 f6d5 b6b7,2440,advancedPawn crushing endgame long
rrLui,8/3Bk3/6p1/3KPp1p/7P/6P1/5P2/4b3 w - - 1 68,d7f5 g6f5 e5e6 e1c3,2440,bishopEndgame crushing defensiveMove endgame hangingPiece master short
3aVPE,3r2k1/p1p2ppp/4b3/8/4PP2/2QBb2q/PPPN4/R2K1R2 w - - 0 21,c3c7 e6g4 d1c1 h3f1 d3f1 d8d2 c2c4 d2d7 c1c2 d7c7,2441,crushing discoveredAttack discoveredCheck middlegame pin veryLong
8iRPv,8/5p2/1p2p3/p2pP1p1/P2P3p/1P1NKP1k/5P2/8 w - - 0 40,e3e2 h3g2 f3f4 g5g4 f2f3 g4g3,2441,crushing endgame knightEndgame long quietMove
M6D3X,8/5p1k/r1pR1pqp/3Np3/1R5P/5P2/6P1/6K1 b - - 2 37,g6c2 d5f6 h7g7 b4g4 g7f8 d6d7 c2c1 g1h2 c1f4 g4f4,2441,crushing endgame veryLong
gfmIt,1r3rk1/n1p2ppp/3q1n2/p2P4/1b1N4/2N5/BB1Q1PP1/2KR3R w - - 2 25,a2b1 b4a3 c3a4 b8b2 a4b2 f8b8,2441,advantage clearance discoveredAttack long middlegame sacrifice
o5zGZ,r5k1/1ppqR1pp/3p4/p2P2B1/P2b4/1Q6/1P3rPP/RN4K1 w - - 0 17,e7d7 f2f4 b3e3 d4e3 g1h1 f4f1,2441,backRankMate discoveredAttack discoveredCheck long mate mateIn3 middlegame
H3Jaw,2kr2r1/p3q3/3bpn1Q/2p5/8/8/PPP2PPP/RNB2RK1 w - - 3 16,c1f4 g8h8 h6g5 d8g8 f4d6 e7d6,2442,clearance crushing long middlegame
TxUzb,1r6/4RK2/3P3k/8/6p1/8/8/8 b - - 1 52,g4g3 e7e3 b8d8 f7e7 d8g8 d6d7 h6h5 e3g3 g8g3 d7d8q,2442,advancedPawn crushing deflection endgame promotion rookEndgame veryLong
5sGSB,8/1p6/p2Q4/k7/P2p2P1/3q4/5PPK/8 w - - 0 40,d6g3 d3g3 h2g3 d4d3 g3f3 a5b4 f3e3 b4c3,2443,crushing defensiveMove endgame queenEndgame veryLong
An9QK,8/p7/5p2/2R1p2k/4P2N/2P2PKP/rr4P1/8 w - - 7 37,c5c6 b2b8 c6f6 b8g8,2443,crushing endgame quietMove short
ZDXGX,r6k/ppp1q3/2npb2B/7Q/2P4P/P1PBPr2/5P2/R3K3 b Q - 1 19,e7f7 d3g6 e6g4 h6g7 h8g7 h5h7 g7f8 g6f7 f3f7 h7h8 f8e7 h8a8 f7f8 a8b7,2443,attraction crushing discoveredCheck doubleCheck exposedKing kingsideAttack middlegame sacrifice skewer veryLong
qkAzA,r2r1bk1/pbq2p1p/1pn1p1p1/6N1/4B3/2B1Q3/PP3PPP/2R2RK1 b - - 5 20,h7h6 e4g6 h6g5 e3h3 f7g6 h3h8 g8f7 h8h7 f7e8 h7c7 d8d7 c7g3,2443,crushing middlegame sacrifice skewer veryLong
5wer1,1r3rk1/4qppp/8/p3p2P/QbP1P3/1R6/P1P1NPP1/1K1R4 w - - 5 31,a4d7 b8d8 d7d8 f8d8,2444,crushing master middlegame short
aNubK,r1bq3r/2p1kBpp/p1p2n2/1pb5/4P3/8/PPPP1PPP/RNBQK2R w KQ - 0 9,f7b3 c5f2 e1f2 d8d4 f2e1 c8g4 d2d3 g4d1,2444,advantage attackingF2F7 attraction opening sacrifice trappedPiece veryLong
aJFtd,8/1p4p1/p3p2p/6kP/1PP1K1P1/8/1P6/8 w - - 3 44,e4e5 g5g4 c4c5 g4h5 e5d6 e6e5 b4b5 a6b5,2445,advantage endgame pawnEndgame quietMove veryLong
M30xq,4rr2/1bq2k1p/5pp1/2pPn3/1pP3QN/1P1B4/6PP/3RR1K1 w - - 0 30,e1e5 c7e5 h4g6 h7g6 d3g6 f7e7,2446,advantage defensiveMove hangingPiece long middlegame
PEJSl,r1b1r1k1/pp4pp/2nq4/3pN3/8/P2BP2P/1P1NQ1P1/2R2RK1 b - - 0 18,c6e5 d3h7 g8h7 e2h5 d6h6 h5e8 h6e3 g1h1 c8h3 e8h5,2446,attraction crushing fork middlegame sacrifice veryLong
U2Qu2,3r4/1P6/K7/P1R5/5pk1/8/7p/8 w - - 0 51,c5c8 d8d6 a6a7 h2h1q b7b8q h1g1,2446,advancedPawn crushing endgame long promotion rookEndgame
bhx2Z,r2q1rk1/1p3ppp/p4n2/2p1b3/P7/2PP4/1P2NPPP/RN1QR1K1 b - - 0 16,e5h2 g1h2 f6g4 h2g1 d8f6 f2f3,2446,advantage hangingPiece long middlegame
qgkUk,r3k2r/p4ppp/1qR5/4p3/Q3P3/4b1P1/PP3P1P/5BK1 b kq - 0 17,b6d4 c6c8 e8e7 a4a3,2447,crushing discoveredCheck doubleCheck master middlegame short
z9Rrb,3r1rn1/ppp2pRR/5k2/4pP2/2Q1P3/2B5/1K6/3q4 b - - 5 28,g8h6 c4e6 f7e6 g7g6,2447,mate mateIn2 middlegame sacrifice short
AyxIo,8/1pp3N1/3p1p2/p2PpPk1/P1Pb2P1/1P3P2/4Kn2/8 b - - 12 48,g5f4 g7e6 f4g3 g4g5 f6g5 f5f6,2449,advantage endgame long
K4Ayr,r2qr1k1/2pb1ppn/p1p2b1p/4N3/3N4/1P6/PBP2PPP/R2QR1K1 w - - 1 16,d4c6 d7c6 d1d8 e8d8 e5c6 f6b2 c6d8 b2a1,2449,advantage opening veryLong
4qs0o,6k1/3r1pp1/p2p2b1/1p1P1q2/5B2/PPPnQBK1/8/R7 b - - 0 31,d3f4 e3e8 g8h7 a1h1 f4h5 h1h5 g6h5 f3e4 f5e4 e8e4,2450,advantage middlegame pin sacrifice veryLong
hYRld,2r2rk1/2pp1q2/1bb1p2B/4P3/4P2p/6P1/R1Q2PB1/3R2K1 b - - 0 30,b6f2 c2f2 f7h5 f2d2 h4g3 d2g5 h5g5 h6g5,2451,advantage exposedKing middlegame veryLong
qKlNX,4k3/R7/3B3p/2P4r/2p1bP2/P7/6rP/3R1K2 w - - 5 40,f4f5 h5f5 f1e1 e4d3 a7e7 e8d8 d1d3 c4d3,2451,crushing endgame quietMove veryLong
5rLys,8/6Bp/8/8/1pk5/2p3P1/5K1P/8 w - - 2 54,f2e1 c4b3 e1d1 b3b2,2454,bishopEndgame crushing defensiveMove endgame short
LrA7A,5r2/6pk/7p/2p1p3/QbBnP1bq/8/PPP2PPP/R1B2RK1 w - - 1 19,c2c3 d4f3 g2f3 g4f3 a4d7 f8f6,2454,crushing defensiveMove long middlegame sacrifice
cKvZk,8/4k3/7p/2PB1P2/7P/p1K2n2/8/8 b - - 2 45,f3h4 d5e4 a3a2 c3b2 a2a1q b2a1,2454,crushing endgame long quietMove
NKRFO,r3kbnr/pp4pp/2n2p2/3qp3/Q2P4/5N2/PP3PPP/R1B1KB1R w KQkq - 0 12,f1c4 f8b4 a4b4 d5e4 c1e3 c6b4,2455,advantage intermezzo long opening sacrifice
4O6q2,8/p7/P7/6p1/1P1kB2p/2p2PbP/4K3/8 w - - 0 58,e2d1 g5g4 e4c6 g4h3,2456,bishopEndgame crushing endgame short
64GZg,2br4/kp3q2/N7/Q3Pp1p/6p1/1P6/p5PP/2R4K b - - 3 35,d8d5 a6c5 a7b8 a5b6 d5c5 b6c5,2456,advantage discoveredAttack discoveredCheck endgame long
mMHrS,8/8/4kp2/3p4/3K3R/5rP1/5P2/8 w - - 3 38,h4f4 f3f4 g3f4 e6d6 f4f5 d6c6 f2f3 c6d6 f3f4 d6c6,2456,crushing defensiveMove endgame rookEndgame veryLong
bMDoH,2kr3r/ppq5/2B5/7p/5Rbb/1QN3P1/PP6/2R4K b - - 0 24,h4g3 c6b7 c7b7 c3d5 c8b8 f4b4,2457,crushing discoveredAttack discoveredCheck long middlegame pin sacrifice
yVf20,8/6p1/P1k1p3/3pP2r/8/6K1/2P5/1R6 b - - 2 37,h5e5 b1a1 e5g5 g3h4 g5g6 a6a7,2457,advancedPawn crushing defensiveMove endgame long quietMove rookEndgame
VjHwZ,r2r2k1/pb1nqppp/1p2pb2/1B4BN/3p3P/P7/1PPQ1PP1/1K1R3R b - - 1 16,e6e5 g5f6 d7f6 d2g5,2458,clearance crushing master middlegame short
aODPP,2r2rk1/3q1p1p/p2b1p2/1pP4b/8/1Q1B3P/PP1N1PP1/2R1R1K1 b - - 0 18,c8c5 d2e4 c5c1 e4f6 g8h8 e1c1,2458,crushing fork long master middlegame sacrifice
5uV8Z,3R4/8/8/P4b2/4k3/2p1p3/8/4K3 w - - 2 55,d8d6 c3c2 d6c6 e4d5 c6c7 f5d3,2459,advancedPawn clearance crushing defensiveMove endgame long
NL6Qh,kr4r1/1p6/p3q3/1P3N2/P3npnp/2p4P/2P1Q1P1/1R3RBK w - - 2 37,h3g4 e4g3 f5g3 h4g3 e2e6 g8h8 g1h2 h8h2 h1g1 b8h8 e6e8 h8e8,2459,crushing fork master middlegame quietMove sacrifice veryLong
tfMwh,6k1/5pbp/3p2p1/q1p1p3/brPpP3/3P2PP/Q2B1P2/3R1BK1 b - - 3 28,a5b6 d1a1 a4c6 d2b4,2459,advantage master middlegame quietMove short
dXxxh,r5k1/6p1/1q3p1p/Pp1Rp3/2p1P3/5P2/PP2K1PP/3Q4 b - - 0 26,a8a5 d5d8 g8h7 d1d7 b6d8 d7d8,2460,advantage clearance endgame long
dg9B1,r5k1/6p1/2R4p/3pR3/Pq1r4/5P2/6PP/4Q1K1 b - - 1 38,b4a4 e5e8 g8h7 e1b1 d4e4 e8a8,2461,crushing endgame long
xjnmf,8/p2nR1k1/2p4p/8/8/P1N4P/2r2qP1/4R2K b - - 2 31,g7f6 e1e6 f6f5 g2g4 f5f4 e7f7 f4g3 c3e4 g3h3 e4f2,2461,crushing endgame exposedKing fork veryLong
h7XLI,8/6r1/1P6/3R3p/8/3K2P1/4p2P/4k3 w - - 0 42,d5e5 e1d1 e5e2 g7d7 d3c4 d1e2,2462,advantage deflection endgame exposedKing long rookEndgame
608qM,4r1k1/1pbbr1pp/p1nq1p2/3p1n2/3P4/P1NQBN1P/1P3PP1/1BR1R1K1 w - - 3 19,g2g4 e7e3 e1e3 e8e3 f2e3 d6g3,2463,advantage kingsideAttack long middlegame sacrifice
e5xlZ,4k3/7R/p5P1/5P2/2b5/3p3P/3K1n2/8 w - - 4 47,g6g7 f2e4 d2e3 d3d2 h7h8 e8d7,2463,advancedPawn advantage defensiveMove endgame long
WMCNH,4N3/8/6k1/8/P2P1B1p/3KP1pb/5r2/R7 w - - 0 37,a4a5 h3f1 d3e4 f2f4 e3f4 g3g2,2464,advancedPawn advantage endgame long sacrifice
bG6U9,5R2/p5pk/1p3Pp1/2p5/2P5/3P2nP/q4PK1/4R3 b - - 0 39,g7f6 e1e7 h7h6 h3h4 h6h5 g2g3,2464,crushing endgame long quietMove
tMVju,8/p4pk1/1n2p2P/3p2P1/P2Pn1Q1/8/3r4/4K3 b - - 0 37,g7h7 g4f4 d2f2 f4e5 f2f6 g5f6,2464,advantage endgame long
wqgTW,8/pQq2pk1/P1p3p1/2Ppb1Bp/8/5P1P/5P2/6K1 b - - 6 37,f7f6 f3f4 c7b7 g5f6 g7f6 f4e5,2464,advantage attraction endgame long master sacrifice
ehDwG,4r1k1/5pp1/p1p4p/5q2/7P/1PQ3P1/P1R1rP2/2R3K1 w - - 1 32,c3c5 e8e5 c2e2 e5c5 c1c5 f5c5,2465,crushing endgame long
GCrwe,2r1b1k1/q4pp1/p2Qp2p/1p5n/4N3/1B3P1P/PPP3P1/3R3K w - - 5 26,b3e6 c8c6 d6e5 f7e6 d1d8 a7e7,2466,crushing long middlegame
KUn8Q,8/8/6k1/1p3p2/p4P2/Pr1N1B2/1PK4p/8 w - - 2 41,c2d2 b5b4 a3b4 b3b2 d3b2 a4a3,2466,advantage endgame long master sacrifice
XF1eq,8/5k2/p4pp1/Pp5p/4PP1K/8/1PP5/8 w - - 2 40,b2b3 b5b4 f4f5 f7g7,2466,crushing defensiveMove endgame pawnEndgame quietMove short
izNLC,1kr4r/p3RR1p/1p4p1/5bP1/3p4/6P1/P1p4P/2B3K1 b - - 6 30,c8e8 c1f4 b8c8 e7a7 c2c1q f4c1,2466,crushing deflection endgame long
QIqh6,2r4k/7P/4p1R1/2b5/4pP1R/3pP3/PP6/1K6 w - - 1 37,g6e6 d3d2 h4h1 c5e3 b2b4 c8c1,2467,advancedPawn crushing endgame long
iTuCj,8/8/2p1kppp/p1p5/P1P1PKPP/1P1R4/5r2/8 w - - 3 46,d3f3 f2f3 f4f3 e6e5 f3e3 h6h5 e3f3 h5g4,2467,crushing endgame rookEndgame veryLong zugzwang
jmohq,8/1R4R1/6pr/5p1k/p4P1p/5K1P/rP3P2/8 b - - 1 46,a4a3 b7f7 a2b2 f7f5 g6f5 g7g5,2467,endgame epauletteMate long mate mateIn3 rookEndgame sacrifice
kXprS,7B/8/2p5/p6R/2kP4/8/2p2r2/2K5 w - - 2 56,h5c5 c4b3 d4d5 f2f1 c1d2 f1d1,2467,crushing defensiveMove endgame exposedKing long
8NwdS,8/ppp5/8/PPP5/2P5/4K2k/5p2/R2B1r2 w - - 0 40,e3e2 h3g2 e2d2 f1g1,2468,crushing endgame short
pcTzy,5b2/8/1P5p/5pp1/p1P3P1/2k5/P3K1PP/8 b - - 0 43,f8d6 c4c5 d6c5 b6b7 c5d6 g4f5 c3c4 f5f6,2468,advancedPawn bishopEndgame crushing endgame veryLong
ApzMi,8/3n3p/6k1/3P2p1/2PB1p2/5P2/5K2/8 b - - 2 43,g6f7 c4c5 d7f6 d5d6 f7e6 c5c6,2469,crushing endgame long quietMove
Aw74s,6k1/5r2/1P1P2pp/8/2b2p2/5P2/5KP1/4R3 b - - 0 48,c4d5 e1d1 d5c6 d6d7 f7d7 d1d7 c6d7 b6b7,2469,advancedPawn crushing endgame veryLong
CKgYc,8/6pk/1p5p/p1p5/4K1PP/1P6/P7/8 b - - 0 43,h7g6 a2a4 g6f6 e4d5 f6e7 d5c6,2469,crushing endgame long pawnEndgame quietMove
Dw986,1k1b4/3b4/p2pNp2/1p3Q2/8/P1R5/KP4P1/3q4 w - - 4 38,f5e4 f6f5 e4f5 d1e1,2469,advantage endgame master masterVsMaster short
EChAx,8/pp4kP/8/2p2p2/3p1K2/3P4/PP4P1/8 w - - 1 35,f4f5 c5c4 f5e4 c4c3 b2c3 d4c3 e4e3 b7b5 d3d4 g7h7,2470,crushing endgame pawnEndgame quietMove veryLong
nAeVq,4Q3/5Npk/8/6Kp/7P/p4P2/3q4/8 w - - 2 42,f3f4 d2g2 g5f5 g2g4 f5e5 g4e2 e5d4 e2e8,2470,crushing endgame master skewer veryLong
qUmQM,2kr3r/ppp2ppp/2np1n2/4p3/1b2P3/1B1P1N1q/PPP1NP2/R1BQ1RK1 w - - 0 11,f3h2 h7h5 e2f4 e5f4,2470,advantage middlegame quietMove short
y85dI,r2qkb1r/pp1bpppp/2n2n2/1B6/8/5Q2/PPPP1PPP/RNB1K1NR w KQkq - 2 6,d2d3 c6d4 b5d7 d8d7 f3d1 d7c6 c2c3 c6g2,2471,advantage fork opening veryLong
5AiHf,3r3r/1Pk3p1/1Qp2p2/6q1/2P5/3P1n2/5R1P/1R3K2 b - - 1 34,c7b8 b6a7 b8a7 b7b8q d8b8 f2a2 g5a5 a2a5,2472,advancedPawn attraction exposedKing mate mateIn4 middlegame promotion sacrifice veryLong
OcWXI,3rr2k/1pq1p2p/p1b3p1/8/2Q5/1N1BB2P/PP4Pb/3R1RK1 w - - 1 24,g1h1 c6g2 h1g2 c7g3 g2h1 g3h3 f1f3 h3f3,2472,advantage attraction deflection fork middlegame sacrifice veryLong
gMG1Y,8/3r1pk1/1Q1n1qp1/8/P7/1P3P2/2bR3P/3R3K w - - 3 36,d2d6 f6f3 h1g1 f3g4,2472,crushing endgame short
hdOd5,1q4k1/R4pp1/3P4/6p1/2P5/1r5P/3Q2P1/6K1 w - - 0 37,d6d7 b8a7 g1f1 a7a1 f1f2 a1f6,2472,crushing endgame hangingPiece long
B6I7j,8/8/1p6/p5k1/2P4p/PP5K/8/8 b - - 0 49,g5h5 b3b4 h5g5 b4b5 g5f6 c4c5 b6c5 b5b6,2473,crushing endgame pawnEndgame quietMove veryLong
v8x06,2r3k1/1p3rpp/pqb1N3/2bnB3/8/2PB4/PP2Q1PP/R6K b - - 0 21,c5f8 d3h7 g8h7 e2h5 h7g8 e6g5 d5f6 h5f7 g8h8 e5f6,2473,attraction crushing fork middlegame sacrifice veryLong
9Et57,2kr1br1/1pp1pp2/p3b2p/2B2N2/5Pn1/P2B2P1/1PPR3P/2K1R3 b - - 8 23,e6f5 d3f5 e7e6 e1e6 f7e6 f5e6,2474,advantage long middlegame
V8wZD,r5kr/4Rpp1/7p/p2Q1N2/qp6/5P2/1PP4P/2K5 b - - 1 26,a8f8 e7f7 f8f7 f5e7 g8f8 d5d8 a4e8 e7g6 f8g8 d8e8,2474,crushing deflection endgame fork pin sacrifice veryLong
UpYEV,r1b2k2/7R/2p3p1/8/p1B5/P1b5/KPP2rPP/R7 w - - 0 28,b2c3 f2c2 a2b1 c2c3,2475,crushing endgame short
oUMZG,8/4k3/4p3/3q4/P2P3P/2p5/2Q3K1/8 w - - 2 51,g2f1 d5f5 c2f5 e6f5 f1e1 f5f4,2475,endgame
bZF7E,8/5p2/8/pp3k2/8/PP3K2/7P/8 b - - 0 35,b5b4 a3b4 a5b4 h2h4 f5g6 f3g4,2476,crushing defensiveMove endgame long pawnEndgame quietMove zugzwang
g4s18,r4rk1/ppp2p1p/3p2p1/4q2n/4P3/2N1Q2R/PPP3PP/5R1K b - - 1 24,h5g7 e3h6 g7h5 f1f5 g6f5 h3h5,2476,crushing deflection interference long middlegame sacrifice
8ZhoS,r1q1k2r/2p1b1p1/p4n2/1p2N2p/4bp2/2P5/PP2QPPP/RNBR2K1 w kq - 0 16,c1f4 c8f5 b1d2 f5f4 d2e4 f4e5,2478,advantage long middlegame
puLVi,8/1p6/p6p/k3pp2/7P/3K1PP1/8/8 b - - 1 78,a5b5 g3g4 e5e4 d3e3 a6a5 g4g5 h6g5 h4h5,2478,crushing defensiveMove endgame pawnEndgame veryLong
37TkP,8/p1p5/1p1bkp2/PP2p1p1/2P1P1Pp/1K3P1P/5B2/8 b - - 0 32,d6c5 a5b6 c5b6 c4c5,2480,advantage bishopEndgame endgame master short
F12tr,8/p7/8/8/1P5K/Pk6/8/8 w - - 1 49,b4b5 b3a4 h4g3 a4b5 g3f2 b5a4 f2e3 a4a3,2481,crushing endgame pawnEndgame veryLong
R6LUw,r4r1k/6pp/1qp1N3/p1R4Q/Pp2p3/3n3P/1P3Pp1/3BR1K1 b - - 0 29,d3e1 e6g5 h7h6 h5g6 e1f3 d1f3 h6g5 f3e4,2481,crushing middlegame veryLong
wsWuu,8/5pp1/p1k1p2p/2p1P2P/P1K1PP2/3P4/8/8 b - - 0 32,f7f6 a4a5 f6e5 f4e5 c6c7 c4c5,2481,crushing endgame long pawnEndgame quietMove zugzwang
PLDSN,8/5kpp/p7/2B5/4P3/2p5/Pr3PPP/3R2K1 w - - 0 27,c5d4 b2d2 d1c1 c3c2 g1f1 d2d1 f1e2 d1c1,2482,advancedPawn advantage endgame fork veryLong
dInj6,6B1/2p5/1p5p/p1k5/2Pp4/7P/5PP1/5K2 w - - 3 30,f1e1 a5a4 g8h7 a4a3 h7b1 c5c4,2483,bishopEndgame crushing endgame long quietMove
snAdC,r1bq1r1k/pp2b1pp/3p4/2pBn3/2P2N2/4P1P1/PP3P1P/R1BQ1RK1 w - - 5 14,d1h5 f8f4 e3f4 c8g4 h5g4 e5g4,2483,advantage long opening sacrifice trappedPiece
BjPny,5Q2/8/1P6/8/8/4kbBp/1r5K/8 w - - 5 63,h2g1 h3h2 g3h2 b2b1,2484,advancedPawn endgame mate mateIn2 pillsburysMate short
RxTCK,r3qr2/2p1np2/p2p2p1/4k2p/3NPQbP/1Pp5/1PP3P1/2K1RR2 b - - 3 21,e5d4 f4f2 d4e5 f2f6,2485,mate mateIn2 middlegame short
U7K9e,8/3k4/8/5p1R/6p1/4b2p/4K3/8 b - - 7 59,h3h2 e2e3 g4g3 e3f3 f5f4 h5h6 d7c7 f3g2,2485,crushing endgame hangingPiece veryLong
9MkjJ,8/6pp/5p2/2k1p3/2P5/3K1P1P/6P1/8 w - - 0 36,g2g3 f6f5 g3g4 g7g6 g4g5 c5b4 f3f4 e5f4,2486,crushing endgame pawnEndgame quietMove veryLong zugzwang
O91JR,2r4r/1p3pk1/4b3/pNp1b1q1/P1P1B3/1P4P1/2Q2P1P/2RR2K1 w - - 3 27,f2f3 e5g3 h2g3 g5e3 g1g2 e6h3,2486,crushing kingsideAttack long middlegame sacrifice
a1Dk5,1Q6/pp2r1pk/4p3/6K1/6P1/1P3P1P/P1P1q3/7R w - - 3 33,b8d8 e2e5 g5h4 g7g5 h4h5 e5f6 d8e7 f6e7,2486,crushing endgame veryLong
xPQmg,6k1/p1p3pp/4r2q/5b2/3P1P1b/2P2Q2/PP1N3P/R1B2RK1 w - - 0 26,d2c4 h6g6 g1h1 f5e4,2486,advantage middlegame pin short
1juYP,3r4/8/3p2k1/p1pP1r2/1pP2qp1/1P3P2/PQ2RNP1/6K1 b - - 1 37,g4f3 e2e4 f4g5 e4g4 g6f7 g4g5,2488,advantage endgame long pin
OA8Vy,8/3rb3/3Nk1pp/2P2p2/1P3KPP/8/8/3R4 b - - 0 43,e7d6 d1d6 d7d6 g4f5 g6f5 c5d6,2489,crushing endgame long
RMMEi,r1bq1rk1/pp1n1pb1/3p3p/3N2P1/5P2/4Q3/PPP4P/2KR1B1R b - - 0 17,h6h5 d5e7 g8h8 e3e2 d8e7 e2e7,2489,crushing long opening
yGQtd,8/2Q5/8/pk1p4/3b4/P2bp2P/6P1/1r1BK3 w - - 3 52,a3a4 b5b4 c7d6 d4c5,2489,advantage endgame short
2IGBW,6Q1/8/p7/8/7K/2k4P/8/4q3 w - - 1 60,g8g3 c3d2 g3e1 d2e1 h4g3 a6a5,2492,crushing defensiveMove endgame long queenEndgame
fcqrC,8/5pkp/4p3/3p1p2/3K1P2/4P3/6PP/8 b - - 0 31,f7f6 d4c5 g7f7 c5d6 e6e5 d6d5 e5f4 e3f4,2492,crushing endgame pawnEndgame veryLong
kkLsO,3q4/8/3r1n1k/p4Q1p/3p1RP1/5P2/PP3PK1/8 b - - 0 42,d8g8 f5e5 g8e6 g4g5 h6h7 e5e6 d6e6 g5f6,2492,crushing endgame fork veryLong
SVxHJ,rn1q1rk1/1bbp1pp1/1p2pP1p/8/4N3/3B4/P1PBQ1PP/5RK1 b - - 0 17,g7g6 e2e3 b7e4 e3h6 d8f6 f1f6,2493,advantage long middlegame sacrifice
m1EbV,7R/6rP/8/8/8/4p2K/4k3/8 w - - 0 61,h3h2 e2e1 h8a8 g7h7 h2g2 h7d7 g2f3 e3e2 a8a1 d7d1,2493,advancedPawn crushing endgame exposedKing quietMove rookEndgame veryLong
YkBvi,8/8/3q1p2/1Q5P/1p4k1/8/8/4K3 b - - 0 55,d6e5 b5e5 f6e5 h5h6 b4b3 e1d1 b3b2 d1c2 b2b1q c2b1,2494,crushing endgame master queenEndgame veryLong
6uFLz,8/8/1pk5/8/R1PPK3/p6r/8/8 w - - 2 88,e4f5 h3h5 f5e6 h5a5 d4d5 c6c7 a4b4 a3a2,2495,advancedPawn crushing endgame rookEndgame veryLong
ug6Q0,4r1k1/2p1rp1p/1b1q1np1/p6P/P1BP1N2/3QPP2/5K2/6RR b - - 0 24,e7e3 h5g6 e3d3 g6f7 g8f8 g1g8,2495,advancedPawn advantage discoveredCheck doubleCheck fork long middlegame sacrifice
aa03C,1r2k2r/p3pp1p/2p2bp1/3pq3/6b1/1BN1B3/PPPQ1P1P/1R2K2R w Kk - 0 16,e1g1 g4f3 c3d5 c6d5 b3a4 e8f8,2496,crushing defensiveMove long middlegame quietMove
LmArk,8/3R1p2/r3pBk1/ppp1P3/5K2/8/P5P1/8 w - - 0 31,d7d6 a6d6 e5d6 g6f6 f4e4 c5c4,2501,advantage defensiveMove endgame long
rH7zr,3r2rk/p4p2/1p3P2/4BQ1P/1P4P1/q4R1K/8/8 b - - 1 54,a3b4 g4g5 g8e8 g5g6 b4d2 g6f7,2501,advancedPawn crushing endgame long quietMove
xaANx,8/8/KP6/6p1/6bp/1P1k4/3N4/8 b - - 0 56,h4h3 b6b7 h3h2 d2e4 d3e3 e4g3,2501,advancedPawn crushing defensiveMove endgame long
84oSg,3r2k1/4q1bp/2Q5/1Pn3p1/P3pp2/7P/5PPB/1R2N1K1 w - - 0 31,b1c1 e4e3 c6c5 e3f2 c5f2 g7d4 f2d4 d8d4,2502,advancedPawn advantage master middlegame pin sacrifice veryLong
CH7Sn,6k1/6pp/P7/1R2p3/2P1rp1P/1K2b3/1P6/8 b - - 0 39,f4f3 c4c5 e3c5 b5c5 e4f4 c5c8 g8f7 a6a7 f3f2 c8c1,2502,advancedPawn crushing defensiveMove endgame master quietMove veryLong
0irxM,5r2/2P5/1p1N2p1/6k1/PpP5/4K2R/r6P/8 w - - 1 44,c7c8q a2a3 e3e4 f8c8,2504,advantage endgame short
xuBBv,1rr3k1/6pp/4p3/4Pp2/2pP3P/p1Qp4/R4PP1/5K2 w - - 2 31,f1e1 b8b3 a2a3 b3c3,2505,advantage endgame queenRookEndgame short
9meh5,rn1q1r2/p2pb1pk/bp2pp2/4P1N1/2PP3P/8/P4PP1/R1BQK2R b KQ - 1 13,f6g5 h4g5 h7g8 h1h8 g8h8 d1h5 h8g8 g5g6,2507,attraction crushing discoveredAttack discoveredCheck middlegame sacrifice veryLong
hy3WW,5rk1/6pp/p1p1b2r/3pN3/P2n1P2/3B1PPq/5Q1P/RR4K1 w - - 0 27,f2d4 h3h2 g1f1 h2g3,2508,advantage kingsideAttack master middlegame short
oiGE1,8/4k3/4P1p1/4Kp1p/p7/P5PP/8/8 b - - 0 41,e7e8 h3h4 e8e7 e5d5 g6g5 h4g5,2508,crushing endgame long pawnEndgame quietMove
W1X6T,4r2r/1p3k1p/2pR1p1b/6p1/2Q5/6Bq/PPP2P2/1K5R b - - 6 25,f7g6 d6f6 g6f6 c4c3 f6f7 h1h3,2509,attraction crushing long middlegame sacrifice
5voHR,r1b2r1k/p4pp1/1qp2n1p/2bpp3/Pp2P3/1B1PBP1P/1PP1NP2/R1Q1K1R1 b Q - 5 17,c8h3 d3d4 c5d4 e2d4,2512,advantage middlegame short
MbLgs,6k1/3r4/8/8/p2p3R/5KP1/5P2/8 w - - 0 61,h4h1 d4d3 h1a1 a4a3 a1a3 d3d2,2512,advancedPawn crushing endgame long rookEndgame
Tm7oZ,8/6pp/8/2KbPk2/P4P2/8/7P/8 b - - 2 34,d5g2 c5d6 g2h3 a4a5 h3f1 e5e6,2512,bishopEndgame crushing endgame long quietMove
8yDq7,r1b2rk1/pp3ppp/2p5/2n3N1/3qpP2/1B4P1/P1P1QP1P/3R2K1 b - - 3 16,d4b4 e2h5 c8f5 b3f7 g8h8 g5h7,2513,crushing kingsideAttack long middlegame
lo73Q,2qr2k1/p3b2p/1p3pp1/2p1BP2/2P1Q3/PP6/6PP/4R1K1 w - - 0 30,f5g6 f6e5 e4e5 e7f8 g6h7 g8h7 e5h5 h7g8,2513,advantage defensiveMove endgame quietMove veryLong
xwbuW,2r5/p5kp/1p2Q1p1/5p2/2r5/PRN1P1PK/3q3P/5R2 w - - 5 27,c3d5 d2e2 e6f6 g7h6 f1f5 e2g4 h3g2 g4f5 f6f5 g6f5,2513,crushing middlegame veryLong
263ui,r6k/6p1/2Qp3p/rRB1b3/p3Pp1q/P4P2/6PP/1R4K1 w - - 0 35,c5d6 a5b5 c6b5 e5d6,2514,advantage middlegame short
mrH4i,r4k1r/1b3pp1/p2bpn1p/1B6/2QP1q2/2N2N2/PP3PPP/2RR2K1 w - - 3 18,c3e2 a6b5 c4b5 f4e4 e2c3 e4c6 b5c6 b7c6,2515,advantage middlegame veryLong
pL5HQ,8/6p1/6p1/3k1p2/3pp2P/1K3PP1/3N4/8 w - - 0 46,f3f4 e4e3 d2f3 d5e4 f3g1 e4d3,2515,crushing defensiveMove endgame knightEndgame long master
EAAXY,2r3k1/5ppp/8/1q6/np1p4/5P1P/2P3PK/R1Q2R2 w - - 0 32,f1d1 b4b3 c1f4 b3b2 a1a3 a4c3,2517,advancedPawn crushing endgame long
ncYPj,2r1k2r/pp1bbpp1/1q2p1n1/3pP1Np/3P3P/PnNBB3/1PQ2PP1/3RK2R b Kk - 5 15,b3d4 e3d4 b6d4 g5f7,2519,advantage attackingF2F7 middlegame short
V8lr4,6r1/1p3pPk/p2p3p/2qPp2Q/3nP3/2r3P1/P4RBP/5RK1 b - - 2 29,g8g7 f2f6 d4f5 g1h1,2522,crushing middlegame short
lX7ei,8/p7/8/1p5K/1Pk3pP/6B1/4p3/8 b - - 0 52,c4b4 h5g4 b4c4 g4f3,2522,bishopEndgame crushing endgame short
5fmWB,8/2p5/2K1PkP1/5P2/P1p5/2P5/5b2/4Nb2 b - - 0 52,f2e1 g6g7 f6g7 e6e7 f1g2 c6d7,2523,advancedPawn bishopEndgame crushing defensiveMove endgame long
mXBiX,1r3bk1/2q2p1p/2p3p1/2PpP3/1P6/r1B2RQ1/4R1PP/6K1 b - - 2 30,f8g7 e5e6 c7g3 e6f7 g8f8 e2e8 b8e8 c3g7,2525,advancedPawn advantage kingsideAttack middlegame sacrifice veryLong
Xxnjv,6k1/7p/p4K2/1pp5/8/P1P4P/6P1/8 w - - 0 41,g2g4 a6a5 f6e5 a5a4 e5e4 b5b4 c3b4 c5b4,2526,crushing endgame pawnEndgame quietMove veryLong
ranVq,r1b3k1/1pp2pp1/p6p/5P2/3Br3/q7/P1P3PP/R2Q1R1K b - - 0 21,c7c5 d4g7 g8g7 f5f6 g7g6 d1d8 c8e6 d8a8,2528,advantage attraction middlegame sacrifice veryLong
WcQu9,1n6/4br1k/2p1N2P/p3Np2/Pp6/5P2/2Pr2B1/1K5R b - - 2 33,f7f6 e6g5 h7h8 h6h7 d2d1 h1d1,2529,advancedPawn crushing long middlegame
qqnzc,r1b1r1k1/pp3pp1/3b3p/3P4/2P2p2/1BNQBN2/PP3qPP/R6K b - - 0 18,f4e3 c3d1 c8f5 d1f2 f5d3 f2d3,2529,advantage long master middlegame trappedPiece
NhfEb,3qk2r/4bppp/p2p4/1p1Qp3/P3P3/5N2/1Pr2PPP/R3R1K1 b k - 0 16,c2b2 d5c6 d8d7 c6c3 b2f2 g1f2,2536,crushing long middlegame trappedPiece
dyG6e,r2r2k1/4qpb1/6pp/p2bp3/P7/3PQN1P/4BPP1/R1R3K1 w - - 0 25,c1c5 d5f3 e2f3 e5e4 a1c1 g7d4 e3e4 d4c5 e4e7 c5e7,2536,clearance crushing fork middlegame veryLong
fSe0m,2rqkb1r/5ppp/p2pp3/1ppn4/4Q3/4BN2/PP1N1PPP/4RK2 b k - 1 18,f7f5 e4e6 d5e7 f3g5 h7h6 g5f7 d8d7 f7d6 e8d8 d6f7,2536,advantage exposedKing fork middlegame veryLong
s9woI,8/6p1/5p2/6k1/4P3/5PK1/8/8 w - - 0 57,g3f2 g5f4 f2g2 g7g6 g2f2 g6g5 f2e2 g5g4 f3g4 f4e4 e2f2 e4f4,2538,crushing deflection endgame pawnEndgame quietMove veryLong zugzwang
2A6ac,3k3r/p7/p1PPK3/7p/5pp1/PP6/6BP/8 b - - 2 35,f4f3 c6c7 d8c8 g2f1 h8e8 e6d5,2540,advancedPawn crushing defensiveMove endgame long
30K8l,8/5k2/3b1p2/PKp5/4P3/2B2P1p/1P5P/8 w - - 1 45,b5b6 d6h2 c3e1 h2b8 a5a6 h3h2,2540,advancedPawn bishopEndgame crushing endgame long quietMove
8UeFw,8/7p/3k1pp1/8/p1P2PP1/P5PK/8/8 w - - 1 40,g4g5 f6g5 h3g4 g5f4 g3f4 h7h6,2540,crushing defensiveMove endgame long pawnEndgame
XquDK,7k/p5p1/3N1p2/7n/3P2qN/6Pp/P3rQ1P/5RK1 w - - 2 37,f2f5 g4g3 h2g3 h3h2 g1h1 h5g3,2541,advancedPawn long mate mateIn3 middlegame sacrifice
4Llbo,r7/p5kp/1p1P4/1Pp5/2n1N1P1/8/6P1/5R1K b - - 0 38,a8e8 d6d7 e8d8 e4g5 d8d7 g5e6 g7g6 e6f8,2542,advancedPawn advantage endgame veryLong
dkNea,2bq2k1/Q4p1p/3p2pP/4p3/4P3/2P2Pb1/P1PB2P1/R6K w - - 0 31,a1b1 d8h4 h1g1 h4h2 g1f1 h2h1 f1e2 h1b1 a7c7 b1b5,2542,advantage endgame kingsideAttack skewer veryLong
ITfON,r4rk1/1bq2p1p/p3pPp1/3p2Q1/3n1P2/5N2/PP5P/R1B2RK1 b - - 1 22,c7b6 c1e3 d4f3 f1f3 b6b2 a1d1,2544,advantage long middlegame
UnBhQ,4kn2/5p2/4pQn1/3pP3/1BpP3p/pqP1N2P/5PPK/8 b - - 1 35,a3a2 e3f5 b3b4 c3b4,2549,crushing endgame short
u4VzX,2r1r1k1/5pp1/p1p4P/5P2/P5Q1/6P1/4pqBK/4R3 b - - 0 40,g8f8 h6h7 f8e7 e1e2 f2e2 g4e2,2550,advancedPawn crushing endgame fork long
zFW75,r2q1r1k/1p3n1p/p2p1pp1/5b2/3P3Q/6P1/PP3PBP/R1B1R1K1 w - - 2 19,g2d5 g6g5 h4h5 d8a5 c1g5 f7g5,2551,advantage fork long master middlegame
9edxS,5rk1/5ppp/p2pr1P1/2p1pR2/Pp1qP3/1Q1P4/KP6/5R2 b - - 0 32,h7g6 f5f7 f8f7 b3e6 b4b3 e6b3 d4a4 b3a4,2552,advantage capturingDefender endgame pin veryLong
SGJuE,8/1p6/6p1/2Rb2p1/1R4P1/1r6/1pk4K/8 b - - 7 59,c2d1 c5d5 d1c2 d5c5 b3c3 c5b5 b2b1q b4b1,2555,crushing endgame hangingPiece veryLong
Tjiju,8/1p6/2pp4/p2P1pk1/P1P5/1P4KP/8/8 b - - 0 35,c6d5 h3h4 g5g6 c4d5,2556,crushing endgame intermezzo pawnEndgame short
LoYhj,1b1r4/7k/1pq1p3/p4pp1/2P5/1P3RP1/1B2QP1K/8 b - - 1 41,g5g4 f3f5 e6f5 e2e7 h7g6 e7d8,2558,crushing endgame exposedKing fork long sacrifice
JhQG2,r4rk1/1ppqb1pp/8/3np3/p2n2P1/P1NPBN1P/1PPQ4/2K2R1R w - - 2 18,f3d4 f8f1 h1f1 d5e3 d2e3 e5d4,2563,crushing long middlegame
ZAxAk,8/2Q2kp1/4q1p1/5p2/2P1p2P/6P1/5P2/6K1 b - - 2 61,e6e7 c7e7 f7e7 f2f3 e4e3 g1f1,2565,crushing defensiveMove endgame long queenEndgame
GbhRM,1r4k1/2R2pbp/4q1p1/1r6/1p6/3QB1PP/4PPK1/3R4 b - - 4 31,b4b3 d3b5 b8b5 d1d8 g7f8 e3h6 e6h3 g2h3,2566,clearance crushing middlegame pin sacrifice veryLong
NO1xx,5kr1/1N5p/2P1r1p1/1P2BpP1/4pP2/3pn1KP/2nR4/3R4 b - - 0 43,e3d1 c6c7 f8e7 b7d8 e7d7 d8e6,2573,advancedPawn advantage long middlegame
IDsqy,r5k1/p6p/1p1Nb3/4Qp2/8/Pq6/1P1K1R2/8 b - - 1 38,e6f7 d6f7 b3f7 f2g2,2579,crushing endgame master masterVsMaster short
dlZYI,6k1/p4p1p/1p3Bq1/2b5/5R1Q/1P6/P2r1PrP/5R1K w - - 0 26,h2h3 c5f2 f4f2 g2f2 h4f2 d2f2,2585,advantage long middlegame
gVbMF,rn1b2k1/p1q2pp1/1pp2B1p/5N2/1PP5/P4P2/2B3PP/4R2K b - - 0 32,g7f6 e1e8 g8h7 f5g3 f6f5 c2f5 h7g7 g3h5,2589,discoveredAttack discoveredCheck kingsideAttack mate mateIn4 middlegame veryLong
bRIYG,8/8/7p/6pk/2K5/2P5/1P6/8 w - - 0 49,c4d4 h5h4 d4e3 h4h3 e3f2 h3h2,2592,crushing defensiveMove endgame long master pawnEndgame
KRboL,8/p6p/2k3p1/6P1/P3KP2/8/8/8 b - - 1 57,c6c5 e4e5 a7a5 e5f6 c5b4 f6g7 b4a4 g7h7 a4b5 f4f5,2593,crushing endgame pawnEndgame veryLong
CxcPi,8/5B2/PR6/4kb1P/1P5K/8/3rn3/8 w - - 5 61,f7g6 e5f4 b6f6 e2d4 f6f5 d4f5 g6f5 f4f5,2598,crushing endgame quietMove veryLong
